{
  "resourceType": "ImplementationGuide",
  "id": "ihe.mpd",
  "text": {
    "status": "extensions",
    "div": "<div xmlns=\"http://www.w3.org/1999/xhtml\"><h2>IHE_MPD</h2><p>The official URL for this implementation guide is: </p><pre>http://profiles.ihe.net/PHARM/ihe.pharm.mpd/ImplementationGuide/ihe.mpd</pre><div><p>ImplementationGuide for IHE Pharmacy Medication Prescription and Delivery</p>\n</div></div>"
  },
  "url": "http://profiles.ihe.net/PHARM/ihe.pharm.mpd/ImplementationGuide/ihe.mpd",
  "version": "0.1.0",
  "name": "IHE_MPD",
  "title": "Medication Prescription and Delivery (MPD)",
  "status": "active",
  "date": "2021-10-11T17:48:55+00:00",
  "publisher": "Integrating the Healthcare Enterprise (IHE)",
  "contact": [
    {
      "name": "Integrating the Healthcare Enterprise (IHE)",
      "telecom": [
        {
          "system": "url",
          "value": "http://ihe.net"
        },
        {
          "system": "email",
          "value": "secretary@ihe.net"
        }
      ]
    },
    {
      "name": "Jose Costa Teixeira",
      "telecom": [
        {
          "system": "email",
          "value": "jose.a.teixeira@gmail.com",
          "use": "work"
        }
      ]
    }
  ],
  "description": "ImplementationGuide for IHE Pharmacy Medication Prescription and Delivery",
  "jurisdiction": [
    {
      "coding": [
        {
          "system": "http://unstats.un.org/unsd/methods/m49/m49.htm",
          "code": "001"
        }
      ]
    }
  ],
  "copyright": "IHE http://www.ihe.net/Governance/#Intellectual_Property",
  "packageId": "ihe.pharm.mpd",
  "license": "CC-BY-SA-4.0",
  "fhirVersion": [
    "4.0.1"
  ],
  "definition": {
    "extension": [
      {
        "extension": [
          {
            "url": "code",
            "valueString": "copyrightyear"
          },
          {
            "url": "value",
            "valueString": "2021+"
          }
        ],
        "url": "http://hl7.org/fhir/tools/StructureDefinition/ig-parameter"
      },
      {
        "extension": [
          {
            "url": "code",
            "valueString": "releaselabel"
          },
          {
            "url": "value",
            "valueString": "ci-build"
          }
        ],
        "url": "http://hl7.org/fhir/tools/StructureDefinition/ig-parameter"
      },
      {
        "extension": [
          {
            "url": "code",
            "valueString": "apply-contact"
          },
          {
            "url": "value",
            "valueString": "true"
          }
        ],
        "url": "http://hl7.org/fhir/tools/StructureDefinition/ig-parameter"
      },
      {
        "extension": [
          {
            "url": "code",
            "valueString": "apply-jurisdiction"
          },
          {
            "url": "value",
            "valueString": "true"
          }
        ],
        "url": "http://hl7.org/fhir/tools/StructureDefinition/ig-parameter"
      },
      {
        "extension": [
          {
            "url": "code",
            "valueString": "apply-version"
          },
          {
            "url": "value",
            "valueString": "true"
          }
        ],
        "url": "http://hl7.org/fhir/tools/StructureDefinition/ig-parameter"
      },
      {
        "extension": [
          {
            "url": "code",
            "valueString": "usage-stats-opt-out"
          },
          {
            "url": "value",
            "valueString": "true"
          }
        ],
        "url": "http://hl7.org/fhir/tools/StructureDefinition/ig-parameter"
      },
      {
        "extension": [
          {
            "url": "code",
            "valueString": "autoload-resources"
          },
          {
            "url": "value",
            "valueString": "true"
          }
        ],
        "url": "http://hl7.org/fhir/tools/StructureDefinition/ig-parameter"
      },
      {
        "extension": [
          {
            "url": "code",
            "valueString": "path-liquid"
          },
          {
            "url": "value",
            "valueString": "template/liquid"
          }
        ],
        "url": "http://hl7.org/fhir/tools/StructureDefinition/ig-parameter"
      },
      {
        "extension": [
          {
            "url": "code",
            "valueString": "path-liquid"
          },
          {
            "url": "value",
            "valueString": "input/liquid"
          }
        ],
        "url": "http://hl7.org/fhir/tools/StructureDefinition/ig-parameter"
      },
      {
        "extension": [
          {
            "url": "code",
            "valueString": "path-qa"
          },
          {
            "url": "value",
            "valueString": "temp/qa"
          }
        ],
        "url": "http://hl7.org/fhir/tools/StructureDefinition/ig-parameter"
      },
      {
        "extension": [
          {
            "url": "code",
            "valueString": "path-temp"
          },
          {
            "url": "value",
            "valueString": "temp/pages"
          }
        ],
        "url": "http://hl7.org/fhir/tools/StructureDefinition/ig-parameter"
      },
      {
        "extension": [
          {
            "url": "code",
            "valueString": "path-output"
          },
          {
            "url": "value",
            "valueString": "output"
          }
        ],
        "url": "http://hl7.org/fhir/tools/StructureDefinition/ig-parameter"
      },
      {
        "extension": [
          {
            "url": "code",
            "valueString": "path-suppressed-warnings"
          },
          {
            "url": "value",
            "valueString": "input/ignoreWarnings.txt"
          }
        ],
        "url": "http://hl7.org/fhir/tools/StructureDefinition/ig-parameter"
      },
      {
        "extension": [
          {
            "url": "code",
            "valueString": "path-history"
          },
          {
            "url": "value",
            "valueString": "http://profiles.ihe.net/PHARM/ihe.pharm.mpd/history.html"
          }
        ],
        "url": "http://hl7.org/fhir/tools/StructureDefinition/ig-parameter"
      },
      {
        "extension": [
          {
            "url": "code",
            "valueString": "template-html"
          },
          {
            "url": "value",
            "valueString": "template-page.html"
          }
        ],
        "url": "http://hl7.org/fhir/tools/StructureDefinition/ig-parameter"
      },
      {
        "extension": [
          {
            "url": "code",
            "valueString": "template-md"
          },
          {
            "url": "value",
            "valueString": "template-page-md.html"
          }
        ],
        "url": "http://hl7.org/fhir/tools/StructureDefinition/ig-parameter"
      },
      {
        "extension": [
          {
            "url": "code",
            "valueString": "apply-context"
          },
          {
            "url": "value",
            "valueString": "true"
          }
        ],
        "url": "http://hl7.org/fhir/tools/StructureDefinition/ig-parameter"
      },
      {
        "extension": [
          {
            "url": "code",
            "valueString": "apply-copyright"
          },
          {
            "url": "value",
            "valueString": "true"
          }
        ],
        "url": "http://hl7.org/fhir/tools/StructureDefinition/ig-parameter"
      },
      {
        "extension": [
          {
            "url": "code",
            "valueString": "apply-license"
          },
          {
            "url": "value",
            "valueString": "true"
          }
        ],
        "url": "http://hl7.org/fhir/tools/StructureDefinition/ig-parameter"
      },
      {
        "extension": [
          {
            "url": "code",
            "valueString": "apply-publisher"
          },
          {
            "url": "value",
            "valueString": "true"
          }
        ],
        "url": "http://hl7.org/fhir/tools/StructureDefinition/ig-parameter"
      },
      {
        "extension": [
          {
            "url": "code",
            "valueString": "active-tables"
          },
          {
            "url": "value",
            "valueString": "true"
          }
        ],
        "url": "http://hl7.org/fhir/tools/StructureDefinition/ig-parameter"
      }
    ],
    "resource": [
      {
        "extension": [
          {
            "url": "http://hl7.org/fhir/tools/StructureDefinition/resource-information",
            "valueString": "StructureDefinition:logical"
          }
        ],
        "reference": {
          "reference": "StructureDefinition/MedicationAdministrationHMW"
        },
        "name": "[HMW] Logical Model for administration",
        "description": "[HMW] Logical Model for administration",
        "exampleBoolean": false
      },
      {
        "extension": [
          {
            "url": "http://hl7.org/fhir/tools/StructureDefinition/resource-information",
            "valueString": "StructureDefinition:logical"
          }
        ],
        "reference": {
          "reference": "StructureDefinition/MedicationDispenseHMW"
        },
        "name": "[HMW] Logical Model for dispense",
        "description": "[HMW] Logical Model for dispense",
        "exampleBoolean": false
      },
      {
        "extension": [
          {
            "url": "http://hl7.org/fhir/tools/StructureDefinition/resource-information",
            "valueString": "StructureDefinition:logical"
          }
        ],
        "reference": {
          "reference": "StructureDefinition/MedicationOrderHMW"
        },
        "name": "[HMW] Logical Model for medication order",
        "description": "[HMW] Logical Model for medication order",
        "exampleBoolean": false
      },
      {
        "extension": [
          {
            "url": "http://hl7.org/fhir/tools/StructureDefinition/resource-information",
            "valueString": "StructureDefinition:logical"
          }
        ],
        "reference": {
          "reference": "StructureDefinition/PharmaceuticalAdviceHMW"
        },
        "name": "[HMW] Logical Model for Pharmaceutical Advice",
        "description": "[HMW] Logical Model for Pharmaceutical Advice",
        "exampleBoolean": false
      }
    ],
    "page": {
      "nameUrl": "toc.html",
      "title": "Table of Contents",
      "generation": "html",
      "page": [
        {
          "nameUrl": "index.html",
          "title": "MPD Home",
          "generation": "html"
        },
        {
          "nameUrl": "intro.html",
          "title": "Introduction to Volume 1",
          "generation": "markdown"
        },
        {
          "nameUrl": "interoperabilitymodel.html",
          "title": "Interoperability Model",
          "generation": "markdown"
        },
        {
          "nameUrl": "usecases.html",
          "title": "Use Cases",
          "generation": "markdown"
        },
        {
          "nameUrl": "overview.html",
          "title": "Overview",
          "generation": "markdown"
        },
        {
          "nameUrl": "actors_and_transactions.html",
          "title": "Actors and Transactions",
          "generation": "markdown"
        },
        {
          "nameUrl": "actor_options.html",
          "title": "Actor Options",
          "generation": "markdown"
        },
        {
          "nameUrl": "security_considerations.html",
          "title": "Security Considerations",
          "generation": "markdown"
        },
        {
          "nameUrl": "cross_profile_considerations.html",
          "title": "Cross Profile Considerations",
          "generation": "markdown"
        },
        {
          "nameUrl": "intro_2.html",
          "title": "Introduction to Volume 2",
          "generation": "markdown"
        },
        {
          "nameUrl": "error_codes.html",
          "title": "Error Codes",
          "generation": "markdown"
        },
        {
          "nameUrl": "fhir_maps.html",
          "title": "FHIR Maps",
          "generation": "markdown"
        },
        {
          "nameUrl": "testplan.html",
          "title": "Test Plan",
          "generation": "markdown"
        }
      ]
    },
    "parameter": [
      {
        "code": "path-resource",
        "value": "input/resources"
      },
      {
        "code": "path-resource",
        "value": "fsh-generated/resources"
      },
      {
        "code": "path-resource",
        "value": "input/examples"
      },
      {
        "code": "path-pages",
        "value": "input/pagecontent"
      },
      {
        "code": "path-pages",
        "value": "fsh-generated/includes"
      },
      {
        "code": "path-resource",
        "value": "input/capabilities"
      },
      {
        "code": "path-resource",
        "value": "input/extensions"
      },
      {
        "code": "path-resource",
        "value": "input/models"
      },
      {
        "code": "path-resource",
        "value": "input/operations"
      },
      {
        "code": "path-resource",
        "value": "input/profiles"
      },
      {
        "code": "path-resource",
        "value": "input/vocabulary"
      },
      {
        "code": "path-resource",
        "value": "input/testing"
      },
      {
        "code": "path-resource",
        "value": "input/history"
      },
      {
        "code": "path-pages",
        "value": "template/config"
      },
      {
        "code": "path-pages",
        "value": "input/images"
      },
      {
        "code": "path-tx-cache",
        "value": "input-cache/txcache"
      }
    ]
  }
}