<!-- menu.xml {% comment %}
*****************************************************************************************************
*                                  WARNING: DO NOT EDIT THIS FILE                                   *
*                                                                                                   *
* This file is generated by SUSHI. Any edits you make to this file will be overwritten.             *
*                                                                                                   *
* To change the contents of this file, edit the "menu" attribute in the tank sushi-config.yaml file *
* or provide your own menu.xml in the input/includes folder                                         *
*****************************************************************************************************
{% endcomment %} -->

<ul xmlns="http://www.w3.org/1999/xhtml" class="nav navbar-nav">
  <li>
    <a href="index.html">MPD Home</a>
  </li>
  <li>
    <a href="toc.html">Table of Contents</a>
  </li>
  <li class="dropdown">
    <a data-toggle="dropdown" href="#" class="dropdown-toggle">Volume 1
      <b class="caret"></b>
    </a>
    <ul class="dropdown-menu">
      <li>
        <a href="intro.html">Introduction</a>
      </li>
      <li>
        <a href="overview.html">Overview</a>
      </li>
      <li>
        <a href="actors_and_transactions.html">Actors and Transactions</a>
      </li>
      <li>
        <a href="actor_options.html">Actor Options</a>
      </li>
      <li>
        <a href="security_considerations.html">Security Considerations</a>
      </li>
      <li>
        <a href="cross_profile_considerations.html">Cross Profile Considerations</a>
      </li>
    </ul>
  </li>
  <li class="dropdown">
    <a data-toggle="dropdown" href="#" class="dropdown-toggle">Volume 2
      <b class="caret"></b>
    </a>
    <ul class="dropdown-menu">
      <li>
        <a href="intro_2.html">Introduction</a>
      </li>
    </ul>
  </li>
  <li class="dropdown">
    <a data-toggle="dropdown" href="#" class="dropdown-toggle">Volume 3
      <b class="caret"></b>
    </a>
    <ul class="dropdown-menu">
      <li>
        <a href="error_codes.html">Error Codes</a>
      </li>
      <li>
        <a href="fhir_maps.html">FHIR Maps</a>
      </li>
    </ul>
  </li>
  <li>
    <a href="testplan.html">Test Plan</a>
  </li>
  <li>
    <a href="artifacts.html">Artifacts</a>
  </li>
</ul>