<?xml version="1.0" encoding="UTF-8"?><StructureDefinition xmlns="http://hl7.org/fhir"><id value="MedicationDispenseIHEPWP"/><text><status value="extensions"/><div xmlns="http://www.w3.org/1999/xhtml"><table border="0" cellpadding="0" cellspacing="0" style="border: 0px #F0F0F0 solid; font-size: 11px; font-family: verdana; vertical-align: top;"><tr style="border: 1px #F0F0F0 solid; font-size: 11px; font-family: verdana; vertical-align: top"><th style="vertical-align: top; text-align : left; background-color: white; border: 0px #F0F0F0 solid; padding:0px 4px 0px 4px" class="hierarchy"><a href="http://hl7.org/fhir/R4/formats.html#table" title="The logical name of the element">Name</a></th><th style="vertical-align: top; text-align : left; background-color: white; border: 0px #F0F0F0 solid; padding:0px 4px 0px 4px" class="hierarchy"><a href="http://hl7.org/fhir/R4/formats.html#table" title="Information about the use of the element">Flags</a></th><th style="vertical-align: top; text-align : left; background-color: white; border: 0px #F0F0F0 solid; padding:0px 4px 0px 4px" class="hierarchy"><a href="http://hl7.org/fhir/R4/formats.html#table" title="Minimum and Maximum # of times the the element can appear in the instance">Card.</a></th><th style="width: 100px" class="hierarchy"><a href="http://hl7.org/fhir/R4/formats.html#table" title="Reference to the type of the element">Type</a></th><th style="vertical-align: top; text-align : left; background-color: white; border: 0px #F0F0F0 solid; padding:0px 4px 0px 4px" class="hierarchy"><a href="http://hl7.org/fhir/R4/formats.html#table" title="Additional information about the element">Description &amp; Constraints</a><span style="float: right"><a href="http://hl7.org/fhir/R4/formats.html#table" title="Legend for this format"><img src="http://hl7.org/fhir/R4/help16.png" alt="doco" style="background-color: inherit"/></a></span></th></tr><tr style="border: 0px #F0F0F0 solid; padding:0px; vertical-align: top; background-color: white"><td style="vertical-align: top; text-align : left; background-color: white; border: 0px #F0F0F0 solid; padding:0px 4px 0px 4px; white-space: nowrap; background-image: url(tbl_bck1.png)" class="hierarchy"><img src="tbl_spacer.png" alt="." style="background-color: inherit" class="hierarchy"/><img src="icon_element.gif" alt="." style="background-color: white; background-color: inherit" title="Element" class="hierarchy"/> <a href="StructureDefinition-MedicationDispenseIHEPWP-definitions.html#MedicationDispenseIHEPWP" title="A medication dispense relates to zero or one prescription item of one prescription. There are cases when a medication is dispensed before the prescription is created. Medications dispensed outside the context of any prescription are considered as self-prescribed by the professional who dispenses. Thus they are still attached to a pseudo-prescription. A medication dispense is issued by one pharmacy staff. It is related to zero (community use case) or one (hospital use case) encounter of care.">MedicationDispenseIHEPWP</a><a name="MedicationDispenseIHEPWP"> </a></td><td style="vertical-align: top; text-align : left; background-color: white; border: 0px #F0F0F0 solid; padding:0px 4px 0px 4px" class="hierarchy"/><td style="vertical-align: top; text-align : left; background-color: white; border: 0px #F0F0F0 solid; padding:0px 4px 0px 4px" class="hierarchy"><span style="opacity: 0.5">0</span><span style="opacity: 0.5">..</span><span style="opacity: 0.5">*</span></td><td style="vertical-align: top; text-align : left; background-color: white; border: 0px #F0F0F0 solid; padding:0px 4px 0px 4px" class="hierarchy"/><td style="vertical-align: top; text-align : left; background-color: white; border: 0px #F0F0F0 solid; padding:0px 4px 0px 4px" class="hierarchy">[IHE PHARM White Paper] Logical Model for medication dispense</td></tr>
<tr style="border: 0px #F0F0F0 solid; padding:0px; vertical-align: top; background-color: #F7F7F7"><td style="vertical-align: top; text-align : left; background-color: #F7F7F7; border: 0px #F0F0F0 solid; padding:0px 4px 0px 4px; white-space: nowrap; background-image: url(tbl_bck10.png)" class="hierarchy"><img src="tbl_spacer.png" alt="." style="background-color: inherit" class="hierarchy"/><img src="tbl_vjoin.png" alt="." style="background-color: inherit" class="hierarchy"/><img src="icon_datatype.gif" alt="." style="background-color: #F7F7F7; background-color: inherit" title="Data Type" class="hierarchy"/> <a href="StructureDefinition-MedicationDispenseIHEPWP-definitions.html#MedicationDispenseIHEPWP.dispenseID" title="Pharmaceutical advice ID">dispenseID</a><a name="MedicationDispenseIHEPWP.dispenseID"> </a></td><td style="vertical-align: top; text-align : left; background-color: #F7F7F7; border: 0px #F0F0F0 solid; padding:0px 4px 0px 4px" class="hierarchy"/><td style="vertical-align: top; text-align : left; background-color: #F7F7F7; border: 0px #F0F0F0 solid; padding:0px 4px 0px 4px" class="hierarchy">0..1</td><td style="vertical-align: top; text-align : left; background-color: #F7F7F7; border: 0px #F0F0F0 solid; padding:0px 4px 0px 4px" class="hierarchy"><a href="http://hl7.org/fhir/R4/datatypes.html#Identifier">Identifier</a></td><td style="vertical-align: top; text-align : left; background-color: #F7F7F7; border: 0px #F0F0F0 solid; padding:0px 4px 0px 4px" class="hierarchy">Pharmaceutical advice ID</td></tr>
<tr style="border: 0px #F0F0F0 solid; padding:0px; vertical-align: top; background-color: white"><td style="vertical-align: top; text-align : left; background-color: white; border: 0px #F0F0F0 solid; padding:0px 4px 0px 4px; white-space: nowrap; background-image: url(tbl_bck10.png)" class="hierarchy"><img src="tbl_spacer.png" alt="." style="background-color: inherit" class="hierarchy"/><img src="tbl_vjoin.png" alt="." style="background-color: inherit" class="hierarchy"/><img src="icon_primitive.png" alt="." style="background-color: white; background-color: inherit" title="Primitive Data Type" class="hierarchy"/> <a href="StructureDefinition-MedicationDispenseIHEPWP-definitions.html#MedicationDispenseIHEPWP.refillnumber" title="refill number">refillnumber</a><a name="MedicationDispenseIHEPWP.refillnumber"> </a></td><td style="vertical-align: top; text-align : left; background-color: white; border: 0px #F0F0F0 solid; padding:0px 4px 0px 4px" class="hierarchy"/><td style="vertical-align: top; text-align : left; background-color: white; border: 0px #F0F0F0 solid; padding:0px 4px 0px 4px" class="hierarchy">0..1</td><td style="vertical-align: top; text-align : left; background-color: white; border: 0px #F0F0F0 solid; padding:0px 4px 0px 4px" class="hierarchy"><a href="http://hl7.org/fhir/R4/datatypes.html#string">string</a></td><td style="vertical-align: top; text-align : left; background-color: white; border: 0px #F0F0F0 solid; padding:0px 4px 0px 4px" class="hierarchy">refill number</td></tr>
<tr style="border: 0px #F0F0F0 solid; padding:0px; vertical-align: top; background-color: #F7F7F7"><td style="vertical-align: top; text-align : left; background-color: #F7F7F7; border: 0px #F0F0F0 solid; padding:0px 4px 0px 4px; white-space: nowrap; background-image: url(tbl_bck10.png)" class="hierarchy"><img src="tbl_spacer.png" alt="." style="background-color: inherit" class="hierarchy"/><img src="tbl_vjoin.png" alt="." style="background-color: inherit" class="hierarchy"/><img src="icon_primitive.png" alt="." style="background-color: #F7F7F7; background-color: inherit" title="Primitive Data Type" class="hierarchy"/> <a href="StructureDefinition-MedicationDispenseIHEPWP-definitions.html#MedicationDispenseIHEPWP.date" title="Date/Time of dispense">date</a><a name="MedicationDispenseIHEPWP.date"> </a></td><td style="vertical-align: top; text-align : left; background-color: #F7F7F7; border: 0px #F0F0F0 solid; padding:0px 4px 0px 4px" class="hierarchy"/><td style="vertical-align: top; text-align : left; background-color: #F7F7F7; border: 0px #F0F0F0 solid; padding:0px 4px 0px 4px" class="hierarchy">0..1</td><td style="vertical-align: top; text-align : left; background-color: #F7F7F7; border: 0px #F0F0F0 solid; padding:0px 4px 0px 4px" class="hierarchy"><a href="http://hl7.org/fhir/R4/datatypes.html#dateTime">dateTime</a></td><td style="vertical-align: top; text-align : left; background-color: #F7F7F7; border: 0px #F0F0F0 solid; padding:0px 4px 0px 4px" class="hierarchy">Date/Time of dispense</td></tr>
<tr style="border: 0px #F0F0F0 solid; padding:0px; vertical-align: top; background-color: white"><td style="vertical-align: top; text-align : left; background-color: white; border: 0px #F0F0F0 solid; padding:0px 4px 0px 4px; white-space: nowrap; background-image: url(tbl_bck10.png)" class="hierarchy"><img src="tbl_spacer.png" alt="." style="background-color: inherit" class="hierarchy"/><img src="tbl_vjoin.png" alt="." style="background-color: inherit" class="hierarchy"/><img src="icon_primitive.png" alt="." style="background-color: white; background-color: inherit" title="Primitive Data Type" class="hierarchy"/> <a href="StructureDefinition-MedicationDispenseIHEPWP-definitions.html#MedicationDispenseIHEPWP.location">location</a><a name="MedicationDispenseIHEPWP.location"> </a></td><td style="vertical-align: top; text-align : left; background-color: white; border: 0px #F0F0F0 solid; padding:0px 4px 0px 4px" class="hierarchy"/><td style="vertical-align: top; text-align : left; background-color: white; border: 0px #F0F0F0 solid; padding:0px 4px 0px 4px" class="hierarchy">0..1</td><td style="vertical-align: top; text-align : left; background-color: white; border: 0px #F0F0F0 solid; padding:0px 4px 0px 4px" class="hierarchy"><a href="http://hl7.org/fhir/R4/datatypes.html#string">string</a></td><td style="vertical-align: top; text-align : left; background-color: white; border: 0px #F0F0F0 solid; padding:0px 4px 0px 4px" class="hierarchy"/></tr>
<tr style="border: 0px #F0F0F0 solid; padding:0px; vertical-align: top; background-color: #F7F7F7"><td style="vertical-align: top; text-align : left; background-color: #F7F7F7; border: 0px #F0F0F0 solid; padding:0px 4px 0px 4px; white-space: nowrap; background-image: url(tbl_bck10.png)" class="hierarchy"><img src="tbl_spacer.png" alt="." style="background-color: inherit" class="hierarchy"/><img src="tbl_vjoin.png" alt="." style="background-color: inherit" class="hierarchy"/><img src="icon_reference.png" alt="." style="background-color: #F7F7F7; background-color: inherit" title="Reference to another Resource" class="hierarchy"/> <a href="StructureDefinition-MedicationDispenseIHEPWP-definitions.html#MedicationDispenseIHEPWP.patient" title="The person for which the medication is prescribed.">patient</a><a name="MedicationDispenseIHEPWP.patient"> </a></td><td style="vertical-align: top; text-align : left; background-color: #F7F7F7; border: 0px #F0F0F0 solid; padding:0px 4px 0px 4px" class="hierarchy"/><td style="vertical-align: top; text-align : left; background-color: #F7F7F7; border: 0px #F0F0F0 solid; padding:0px 4px 0px 4px" class="hierarchy">1..1</td><td style="vertical-align: top; text-align : left; background-color: #F7F7F7; border: 0px #F0F0F0 solid; padding:0px 4px 0px 4px" class="hierarchy"><a href="http://hl7.org/fhir/R4/references.html">Reference</a>(<a href="http://hl7.org/fhir/R4/patient.html">Patient</a>)</td><td style="vertical-align: top; text-align : left; background-color: #F7F7F7; border: 0px #F0F0F0 solid; padding:0px 4px 0px 4px" class="hierarchy">The person for which the medication is prescribed.</td></tr>
<tr style="border: 0px #F0F0F0 solid; padding:0px; vertical-align: top; background-color: white"><td style="vertical-align: top; text-align : left; background-color: white; border: 0px #F0F0F0 solid; padding:0px 4px 0px 4px; white-space: nowrap; background-image: url(tbl_bck10.png)" class="hierarchy"><img src="tbl_spacer.png" alt="." style="background-color: inherit" class="hierarchy"/><img src="tbl_vjoin.png" alt="." style="background-color: inherit" class="hierarchy"/><img src="icon_primitive.png" alt="." style="background-color: white; background-color: inherit" title="Primitive Data Type" class="hierarchy"/> <a href="StructureDefinition-MedicationDispenseIHEPWP-definitions.html#MedicationDispenseIHEPWP.expectedQuantity" title="Expected quantity (number of packs/number of units)">expectedQuantity</a><a name="MedicationDispenseIHEPWP.expectedQuantity"> </a></td><td style="vertical-align: top; text-align : left; background-color: white; border: 0px #F0F0F0 solid; padding:0px 4px 0px 4px" class="hierarchy"/><td style="vertical-align: top; text-align : left; background-color: white; border: 0px #F0F0F0 solid; padding:0px 4px 0px 4px" class="hierarchy">0..1</td><td style="vertical-align: top; text-align : left; background-color: white; border: 0px #F0F0F0 solid; padding:0px 4px 0px 4px" class="hierarchy"><a href="http://hl7.org/fhir/R4/datatypes.html#integer">integer</a></td><td style="vertical-align: top; text-align : left; background-color: white; border: 0px #F0F0F0 solid; padding:0px 4px 0px 4px" class="hierarchy">Expected quantity (number of packs/number of units)</td></tr>
<tr style="border: 0px #F0F0F0 solid; padding:0px; vertical-align: top; background-color: #F7F7F7"><td style="vertical-align: top; text-align : left; background-color: #F7F7F7; border: 0px #F0F0F0 solid; padding:0px 4px 0px 4px; white-space: nowrap; background-image: url(tbl_bck10.png)" class="hierarchy"><img src="tbl_spacer.png" alt="." style="background-color: inherit" class="hierarchy"/><img src="tbl_vjoin.png" alt="." style="background-color: inherit" class="hierarchy"/><img src="icon_primitive.png" alt="." style="background-color: #F7F7F7; background-color: inherit" title="Primitive Data Type" class="hierarchy"/> <a href="StructureDefinition-MedicationDispenseIHEPWP-definitions.html#MedicationDispenseIHEPWP.quantityDelivered" title="Quantity delivered (number of packs/number of units)">quantityDelivered</a><a name="MedicationDispenseIHEPWP.quantityDelivered"> </a></td><td style="vertical-align: top; text-align : left; background-color: #F7F7F7; border: 0px #F0F0F0 solid; padding:0px 4px 0px 4px" class="hierarchy"/><td style="vertical-align: top; text-align : left; background-color: #F7F7F7; border: 0px #F0F0F0 solid; padding:0px 4px 0px 4px" class="hierarchy">0..1</td><td style="vertical-align: top; text-align : left; background-color: #F7F7F7; border: 0px #F0F0F0 solid; padding:0px 4px 0px 4px" class="hierarchy"><a href="http://hl7.org/fhir/R4/datatypes.html#integer">integer</a></td><td style="vertical-align: top; text-align : left; background-color: #F7F7F7; border: 0px #F0F0F0 solid; padding:0px 4px 0px 4px" class="hierarchy">Quantity delivered (number of packs/number of units)</td></tr>
<tr style="border: 0px #F0F0F0 solid; padding:0px; vertical-align: top; background-color: white"><td style="vertical-align: top; text-align : left; background-color: white; border: 0px #F0F0F0 solid; padding:0px 4px 0px 4px; white-space: nowrap; background-image: url(tbl_bck10.png)" class="hierarchy"><img src="tbl_spacer.png" alt="." style="background-color: inherit" class="hierarchy"/><img src="tbl_vjoin.png" alt="." style="background-color: inherit" class="hierarchy"/><img src="icon_datatype.gif" alt="." style="background-color: white; background-color: inherit" title="Data Type" class="hierarchy"/> <a href="StructureDefinition-MedicationDispenseIHEPWP-definitions.html#MedicationDispenseIHEPWP.dispensingperiod" title="Dispensing period (period for which the medication is dispensed)">dispensingperiod</a><a name="MedicationDispenseIHEPWP.dispensingperiod"> </a></td><td style="vertical-align: top; text-align : left; background-color: white; border: 0px #F0F0F0 solid; padding:0px 4px 0px 4px" class="hierarchy"/><td style="vertical-align: top; text-align : left; background-color: white; border: 0px #F0F0F0 solid; padding:0px 4px 0px 4px" class="hierarchy">0..1</td><td style="vertical-align: top; text-align : left; background-color: white; border: 0px #F0F0F0 solid; padding:0px 4px 0px 4px" class="hierarchy"><a href="http://hl7.org/fhir/R4/datatypes.html#Period">Period</a></td><td style="vertical-align: top; text-align : left; background-color: white; border: 0px #F0F0F0 solid; padding:0px 4px 0px 4px" class="hierarchy">Dispensing period (period for which the medication is dispensed)</td></tr>
<tr style="border: 0px #F0F0F0 solid; padding:0px; vertical-align: top; background-color: #F7F7F7"><td style="vertical-align: top; text-align : left; background-color: #F7F7F7; border: 0px #F0F0F0 solid; padding:0px 4px 0px 4px; white-space: nowrap; background-image: url(tbl_bck10.png)" class="hierarchy"><img src="tbl_spacer.png" alt="." style="background-color: inherit" class="hierarchy"/><img src="tbl_vjoin.png" alt="." style="background-color: inherit" class="hierarchy"/><img src="icon_primitive.png" alt="." style="background-color: #F7F7F7; background-color: inherit" title="Primitive Data Type" class="hierarchy"/> <a href="StructureDefinition-MedicationDispenseIHEPWP-definitions.html#MedicationDispenseIHEPWP.dispensingPresentation" title="Dispensing presentation: blister, box, single dose unit">dispensingPresentation</a><a name="MedicationDispenseIHEPWP.dispensingPresentation"> </a></td><td style="vertical-align: top; text-align : left; background-color: #F7F7F7; border: 0px #F0F0F0 solid; padding:0px 4px 0px 4px" class="hierarchy"/><td style="vertical-align: top; text-align : left; background-color: #F7F7F7; border: 0px #F0F0F0 solid; padding:0px 4px 0px 4px" class="hierarchy">0..1</td><td style="vertical-align: top; text-align : left; background-color: #F7F7F7; border: 0px #F0F0F0 solid; padding:0px 4px 0px 4px" class="hierarchy"><a href="http://hl7.org/fhir/R4/datatypes.html#string">string</a></td><td style="vertical-align: top; text-align : left; background-color: #F7F7F7; border: 0px #F0F0F0 solid; padding:0px 4px 0px 4px" class="hierarchy">Dispensing presentation: blister, box, single dose unit</td></tr>
<tr style="border: 0px #F0F0F0 solid; padding:0px; vertical-align: top; background-color: white"><td style="vertical-align: top; text-align : left; background-color: white; border: 0px #F0F0F0 solid; padding:0px 4px 0px 4px; white-space: nowrap; background-image: url(tbl_bck10.png)" class="hierarchy"><img src="tbl_spacer.png" alt="." style="background-color: inherit" class="hierarchy"/><img src="tbl_vjoin.png" alt="." style="background-color: inherit" class="hierarchy"/><img src="icon_primitive.png" alt="." style="background-color: white; background-color: inherit" title="Primitive Data Type" class="hierarchy"/> <a href="StructureDefinition-MedicationDispenseIHEPWP-definitions.html#MedicationDispenseIHEPWP.deliveryMode" title=" Delivery mode : bulk, nominative (per patient)">deliveryMode</a><a name="MedicationDispenseIHEPWP.deliveryMode"> </a></td><td style="vertical-align: top; text-align : left; background-color: white; border: 0px #F0F0F0 solid; padding:0px 4px 0px 4px" class="hierarchy"/><td style="vertical-align: top; text-align : left; background-color: white; border: 0px #F0F0F0 solid; padding:0px 4px 0px 4px" class="hierarchy">0..1</td><td style="vertical-align: top; text-align : left; background-color: white; border: 0px #F0F0F0 solid; padding:0px 4px 0px 4px" class="hierarchy"><a href="http://hl7.org/fhir/R4/datatypes.html#string">string</a></td><td style="vertical-align: top; text-align : left; background-color: white; border: 0px #F0F0F0 solid; padding:0px 4px 0px 4px" class="hierarchy">Delivery mode : bulk, nominative (per patient)</td></tr>
<tr style="border: 0px #F0F0F0 solid; padding:0px; vertical-align: top; background-color: #F7F7F7"><td style="vertical-align: top; text-align : left; background-color: #F7F7F7; border: 0px #F0F0F0 solid; padding:0px 4px 0px 4px; white-space: nowrap; background-image: url(tbl_bck10.png)" class="hierarchy"><img src="tbl_spacer.png" alt="." style="background-color: inherit" class="hierarchy"/><img src="tbl_vjoin.png" alt="." style="background-color: inherit" class="hierarchy"/><img src="icon_primitive.png" alt="." style="background-color: #F7F7F7; background-color: inherit" title="Primitive Data Type" class="hierarchy"/> <a href="StructureDefinition-MedicationDispenseIHEPWP-definitions.html#MedicationDispenseIHEPWP.batchNumber">batchNumber</a><a name="MedicationDispenseIHEPWP.batchNumber"> </a></td><td style="vertical-align: top; text-align : left; background-color: #F7F7F7; border: 0px #F0F0F0 solid; padding:0px 4px 0px 4px" class="hierarchy"/><td style="vertical-align: top; text-align : left; background-color: #F7F7F7; border: 0px #F0F0F0 solid; padding:0px 4px 0px 4px" class="hierarchy">0..1</td><td style="vertical-align: top; text-align : left; background-color: #F7F7F7; border: 0px #F0F0F0 solid; padding:0px 4px 0px 4px" class="hierarchy"><a href="http://hl7.org/fhir/R4/datatypes.html#string">string</a></td><td style="vertical-align: top; text-align : left; background-color: #F7F7F7; border: 0px #F0F0F0 solid; padding:0px 4px 0px 4px" class="hierarchy"/></tr>
<tr style="border: 0px #F0F0F0 solid; padding:0px; vertical-align: top; background-color: white"><td style="vertical-align: top; text-align : left; background-color: white; border: 0px #F0F0F0 solid; padding:0px 4px 0px 4px; white-space: nowrap; background-image: url(tbl_bck10.png)" class="hierarchy"><img src="tbl_spacer.png" alt="." style="background-color: inherit" class="hierarchy"/><img src="tbl_vjoin.png" alt="." style="background-color: inherit" class="hierarchy"/><img src="icon_primitive.png" alt="." style="background-color: white; background-color: inherit" title="Primitive Data Type" class="hierarchy"/> <a href="StructureDefinition-MedicationDispenseIHEPWP-definitions.html#MedicationDispenseIHEPWP.expirationDate">expirationDate</a><a name="MedicationDispenseIHEPWP.expirationDate"> </a></td><td style="vertical-align: top; text-align : left; background-color: white; border: 0px #F0F0F0 solid; padding:0px 4px 0px 4px" class="hierarchy"/><td style="vertical-align: top; text-align : left; background-color: white; border: 0px #F0F0F0 solid; padding:0px 4px 0px 4px" class="hierarchy">0..1</td><td style="vertical-align: top; text-align : left; background-color: white; border: 0px #F0F0F0 solid; padding:0px 4px 0px 4px" class="hierarchy"><a href="http://hl7.org/fhir/R4/datatypes.html#string">string</a></td><td style="vertical-align: top; text-align : left; background-color: white; border: 0px #F0F0F0 solid; padding:0px 4px 0px 4px" class="hierarchy"/></tr>
<tr style="border: 0px #F0F0F0 solid; padding:0px; vertical-align: top; background-color: #F7F7F7"><td style="vertical-align: top; text-align : left; background-color: #F7F7F7; border: 0px #F0F0F0 solid; padding:0px 4px 0px 4px; white-space: nowrap; background-image: url(tbl_bck10.png)" class="hierarchy"><img src="tbl_spacer.png" alt="." style="background-color: inherit" class="hierarchy"/><img src="tbl_vjoin.png" alt="." style="background-color: inherit" class="hierarchy"/><img src="icon_primitive.png" alt="." style="background-color: #F7F7F7; background-color: inherit" title="Primitive Data Type" class="hierarchy"/> <a href="StructureDefinition-MedicationDispenseIHEPWP-definitions.html#MedicationDispenseIHEPWP.pharmaceuticalInstructions">pharmaceuticalInstructions</a><a name="MedicationDispenseIHEPWP.pharmaceuticalInstructions"> </a></td><td style="vertical-align: top; text-align : left; background-color: #F7F7F7; border: 0px #F0F0F0 solid; padding:0px 4px 0px 4px" class="hierarchy"/><td style="vertical-align: top; text-align : left; background-color: #F7F7F7; border: 0px #F0F0F0 solid; padding:0px 4px 0px 4px" class="hierarchy">0..1</td><td style="vertical-align: top; text-align : left; background-color: #F7F7F7; border: 0px #F0F0F0 solid; padding:0px 4px 0px 4px" class="hierarchy"><a href="http://hl7.org/fhir/R4/datatypes.html#string">string</a></td><td style="vertical-align: top; text-align : left; background-color: #F7F7F7; border: 0px #F0F0F0 solid; padding:0px 4px 0px 4px" class="hierarchy"/></tr>
<tr style="border: 0px #F0F0F0 solid; padding:0px; vertical-align: top; background-color: white"><td style="vertical-align: top; text-align : left; background-color: white; border: 0px #F0F0F0 solid; padding:0px 4px 0px 4px; white-space: nowrap; background-image: url(tbl_bck10.png)" class="hierarchy"><img src="tbl_spacer.png" alt="." style="background-color: inherit" class="hierarchy"/><img src="tbl_vjoin.png" alt="." style="background-color: inherit" class="hierarchy"/><img src="icon_primitive.png" alt="." style="background-color: white; background-color: inherit" title="Primitive Data Type" class="hierarchy"/> <a href="StructureDefinition-MedicationDispenseIHEPWP-definitions.html#MedicationDispenseIHEPWP.pricepaidbypatient">pricepaidbypatient</a><a name="MedicationDispenseIHEPWP.pricepaidbypatient"> </a></td><td style="vertical-align: top; text-align : left; background-color: white; border: 0px #F0F0F0 solid; padding:0px 4px 0px 4px" class="hierarchy"/><td style="vertical-align: top; text-align : left; background-color: white; border: 0px #F0F0F0 solid; padding:0px 4px 0px 4px" class="hierarchy">0..1</td><td style="vertical-align: top; text-align : left; background-color: white; border: 0px #F0F0F0 solid; padding:0px 4px 0px 4px" class="hierarchy"><a href="http://hl7.org/fhir/R4/datatypes.html#string">string</a></td><td style="vertical-align: top; text-align : left; background-color: white; border: 0px #F0F0F0 solid; padding:0px 4px 0px 4px" class="hierarchy"/></tr>
<tr style="border: 0px #F0F0F0 solid; padding:0px; vertical-align: top; background-color: #F7F7F7"><td style="vertical-align: top; text-align : left; background-color: #F7F7F7; border: 0px #F0F0F0 solid; padding:0px 4px 0px 4px; white-space: nowrap; background-image: url(tbl_bck00.png)" class="hierarchy"><img src="tbl_spacer.png" alt="." style="background-color: inherit" class="hierarchy"/><img src="tbl_vjoin_end.png" alt="." style="background-color: inherit" class="hierarchy"/><img src="icon_primitive.png" alt="." style="background-color: #F7F7F7; background-color: inherit" title="Primitive Data Type" class="hierarchy"/> <a href="StructureDefinition-MedicationDispenseIHEPWP-definitions.html#MedicationDispenseIHEPWP.pharmacist">pharmacist</a><a name="MedicationDispenseIHEPWP.pharmacist"> </a></td><td style="vertical-align: top; text-align : left; background-color: #F7F7F7; border: 0px #F0F0F0 solid; padding:0px 4px 0px 4px" class="hierarchy"/><td style="vertical-align: top; text-align : left; background-color: #F7F7F7; border: 0px #F0F0F0 solid; padding:0px 4px 0px 4px" class="hierarchy">0..1</td><td style="vertical-align: top; text-align : left; background-color: #F7F7F7; border: 0px #F0F0F0 solid; padding:0px 4px 0px 4px" class="hierarchy"><a href="http://hl7.org/fhir/R4/datatypes.html#string">string</a></td><td style="vertical-align: top; text-align : left; background-color: #F7F7F7; border: 0px #F0F0F0 solid; padding:0px 4px 0px 4px" class="hierarchy"/></tr>
<tr><td colspan="5" class="hierarchy"><br/><a href="http://hl7.org/fhir/R4/formats.html#table" title="Legend for this format"><img src="http://hl7.org/fhir/R4/help16.png" alt="doco" style="background-color: inherit"/> Documentation for this format</a></td></tr></table></div></text><url value="http://profiles.ihe.net/PHARM/ihe.pharm.mpd/StructureDefinition/MedicationDispenseIHEPWP"/><version value="0.1.0"/><name value="MedicationDispenseIHEPWP"/><title value="[IHE PHARM White Paper] Logical Model for medication dispense"/><status value="active"/><date value="2021-11-26T09:17:10+00:00"/><publisher value="Integrating the Healthcare Enterprise (IHE)"/><contact><name value="Integrating the Healthcare Enterprise (IHE)"/><telecom><system value="url"/><value value="http://ihe.net"/></telecom><telecom><system value="email"/><value value="secretary@ihe.net"/></telecom></contact><contact><name value="Jose Costa Teixeira"/><telecom><system value="email"/><value value="jose.a.teixeira@gmail.com"/><use value="work"/></telecom></contact><description value="A medication dispense relates to zero or one prescription item of one prescription. There are cases when a medication is dispensed before the prescription is created. Medications dispensed outside the context of any prescription are considered as self-prescribed by the professional who dispenses. Thus they are still attached to a pseudo-prescription. A medication dispense is issued by one pharmacy staff. It is related to zero (community use case) or one (hospital use case) encounter of care."/><jurisdiction><coding><system value="http://unstats.un.org/unsd/methods/m49/m49.htm"/><code value="001"/></coding></jurisdiction><copyright value="IHE http://www.ihe.net/Governance/#Intellectual_Property"/><fhirVersion value="4.0.1"/><mapping><identity value="rim"/><uri value="http://hl7.org/v3"/><name value="RIM Mapping"/></mapping><kind value="logical"/><abstract value="false"/><type value="http://profiles.ihe.net/PHARM/ihe.pharm.mpd/StructureDefinition/MedicationDispenseIHEPWP"/><baseDefinition value="http://hl7.org/fhir/StructureDefinition/Base"/><derivation value="specialization"/><snapshot><element id="MedicationDispenseIHEPWP"><path value="MedicationDispenseIHEPWP"/><short value="[IHE PHARM White Paper] Logical Model for medication dispense"/><definition value="A medication dispense relates to zero or one prescription item of one prescription. There are cases when a medication is dispensed before the prescription is created. Medications dispensed outside the context of any prescription are considered as self-prescribed by the professional who dispenses. Thus they are still attached to a pseudo-prescription. A medication dispense is issued by one pharmacy staff. It is related to zero (community use case) or one (hospital use case) encounter of care."/><min value="0"/><max value="*"/><base><path value="Base"/><min value="0"/><max value="*"/></base><isModifier value="false"/></element><element id="MedicationDispenseIHEPWP.dispenseID"><path value="MedicationDispenseIHEPWP.dispenseID"/><short value="Pharmaceutical advice ID"/><definition value="Pharmaceutical advice ID"/><min value="0"/><max value="1"/><base><path value="MedicationDispenseIHEPWP.dispenseID"/><min value="0"/><max value="1"/></base><type><code value="Identifier"/></type></element><element id="MedicationDispenseIHEPWP.refillnumber"><path value="MedicationDispenseIHEPWP.refillnumber"/><short value="refill number"/><definition value="refill number"/><min value="0"/><max value="1"/><base><path value="MedicationDispenseIHEPWP.refillnumber"/><min value="0"/><max value="1"/></base><type><code value="string"/></type></element><element id="MedicationDispenseIHEPWP.date"><path value="MedicationDispenseIHEPWP.date"/><short value="Date/Time of dispense"/><definition value="Date/Time of dispense"/><min value="0"/><max value="1"/><base><path value="MedicationDispenseIHEPWP.date"/><min value="0"/><max value="1"/></base><type><code value="dateTime"/></type></element><element id="MedicationDispenseIHEPWP.location"><path value="MedicationDispenseIHEPWP.location"/><min value="0"/><max value="1"/><base><path value="MedicationDispenseIHEPWP.location"/><min value="0"/><max value="1"/></base><type><code value="string"/></type></element><element id="MedicationDispenseIHEPWP.patient"><path value="MedicationDispenseIHEPWP.patient"/><short value="The person for which the medication is prescribed."/><definition value="The person for which the medication is prescribed."/><min value="1"/><max value="1"/><base><path value="MedicationDispenseIHEPWP.patient"/><min value="1"/><max value="1"/></base><type><code value="Reference"/><targetProfile value="http://hl7.org/fhir/StructureDefinition/Patient"/></type></element><element id="MedicationDispenseIHEPWP.expectedQuantity"><path value="MedicationDispenseIHEPWP.expectedQuantity"/><short value="Expected quantity (number of packs/number of units)"/><definition value="Expected quantity (number of packs/number of units)"/><min value="0"/><max value="1"/><base><path value="MedicationDispenseIHEPWP.expectedQuantity"/><min value="0"/><max value="1"/></base><type><code value="integer"/></type></element><element id="MedicationDispenseIHEPWP.quantityDelivered"><path value="MedicationDispenseIHEPWP.quantityDelivered"/><short value="Quantity delivered (number of packs/number of units)"/><definition value="Quantity delivered (number of packs/number of units)"/><min value="0"/><max value="1"/><base><path value="MedicationDispenseIHEPWP.quantityDelivered"/><min value="0"/><max value="1"/></base><type><code value="integer"/></type></element><element id="MedicationDispenseIHEPWP.dispensingperiod"><path value="MedicationDispenseIHEPWP.dispensingperiod"/><short value="Dispensing period (period for which the medication is dispensed)"/><definition value="Dispensing period (period for which the medication is dispensed)"/><min value="0"/><max value="1"/><base><path value="MedicationDispenseIHEPWP.dispensingperiod"/><min value="0"/><max value="1"/></base><type><code value="Period"/></type></element><element id="MedicationDispenseIHEPWP.dispensingPresentation"><path value="MedicationDispenseIHEPWP.dispensingPresentation"/><short value="Dispensing presentation: blister, box, single dose unit"/><definition value="Dispensing presentation: blister, box, single dose unit"/><min value="0"/><max value="1"/><base><path value="MedicationDispenseIHEPWP.dispensingPresentation"/><min value="0"/><max value="1"/></base><type><code value="string"/></type></element><element id="MedicationDispenseIHEPWP.deliveryMode"><path value="MedicationDispenseIHEPWP.deliveryMode"/><short value="Delivery mode : bulk, nominative (per patient)"/><definition value=" Delivery mode : bulk, nominative (per patient)"/><min value="0"/><max value="1"/><base><path value="MedicationDispenseIHEPWP.deliveryMode"/><min value="0"/><max value="1"/></base><type><code value="string"/></type></element><element id="MedicationDispenseIHEPWP.batchNumber"><path value="MedicationDispenseIHEPWP.batchNumber"/><min value="0"/><max value="1"/><base><path value="MedicationDispenseIHEPWP.batchNumber"/><min value="0"/><max value="1"/></base><type><code value="string"/></type></element><element id="MedicationDispenseIHEPWP.expirationDate"><path value="MedicationDispenseIHEPWP.expirationDate"/><min value="0"/><max value="1"/><base><path value="MedicationDispenseIHEPWP.expirationDate"/><min value="0"/><max value="1"/></base><type><code value="string"/></type></element><element id="MedicationDispenseIHEPWP.pharmaceuticalInstructions"><path value="MedicationDispenseIHEPWP.pharmaceuticalInstructions"/><min value="0"/><max value="1"/><base><path value="MedicationDispenseIHEPWP.pharmaceuticalInstructions"/><min value="0"/><max value="1"/></base><type><code value="string"/></type></element><element id="MedicationDispenseIHEPWP.pricepaidbypatient"><path value="MedicationDispenseIHEPWP.pricepaidbypatient"/><min value="0"/><max value="1"/><base><path value="MedicationDispenseIHEPWP.pricepaidbypatient"/><min value="0"/><max value="1"/></base><type><code value="string"/></type></element><element id="MedicationDispenseIHEPWP.pharmacist"><path value="MedicationDispenseIHEPWP.pharmacist"/><min value="0"/><max value="1"/><base><path value="MedicationDispenseIHEPWP.pharmacist"/><min value="0"/><max value="1"/></base><type><code value="string"/></type></element></snapshot><differential><element id="MedicationDispenseIHEPWP"><path value="MedicationDispenseIHEPWP"/><short value="[IHE PHARM White Paper] Logical Model for medication dispense"/><definition value="A medication dispense relates to zero or one prescription item of one prescription. There are cases when a medication is dispensed before the prescription is created. Medications dispensed outside the context of any prescription are considered as self-prescribed by the professional who dispenses. Thus they are still attached to a pseudo-prescription. A medication dispense is issued by one pharmacy staff. It is related to zero (community use case) or one (hospital use case) encounter of care."/></element><element id="MedicationDispenseIHEPWP.dispenseID"><path value="MedicationDispenseIHEPWP.dispenseID"/><short value="Pharmaceutical advice ID"/><definition value="Pharmaceutical advice ID"/><min value="0"/><max value="1"/><type><code value="Identifier"/></type></element><element id="MedicationDispenseIHEPWP.refillnumber"><path value="MedicationDispenseIHEPWP.refillnumber"/><short value="refill number"/><definition value="refill number"/><min value="0"/><max value="1"/><type><code value="string"/></type></element><element id="MedicationDispenseIHEPWP.date"><path value="MedicationDispenseIHEPWP.date"/><short value="Date/Time of dispense"/><definition value="Date/Time of dispense"/><min value="0"/><max value="1"/><type><code value="dateTime"/></type></element><element id="MedicationDispenseIHEPWP.location"><path value="MedicationDispenseIHEPWP.location"/><min value="0"/><max value="1"/><type><code value="string"/></type></element><element id="MedicationDispenseIHEPWP.patient"><path value="MedicationDispenseIHEPWP.patient"/><short value="The person for which the medication is prescribed."/><definition value="The person for which the medication is prescribed."/><min value="1"/><max value="1"/><type><code value="Reference"/><targetProfile value="http://hl7.org/fhir/StructureDefinition/Patient"/></type></element><element id="MedicationDispenseIHEPWP.expectedQuantity"><path value="MedicationDispenseIHEPWP.expectedQuantity"/><short value="Expected quantity (number of packs/number of units)"/><definition value="Expected quantity (number of packs/number of units)"/><min value="0"/><max value="1"/><type><code value="integer"/></type></element><element id="MedicationDispenseIHEPWP.quantityDelivered"><path value="MedicationDispenseIHEPWP.quantityDelivered"/><short value="Quantity delivered (number of packs/number of units)"/><definition value="Quantity delivered (number of packs/number of units)"/><min value="0"/><max value="1"/><type><code value="integer"/></type></element><element id="MedicationDispenseIHEPWP.dispensingperiod"><path value="MedicationDispenseIHEPWP.dispensingperiod"/><short value="Dispensing period (period for which the medication is dispensed)"/><definition value="Dispensing period (period for which the medication is dispensed)"/><min value="0"/><max value="1"/><type><code value="Period"/></type></element><element id="MedicationDispenseIHEPWP.dispensingPresentation"><path value="MedicationDispenseIHEPWP.dispensingPresentation"/><short value="Dispensing presentation: blister, box, single dose unit"/><definition value="Dispensing presentation: blister, box, single dose unit"/><min value="0"/><max value="1"/><type><code value="string"/></type></element><element id="MedicationDispenseIHEPWP.deliveryMode"><path value="MedicationDispenseIHEPWP.deliveryMode"/><short value="Delivery mode : bulk, nominative (per patient)"/><definition value=" Delivery mode : bulk, nominative (per patient)"/><min value="0"/><max value="1"/><type><code value="string"/></type></element><element id="MedicationDispenseIHEPWP.batchNumber"><path value="MedicationDispenseIHEPWP.batchNumber"/><min value="0"/><max value="1"/><type><code value="string"/></type></element><element id="MedicationDispenseIHEPWP.expirationDate"><path value="MedicationDispenseIHEPWP.expirationDate"/><min value="0"/><max value="1"/><type><code value="string"/></type></element><element id="MedicationDispenseIHEPWP.pharmaceuticalInstructions"><path value="MedicationDispenseIHEPWP.pharmaceuticalInstructions"/><min value="0"/><max value="1"/><type><code value="string"/></type></element><element id="MedicationDispenseIHEPWP.pricepaidbypatient"><path value="MedicationDispenseIHEPWP.pricepaidbypatient"/><min value="0"/><max value="1"/><type><code value="string"/></type></element><element id="MedicationDispenseIHEPWP.pharmacist"><path value="MedicationDispenseIHEPWP.pharmacist"/><min value="0"/><max value="1"/><type><code value="string"/></type></element></differential></StructureDefinition>