<?xml version="1.0" encoding="UTF-8"?><ImplementationGuide xmlns="http://hl7.org/fhir"><id value="ihe.mpd"/><text><status value="extensions"/><div xmlns="http://www.w3.org/1999/xhtml"><h2>IHE_MPD</h2><p>The official URL for this implementation guide is: </p><pre>http://profiles.ihe.net/PHARM/ihe.pharm.mpd/ImplementationGuide/ihe.mpd</pre><div><p>ImplementationGuide for IHE Pharmacy Medication Prescription and Delivery</p>
</div></div></text><url value="http://profiles.ihe.net/PHARM/ihe.pharm.mpd/ImplementationGuide/ihe.mpd"/><version value="0.1.0"/><name value="IHE_MPD"/><title value="Medication Prescription and Delivery (MPD)"/><status value="active"/><date value="2023-02-20T20:06:00+00:00"/><publisher value="Integrating the Healthcare Enterprise (IHE)"/><contact><name value="Integrating the Healthcare Enterprise (IHE)"/><telecom><system value="url"/><value value="http://ihe.net"/></telecom><telecom><system value="email"/><value value="secretary@ihe.net"/></telecom></contact><contact><name value="Jose Costa Teixeira"/><telecom><system value="email"/><value value="jose.a.teixeira@gmail.com"/><use value="work"/></telecom></contact><description value="ImplementationGuide for IHE Pharmacy Medication Prescription and Delivery"/><jurisdiction><coding><system value="http://unstats.un.org/unsd/methods/m49/m49.htm"/><code value="001"/></coding></jurisdiction><copyright value="IHE http://www.ihe.net/Governance/#Intellectual_Property"/><packageId value="ihe.pharm.mpd"/><license value="CC-BY-SA-4.0"/><fhirVersion value="4.0.1"/><dependsOn id="hl7tx"><extension url="http://hl7.org/fhir/tools/StructureDefinition/implementationguide-dependency-comment"><valueMarkdown value="Automatically added as a dependency - all IGs depend on HL7 Terminology"/></extension><uri value="http://terminology.hl7.org/ImplementationGuide/hl7.terminology"/><packageId value="hl7.terminology.r4"/><version value="5.0.0"/></dependsOn><definition><extension url="http://hl7.org/fhir/tools/StructureDefinition/ig-parameter"><extension url="code"><valueString value="copyrightyear"/></extension><extension url="value"><valueString value="2021+"/></extension></extension><extension url="http://hl7.org/fhir/tools/StructureDefinition/ig-parameter"><extension url="code"><valueString value="releaselabel"/></extension><extension url="value"><valueString value="ci-build"/></extension></extension><extension url="http://hl7.org/fhir/tools/StructureDefinition/ig-parameter"><extension url="code"><valueString value="apply-contact"/></extension><extension url="value"><valueString value="true"/></extension></extension><extension url="http://hl7.org/fhir/tools/StructureDefinition/ig-parameter"><extension url="code"><valueString value="apply-jurisdiction"/></extension><extension url="value"><valueString value="true"/></extension></extension><extension url="http://hl7.org/fhir/tools/StructureDefinition/ig-parameter"><extension url="code"><valueString value="apply-version"/></extension><extension url="value"><valueString value="true"/></extension></extension><extension url="http://hl7.org/fhir/tools/StructureDefinition/ig-parameter"><extension url="code"><valueString value="usage-stats-opt-out"/></extension><extension url="value"><valueString value="true"/></extension></extension><extension url="http://hl7.org/fhir/tools/StructureDefinition/ig-parameter"><extension url="code"><valueString value="autoload-resources"/></extension><extension url="value"><valueString value="true"/></extension></extension><extension url="http://hl7.org/fhir/tools/StructureDefinition/ig-parameter"><extension url="code"><valueString value="path-liquid"/></extension><extension url="value"><valueString value="template/liquid"/></extension></extension><extension url="http://hl7.org/fhir/tools/StructureDefinition/ig-parameter"><extension url="code"><valueString value="path-liquid"/></extension><extension url="value"><valueString value="input/liquid"/></extension></extension><extension url="http://hl7.org/fhir/tools/StructureDefinition/ig-parameter"><extension url="code"><valueString value="path-qa"/></extension><extension url="value"><valueString value="temp/qa"/></extension></extension><extension url="http://hl7.org/fhir/tools/StructureDefinition/ig-parameter"><extension url="code"><valueString value="path-temp"/></extension><extension url="value"><valueString value="temp/pages"/></extension></extension><extension url="http://hl7.org/fhir/tools/StructureDefinition/ig-parameter"><extension url="code"><valueString value="path-output"/></extension><extension url="value"><valueString value="output"/></extension></extension><extension url="http://hl7.org/fhir/tools/StructureDefinition/ig-parameter"><extension url="code"><valueString value="path-suppressed-warnings"/></extension><extension url="value"><valueString value="input/ignoreWarnings.txt"/></extension></extension><extension url="http://hl7.org/fhir/tools/StructureDefinition/ig-parameter"><extension url="code"><valueString value="path-history"/></extension><extension url="value"><valueString value="http://profiles.ihe.net/PHARM/ihe.pharm.mpd/history.html"/></extension></extension><extension url="http://hl7.org/fhir/tools/StructureDefinition/ig-parameter"><extension url="code"><valueString value="template-html"/></extension><extension url="value"><valueString value="template-page.html"/></extension></extension><extension url="http://hl7.org/fhir/tools/StructureDefinition/ig-parameter"><extension url="code"><valueString value="template-md"/></extension><extension url="value"><valueString value="template-page-md.html"/></extension></extension><extension url="http://hl7.org/fhir/tools/StructureDefinition/ig-parameter"><extension url="code"><valueString value="apply-context"/></extension><extension url="value"><valueString value="true"/></extension></extension><extension url="http://hl7.org/fhir/tools/StructureDefinition/ig-parameter"><extension url="code"><valueString value="apply-copyright"/></extension><extension url="value"><valueString value="true"/></extension></extension><extension url="http://hl7.org/fhir/tools/StructureDefinition/ig-parameter"><extension url="code"><valueString value="apply-license"/></extension><extension url="value"><valueString value="true"/></extension></extension><extension url="http://hl7.org/fhir/tools/StructureDefinition/ig-parameter"><extension url="code"><valueString value="apply-publisher"/></extension><extension url="value"><valueString value="true"/></extension></extension><extension url="http://hl7.org/fhir/tools/StructureDefinition/ig-parameter"><extension url="code"><valueString value="active-tables"/></extension><extension url="value"><valueString value="true"/></extension></extension><extension url="http://hl7.org/fhir/tools/StructureDefinition/ig-parameter"><extension url="code"><valueString value="fmm-definition"/></extension><extension url="value"><valueString value="http://hl7.org/fhir/versions.html#maturity"/></extension></extension><extension url="http://hl7.org/fhir/tools/StructureDefinition/ig-parameter"><extension url="code"><valueString value="propagate-status"/></extension><extension url="value"><valueString value="true"/></extension></extension><extension url="http://hl7.org/fhir/tools/StructureDefinition/ig-parameter"><extension url="code"><valueString value="excludelogbinaryformat"/></extension><extension url="value"><valueString value="true"/></extension></extension><extension url="http://hl7.org/fhir/tools/StructureDefinition/ig-parameter"><extension url="code"><valueString value="tabbed-snapshots"/></extension><extension url="value"><valueString value="true"/></extension></extension><extension url="http://hl7.org/fhir/tools/StructureDefinition/ig-parameter"><extension url="code"><valueString value="copyrightyear"/></extension><extension url="value"><valueString value="2021+"/></extension></extension><extension url="http://hl7.org/fhir/tools/StructureDefinition/ig-parameter"><extension url="code"><valueString value="releaselabel"/></extension><extension url="value"><valueString value="ci-build"/></extension></extension><extension url="http://hl7.org/fhir/tools/StructureDefinition/ig-parameter"><extension url="code"><valueString value="apply-contact"/></extension><extension url="value"><valueString value="true"/></extension></extension><extension url="http://hl7.org/fhir/tools/StructureDefinition/ig-parameter"><extension url="code"><valueString value="apply-jurisdiction"/></extension><extension url="value"><valueString value="true"/></extension></extension><extension url="http://hl7.org/fhir/tools/StructureDefinition/ig-parameter"><extension url="code"><valueString value="apply-version"/></extension><extension url="value"><valueString value="true"/></extension></extension><extension url="http://hl7.org/fhir/tools/StructureDefinition/ig-parameter"><extension url="code"><valueString value="usage-stats-opt-out"/></extension><extension url="value"><valueString value="true"/></extension></extension><extension url="http://hl7.org/fhir/tools/StructureDefinition/ig-parameter"><extension url="code"><valueString value="autoload-resources"/></extension><extension url="value"><valueString value="true"/></extension></extension><extension url="http://hl7.org/fhir/tools/StructureDefinition/ig-parameter"><extension url="code"><valueString value="path-liquid"/></extension><extension url="value"><valueString value="template/liquid"/></extension></extension><extension url="http://hl7.org/fhir/tools/StructureDefinition/ig-parameter"><extension url="code"><valueString value="path-liquid"/></extension><extension url="value"><valueString value="input/liquid"/></extension></extension><extension url="http://hl7.org/fhir/tools/StructureDefinition/ig-parameter"><extension url="code"><valueString value="path-qa"/></extension><extension url="value"><valueString value="temp/qa"/></extension></extension><extension url="http://hl7.org/fhir/tools/StructureDefinition/ig-parameter"><extension url="code"><valueString value="path-temp"/></extension><extension url="value"><valueString value="temp/pages"/></extension></extension><extension url="http://hl7.org/fhir/tools/StructureDefinition/ig-parameter"><extension url="code"><valueString value="path-output"/></extension><extension url="value"><valueString value="output"/></extension></extension><extension url="http://hl7.org/fhir/tools/StructureDefinition/ig-parameter"><extension url="code"><valueString value="path-suppressed-warnings"/></extension><extension url="value"><valueString value="input/ignoreWarnings.txt"/></extension></extension><extension url="http://hl7.org/fhir/tools/StructureDefinition/ig-parameter"><extension url="code"><valueString value="path-history"/></extension><extension url="value"><valueString value="http://profiles.ihe.net/PHARM/ihe.pharm.mpd/history.html"/></extension></extension><extension url="http://hl7.org/fhir/tools/StructureDefinition/ig-parameter"><extension url="code"><valueString value="template-html"/></extension><extension url="value"><valueString value="template-page.html"/></extension></extension><extension url="http://hl7.org/fhir/tools/StructureDefinition/ig-parameter"><extension url="code"><valueString value="template-md"/></extension><extension url="value"><valueString value="template-page-md.html"/></extension></extension><extension url="http://hl7.org/fhir/tools/StructureDefinition/ig-parameter"><extension url="code"><valueString value="apply-context"/></extension><extension url="value"><valueString value="true"/></extension></extension><extension url="http://hl7.org/fhir/tools/StructureDefinition/ig-parameter"><extension url="code"><valueString value="apply-copyright"/></extension><extension url="value"><valueString value="true"/></extension></extension><extension url="http://hl7.org/fhir/tools/StructureDefinition/ig-parameter"><extension url="code"><valueString value="apply-license"/></extension><extension url="value"><valueString value="true"/></extension></extension><extension url="http://hl7.org/fhir/tools/StructureDefinition/ig-parameter"><extension url="code"><valueString value="apply-publisher"/></extension><extension url="value"><valueString value="true"/></extension></extension><extension url="http://hl7.org/fhir/tools/StructureDefinition/ig-parameter"><extension url="code"><valueString value="active-tables"/></extension><extension url="value"><valueString value="true"/></extension></extension><extension url="http://hl7.org/fhir/tools/StructureDefinition/ig-parameter"><extension url="code"><valueString value="fmm-definition"/></extension><extension url="value"><valueString value="http://hl7.org/fhir/versions.html#maturity"/></extension></extension><extension url="http://hl7.org/fhir/tools/StructureDefinition/ig-parameter"><extension url="code"><valueString value="propagate-status"/></extension><extension url="value"><valueString value="true"/></extension></extension><extension url="http://hl7.org/fhir/tools/StructureDefinition/ig-parameter"><extension url="code"><valueString value="excludelogbinaryformat"/></extension><extension url="value"><valueString value="true"/></extension></extension><extension url="http://hl7.org/fhir/tools/StructureDefinition/ig-parameter"><extension url="code"><valueString value="tabbed-snapshots"/></extension><extension url="value"><valueString value="true"/></extension></extension><extension url="http://hl7.org/fhir/tools/StructureDefinition/ig-parameter"><extension url="code"><valueString value="copyrightyear"/></extension><extension url="value"><valueString value="2021+"/></extension></extension><extension url="http://hl7.org/fhir/tools/StructureDefinition/ig-parameter"><extension url="code"><valueString value="releaselabel"/></extension><extension url="value"><valueString value="ci-build"/></extension></extension><extension url="http://hl7.org/fhir/tools/StructureDefinition/ig-parameter"><extension url="code"><valueString value="apply-contact"/></extension><extension url="value"><valueString value="true"/></extension></extension><extension url="http://hl7.org/fhir/tools/StructureDefinition/ig-parameter"><extension url="code"><valueString value="apply-jurisdiction"/></extension><extension url="value"><valueString value="true"/></extension></extension><extension url="http://hl7.org/fhir/tools/StructureDefinition/ig-parameter"><extension url="code"><valueString value="apply-version"/></extension><extension url="value"><valueString value="true"/></extension></extension><extension url="http://hl7.org/fhir/tools/StructureDefinition/ig-parameter"><extension url="code"><valueString value="usage-stats-opt-out"/></extension><extension url="value"><valueString value="true"/></extension></extension><extension url="http://hl7.org/fhir/tools/StructureDefinition/ig-parameter"><extension url="code"><valueString value="autoload-resources"/></extension><extension url="value"><valueString value="true"/></extension></extension><extension url="http://hl7.org/fhir/tools/StructureDefinition/ig-parameter"><extension url="code"><valueString value="path-liquid"/></extension><extension url="value"><valueString value="template/liquid"/></extension></extension><extension url="http://hl7.org/fhir/tools/StructureDefinition/ig-parameter"><extension url="code"><valueString value="path-liquid"/></extension><extension url="value"><valueString value="input/liquid"/></extension></extension><extension url="http://hl7.org/fhir/tools/StructureDefinition/ig-parameter"><extension url="code"><valueString value="path-qa"/></extension><extension url="value"><valueString value="temp/qa"/></extension></extension><extension url="http://hl7.org/fhir/tools/StructureDefinition/ig-parameter"><extension url="code"><valueString value="path-temp"/></extension><extension url="value"><valueString value="temp/pages"/></extension></extension><extension url="http://hl7.org/fhir/tools/StructureDefinition/ig-parameter"><extension url="code"><valueString value="path-output"/></extension><extension url="value"><valueString value="output"/></extension></extension><extension url="http://hl7.org/fhir/tools/StructureDefinition/ig-parameter"><extension url="code"><valueString value="path-suppressed-warnings"/></extension><extension url="value"><valueString value="input/ignoreWarnings.txt"/></extension></extension><extension url="http://hl7.org/fhir/tools/StructureDefinition/ig-parameter"><extension url="code"><valueString value="path-history"/></extension><extension url="value"><valueString value="http://profiles.ihe.net/PHARM/ihe.pharm.mpd/history.html"/></extension></extension><extension url="http://hl7.org/fhir/tools/StructureDefinition/ig-parameter"><extension url="code"><valueString value="template-html"/></extension><extension url="value"><valueString value="template-page.html"/></extension></extension><extension url="http://hl7.org/fhir/tools/StructureDefinition/ig-parameter"><extension url="code"><valueString value="template-md"/></extension><extension url="value"><valueString value="template-page-md.html"/></extension></extension><extension url="http://hl7.org/fhir/tools/StructureDefinition/ig-parameter"><extension url="code"><valueString value="apply-context"/></extension><extension url="value"><valueString value="true"/></extension></extension><extension url="http://hl7.org/fhir/tools/StructureDefinition/ig-parameter"><extension url="code"><valueString value="apply-copyright"/></extension><extension url="value"><valueString value="true"/></extension></extension><extension url="http://hl7.org/fhir/tools/StructureDefinition/ig-parameter"><extension url="code"><valueString value="apply-license"/></extension><extension url="value"><valueString value="true"/></extension></extension><extension url="http://hl7.org/fhir/tools/StructureDefinition/ig-parameter"><extension url="code"><valueString value="apply-publisher"/></extension><extension url="value"><valueString value="true"/></extension></extension><extension url="http://hl7.org/fhir/tools/StructureDefinition/ig-parameter"><extension url="code"><valueString value="active-tables"/></extension><extension url="value"><valueString value="true"/></extension></extension><extension url="http://hl7.org/fhir/tools/StructureDefinition/ig-parameter"><extension url="code"><valueString value="fmm-definition"/></extension><extension url="value"><valueString value="http://hl7.org/fhir/versions.html#maturity"/></extension></extension><extension url="http://hl7.org/fhir/tools/StructureDefinition/ig-parameter"><extension url="code"><valueString value="propagate-status"/></extension><extension url="value"><valueString value="true"/></extension></extension><extension url="http://hl7.org/fhir/tools/StructureDefinition/ig-parameter"><extension url="code"><valueString value="excludelogbinaryformat"/></extension><extension url="value"><valueString value="true"/></extension></extension><extension url="http://hl7.org/fhir/tools/StructureDefinition/ig-parameter"><extension url="code"><valueString value="tabbed-snapshots"/></extension><extension url="value"><valueString value="true"/></extension></extension><grouping id="-str-logicalmodel"><name value="Structures: Logical Models"/><description value="These define data models that represent the domain covered by this implementation guide in more business-friendly terms than the underlying FHIR resources."/></grouping><grouping id="-str-datatype"><name value="Structures: Data Type Profiles"/><description value="These define constraints on FHIR data types for systems conforming to this implementation guide."/></grouping><resource><extension url="http://hl7.org/fhir/StructureDefinition/implementationguide-page"><valueUri value="StructureDefinition-AD.html"/></extension><reference><reference value="StructureDefinition/AD"/></reference><name value="AD"/><description value="Address"/><exampleBoolean value="false"/><groupingId value="-str-datatype"/></resource><resource><extension url="http://hl7.org/fhir/StructureDefinition/implementationguide-page"><valueUri value="StructureDefinition-ANY.html"/></extension><reference><reference value="StructureDefinition/ANY"/></reference><name value="ANY"/><description value="An abstract type"/><exampleBoolean value="false"/><groupingId value="-str-datatype"/></resource><resource><extension url="http://hl7.org/fhir/StructureDefinition/implementationguide-page"><valueUri value="StructureDefinition-BL.html"/></extension><reference><reference value="StructureDefinition/BL"/></reference><name value="BL"/><description value="Boolean - true or false"/><exampleBoolean value="false"/><groupingId value="-str-datatype"/></resource><resource><extension url="http://hl7.org/fhir/StructureDefinition/implementationguide-page"><valueUri value="StructureDefinition-CD.html"/></extension><reference><reference value="StructureDefinition/CD"/></reference><name value="CD"/><description value="ConceptDescriptor"/><exampleBoolean value="false"/><groupingId value="-str-datatype"/></resource><resource><extension url="http://hl7.org/fhir/StructureDefinition/implementationguide-page"><valueUri value="StructureDefinition-Class.html"/></extension><reference><reference value="StructureDefinition/Class"/></reference><name value="Class"/><description value="Class of data elements"/><exampleBoolean value="false"/><groupingId value="-str-datatype"/></resource><resource><extension url="http://hl7.org/fhir/StructureDefinition/implementationguide-page"><valueUri value="StructureDefinition-DT.html"/></extension><reference><reference value="StructureDefinition/DT"/></reference><name value="DT"/><description value="Date"/><exampleBoolean value="false"/><groupingId value="-str-datatype"/></resource><resource><extension url="http://hl7.org/fhir/StructureDefinition/implementationguide-page"><valueUri value="StructureDefinition-EN.html"/></extension><reference><reference value="StructureDefinition/EN"/></reference><name value="EN"/><description value="EntityName"/><exampleBoolean value="false"/><groupingId value="-str-datatype"/></resource><resource><extension url="http://hl7.org/fhir/StructureDefinition/implementationguide-page"><valueUri value="StructureDefinition-II.html"/></extension><reference><reference value="StructureDefinition/II"/></reference><name value="II"/><description value="InstanceIdentifier"/><exampleBoolean value="false"/><groupingId value="-str-datatype"/></resource><resource><extension url="http://hl7.org/fhir/StructureDefinition/implementationguide-page"><valueUri value="StructureDefinition-INT.html"/></extension><reference><reference value="StructureDefinition/INT"/></reference><name value="INT"/><description value="IntegerNumber"/><exampleBoolean value="false"/><groupingId value="-str-datatype"/></resource><resource><extension url="http://hl7.org/fhir/StructureDefinition/implementationguide-page"><valueUri value="StructureDefinition-PQ.html"/></extension><reference><reference value="StructureDefinition/PQ"/></reference><name value="PQ"/><description value="PhysicalQuantity"/><exampleBoolean value="false"/><groupingId value="-str-datatype"/></resource><resource><extension url="http://hl7.org/fhir/StructureDefinition/implementationguide-page"><valueUri value="StructureDefinition-QT.html"/></extension><reference><reference value="StructureDefinition/QT"/></reference><name value="QT"/><description value="Quantity"/><exampleBoolean value="false"/><groupingId value="-str-datatype"/></resource><resource><extension url="http://hl7.org/fhir/StructureDefinition/implementationguide-page"><valueUri value="StructureDefinition-REAL.html"/></extension><reference><reference value="StructureDefinition/REAL"/></reference><name value="REAL"/><description value="RealNumber"/><exampleBoolean value="false"/><groupingId value="-str-datatype"/></resource><resource><extension url="http://hl7.org/fhir/StructureDefinition/implementationguide-page"><valueUri value="StructureDefinition-RTO.html"/></extension><reference><reference value="StructureDefinition/RTO"/></reference><name value="RTO"/><description value="Ratio"/><exampleBoolean value="false"/><groupingId value="-str-datatype"/></resource><resource><extension url="http://hl7.org/fhir/StructureDefinition/implementationguide-page"><valueUri value="StructureDefinition-ST.html"/></extension><reference><reference value="StructureDefinition/ST"/></reference><name value="ST"/><description value="CharacterString"/><exampleBoolean value="false"/><groupingId value="-str-datatype"/></resource><resource><extension url="http://hl7.org/fhir/StructureDefinition/implementationguide-page"><valueUri value="StructureDefinition-TS.html"/></extension><reference><reference value="StructureDefinition/TS"/></reference><name value="TS"/><description value="TimeStamp"/><exampleBoolean value="false"/><groupingId value="-str-datatype"/></resource><resource><extension url="http://hl7.org/fhir/StructureDefinition/implementationguide-page"><valueUri value="StructureDefinition-Untyped.html"/></extension><reference><reference value="StructureDefinition/Untyped"/></reference><name value="Untyped"/><description value="No data type defined"/><exampleBoolean value="false"/><groupingId value="-str-datatype"/></resource><resource><extension url="http://hl7.org/fhir/StructureDefinition/implementationguide-page"><valueUri value="StructureDefinition-CommonPrescription.html"/></extension><reference><reference value="StructureDefinition/CommonPrescription"/></reference><name value="ePrescription"/><exampleBoolean value="false"/><groupingId value="-str-logicalmodel"/></resource><resource><extension url="http://hl7.org/fhir/StructureDefinition/implementationguide-page"><valueUri value="StructureDefinition-MedicationAdministrationHMW.html"/></extension><reference><reference value="StructureDefinition/MedicationAdministrationHMW"/></reference><name value="[HMW] Logical Model for administration"/><description value="[HMW] Logical Model for administration"/><exampleBoolean value="false"/><groupingId value="-str-logicalmodel"/></resource><resource><extension url="http://hl7.org/fhir/StructureDefinition/implementationguide-page"><valueUri value="StructureDefinition-MedicationAdministrationIHEMM.html"/></extension><reference><reference value="StructureDefinition/MedicationAdministrationIHEMM"/></reference><name value="[IHE MM] Logical Model for administration"/><description value="Logical Model for administration"/><exampleBoolean value="false"/><groupingId value="-str-logicalmodel"/></resource><resource><extension url="http://hl7.org/fhir/StructureDefinition/implementationguide-page"><valueUri value="StructureDefinition-MedicationDispenseHMW.html"/></extension><reference><reference value="StructureDefinition/MedicationDispenseHMW"/></reference><name value="[HMW] Logical Model for dispense"/><description value="[HMW] Logical Model for dispense"/><exampleBoolean value="false"/><groupingId value="-str-logicalmodel"/></resource><resource><extension url="http://hl7.org/fhir/StructureDefinition/implementationguide-page"><valueUri value="StructureDefinition-MedicationDispenseIHEMM.html"/></extension><reference><reference value="StructureDefinition/MedicationDispenseIHEMM"/></reference><name value="[IHE MM] Logical Model for medication dispense"/><description value="A medication dispense relates to zero or one prescription item of one prescription. There are cases when a medication is dispensed before the prescription is created. Medications dispensed outside the context of any prescription are considered as self-prescribed by the professional who dispenses. Thus they are still attached to a pseudo-prescription. A medication dispense is issued by one pharmacy staff. It is related to zero (community use case) or one (hospital use case) encounter of care."/><exampleBoolean value="false"/><groupingId value="-str-logicalmodel"/></resource><resource><extension url="http://hl7.org/fhir/StructureDefinition/implementationguide-page"><valueUri value="StructureDefinition-MedicationDispenseIHEPWP.html"/></extension><reference><reference value="StructureDefinition/MedicationDispenseIHEPWP"/></reference><name value="[IHE PHARM White Paper] Logical Model for medication dispense"/><description value="A medication dispense relates to zero or one prescription item of one prescription. There are cases when a medication is dispensed before the prescription is created. Medications dispensed outside the context of any prescription are considered as self-prescribed by the professional who dispenses. Thus they are still attached to a pseudo-prescription. A medication dispense is issued by one pharmacy staff. It is related to zero (community use case) or one (hospital use case) encounter of care."/><exampleBoolean value="false"/><groupingId value="-str-logicalmodel"/></resource><resource><extension url="http://hl7.org/fhir/StructureDefinition/implementationguide-page"><valueUri value="StructureDefinition-MedicationOrderHMW.html"/></extension><reference><reference value="StructureDefinition/MedicationOrderHMW"/></reference><name value="[HMW] Logical Model for medication order"/><description value="[HMW] Logical Model for medication order"/><exampleBoolean value="false"/><groupingId value="-str-logicalmodel"/></resource><resource><extension url="http://hl7.org/fhir/StructureDefinition/implementationguide-page"><valueUri value="StructureDefinition-MedicationOrderIHEMM.html"/></extension><reference><reference value="StructureDefinition/MedicationOrderIHEMM"/></reference><name value="[IHE MM] Logical Model for order"/><description value="A prescription is issued by one ordering healthcare professional for one patient, in the context of zero or one encounter (between the patient and the ordering physician and/or the healthcare institution)."/><exampleBoolean value="false"/><groupingId value="-str-logicalmodel"/></resource><resource><extension url="http://hl7.org/fhir/StructureDefinition/implementationguide-page"><valueUri value="StructureDefinition-MedicationOrderIHEPWP.html"/></extension><reference><reference value="StructureDefinition/MedicationOrderIHEPWP"/></reference><name value="[IHE PHARM White Paper] Logical Model for order"/><description value="A prescription is issued by one ordering healthcare professional for one patient, in the context of zero or one encounter (between the patient and the ordering physician and/or the healthcare institution)."/><exampleBoolean value="false"/><groupingId value="-str-logicalmodel"/></resource><resource><extension url="http://hl7.org/fhir/StructureDefinition/implementationguide-page"><valueUri value="StructureDefinition-PharmaceuticalAdviceHMW.html"/></extension><reference><reference value="StructureDefinition/PharmaceuticalAdviceHMW"/></reference><name value="[HMW] Logical Model for Pharmaceutical Advice"/><description value="[HMW] Logical Model for Pharmaceutical Advice"/><exampleBoolean value="false"/><groupingId value="-str-logicalmodel"/></resource><resource><extension url="http://hl7.org/fhir/StructureDefinition/implementationguide-page"><valueUri value="StructureDefinition-PharmaceuticalAdviceIHEMM.html"/></extension><reference><reference value="StructureDefinition/PharmaceuticalAdviceIHEMM"/></reference><name value="[IHE MM] Logical Model for pharmaceutical advice"/><description value="Pharmaceutical advice relates to one or more prescription items of one prescription. It is issued by one pharmacist. It may be associated with one or more observations."/><exampleBoolean value="false"/><groupingId value="-str-logicalmodel"/></resource><resource><extension url="http://hl7.org/fhir/StructureDefinition/implementationguide-page"><valueUri value="StructureDefinition-PharmaceuticalAdviceIHEPWP.html"/></extension><reference><reference value="StructureDefinition/PharmaceuticalAdviceIHEPWP"/></reference><name value="[IHE PHARM White Paper] Logical Model for pharmaceutical advice"/><description value="Pharmaceutical advice relates to one or more prescription items of one prescription. It is issued by one pharmacist. It may be associated with one or more observations."/><exampleBoolean value="false"/><groupingId value="-str-logicalmodel"/></resource><resource><extension url="http://hl7.org/fhir/StructureDefinition/implementationguide-page"><valueUri value="StructureDefinition-PrescribedProductModel.html"/></extension><reference><reference value="StructureDefinition/PrescribedProductModel"/></reference><name value="DRAFT: Medicinal Product in eP/eD"/><description value="DRAFT. eP/eD/PS medicinal product as a implementation-agnostic logical model"/><exampleBoolean value="false"/><groupingId value="-str-logicalmodel"/></resource><resource><extension url="http://hl7.org/fhir/StructureDefinition/implementationguide-page"><valueUri value="StructureDefinition-eHDSIePrescription.html"/></extension><reference><reference value="StructureDefinition/eHDSIePrescription"/></reference><name value="eHDSI ePrescription"/><exampleBoolean value="false"/><groupingId value="-str-logicalmodel"/></resource><page><extension url="http://hl7.org/fhir/tools/StructureDefinition/ig-page-name"><valueUrl value="toc.html"/></extension><nameUrl value="toc.html"/><title value="Table of Contents"/><generation value="html"/><page><extension url="http://hl7.org/fhir/tools/StructureDefinition/ig-page-name"><valueUrl value="index.html"/></extension><nameUrl value="index.html"/><title value="MPD Home"/><generation value="html"/></page><page><extension url="http://hl7.org/fhir/tools/StructureDefinition/ig-page-name"><valueUrl value="intro.html"/></extension><nameUrl value="intro.html"/><title value="Introduction to Volume 1"/><generation value="markdown"/></page><page><extension url="http://hl7.org/fhir/tools/StructureDefinition/ig-page-name"><valueUrl value="interoperabilitymodel.html"/></extension><nameUrl value="interoperabilitymodel.html"/><title value="Interoperability Model"/><generation value="markdown"/></page><page><extension url="http://hl7.org/fhir/tools/StructureDefinition/ig-page-name"><valueUrl value="alternative.html"/></extension><nameUrl value="alternative.html"/><title value="Trial Models"/><generation value="markdown"/></page><page><extension url="http://hl7.org/fhir/tools/StructureDefinition/ig-page-name"><valueUrl value="usecases.html"/></extension><nameUrl value="usecases.html"/><title value="Use Cases"/><generation value="markdown"/><page><extension url="http://hl7.org/fhir/tools/StructureDefinition/ig-page-name"><valueUrl value="presc-use-case1.html"/></extension><nameUrl value="presc-use-case1.html"/><title value="Use Case 1: Order straight to dispense"/><generation value="markdown"/></page><page><extension url="http://hl7.org/fhir/tools/StructureDefinition/ig-page-name"><valueUrl value="presc-use-case-2.html"/></extension><nameUrl value="presc-use-case-2.html"/><title value="Use Case 2: Proposal order"/><generation value="markdown"/></page><page><extension url="http://hl7.org/fhir/tools/StructureDefinition/ig-page-name"><valueUrl value="MMA-homenursing.html"/></extension><nameUrl value="MMA-homenursing.html"/><title value="Mobile Medication Administration - Home Nursing"/><generation value="markdown"/></page><page><extension url="http://hl7.org/fhir/tools/StructureDefinition/ig-page-name"><valueUrl value="MMA-chemotherapy.html"/></extension><nameUrl value="MMA-chemotherapy.html"/><title value="Mobile Medication Administration - Chemotherapy"/><generation value="markdown"/></page></page><page><extension url="http://hl7.org/fhir/tools/StructureDefinition/ig-page-name"><valueUrl value="overview.html"/></extension><nameUrl value="overview.html"/><title value="Overview"/><generation value="markdown"/></page><page><extension url="http://hl7.org/fhir/tools/StructureDefinition/ig-page-name"><valueUrl value="actors_and_transactions.html"/></extension><nameUrl value="actors_and_transactions.html"/><title value="Actors and Transactions"/><generation value="markdown"/></page><page><extension url="http://hl7.org/fhir/tools/StructureDefinition/ig-page-name"><valueUrl value="actor_options.html"/></extension><nameUrl value="actor_options.html"/><title value="Actor Options"/><generation value="markdown"/></page><page><extension url="http://hl7.org/fhir/tools/StructureDefinition/ig-page-name"><valueUrl value="security_considerations.html"/></extension><nameUrl value="security_considerations.html"/><title value="Security Considerations"/><generation value="markdown"/></page><page><extension url="http://hl7.org/fhir/tools/StructureDefinition/ig-page-name"><valueUrl value="cross_profile_considerations.html"/></extension><nameUrl value="cross_profile_considerations.html"/><title value="Cross Profile Considerations"/><generation value="markdown"/></page><page><extension url="http://hl7.org/fhir/tools/StructureDefinition/ig-page-name"><valueUrl value="intro_2.html"/></extension><nameUrl value="intro_2.html"/><title value="Introduction to Volume 2"/><generation value="markdown"/></page><page><extension url="http://hl7.org/fhir/tools/StructureDefinition/ig-page-name"><valueUrl value="error_codes.html"/></extension><nameUrl value="error_codes.html"/><title value="Error Codes"/><generation value="markdown"/></page><page><extension url="http://hl7.org/fhir/tools/StructureDefinition/ig-page-name"><valueUrl value="fhir_maps.html"/></extension><nameUrl value="fhir_maps.html"/><title value="FHIR Maps"/><generation value="markdown"/></page><page><extension url="http://hl7.org/fhir/tools/StructureDefinition/ig-page-name"><valueUrl value="testplan.html"/></extension><nameUrl value="testplan.html"/><title value="Test Plan"/><generation value="markdown"/></page><page><extension url="http://hl7.org/fhir/tools/StructureDefinition/ig-page-name"><valueUrl value="artifacts.html"/></extension><nameUrl value="artifacts.html"/><title value="Artifacts Summary"/><generation value="html"/><page><extension url="http://hl7.org/fhir/tools/StructureDefinition/ig-page-name"><valueUrl value="StructureDefinition-CommonPrescription.html"/></extension><nameUrl value="StructureDefinition-CommonPrescription.html"/><title value="ePrescription"/><generation value="generated"/></page><page><extension url="http://hl7.org/fhir/tools/StructureDefinition/ig-page-name"><valueUrl value="StructureDefinition-MedicationAdministrationHMW.html"/></extension><nameUrl value="StructureDefinition-MedicationAdministrationHMW.html"/><title value="[HMW] Logical Model for administration"/><generation value="generated"/></page><page><extension url="http://hl7.org/fhir/tools/StructureDefinition/ig-page-name"><valueUrl value="StructureDefinition-MedicationAdministrationIHEMM.html"/></extension><nameUrl value="StructureDefinition-MedicationAdministrationIHEMM.html"/><title value="[IHE MM] Logical Model for administration"/><generation value="generated"/></page><page><extension url="http://hl7.org/fhir/tools/StructureDefinition/ig-page-name"><valueUrl value="StructureDefinition-MedicationDispenseHMW.html"/></extension><nameUrl value="StructureDefinition-MedicationDispenseHMW.html"/><title value="[HMW] Logical Model for dispense"/><generation value="generated"/></page><page><extension url="http://hl7.org/fhir/tools/StructureDefinition/ig-page-name"><valueUrl value="StructureDefinition-MedicationDispenseIHEMM.html"/></extension><nameUrl value="StructureDefinition-MedicationDispenseIHEMM.html"/><title value="[IHE MM] Logical Model for medication dispense"/><generation value="generated"/></page><page><extension url="http://hl7.org/fhir/tools/StructureDefinition/ig-page-name"><valueUrl value="StructureDefinition-MedicationDispenseIHEPWP.html"/></extension><nameUrl value="StructureDefinition-MedicationDispenseIHEPWP.html"/><title value="[IHE PHARM White Paper] Logical Model for medication dispense"/><generation value="generated"/></page><page><extension url="http://hl7.org/fhir/tools/StructureDefinition/ig-page-name"><valueUrl value="StructureDefinition-MedicationOrderHMW.html"/></extension><nameUrl value="StructureDefinition-MedicationOrderHMW.html"/><title value="[HMW] Logical Model for medication order"/><generation value="generated"/></page><page><extension url="http://hl7.org/fhir/tools/StructureDefinition/ig-page-name"><valueUrl value="StructureDefinition-MedicationOrderIHEMM.html"/></extension><nameUrl value="StructureDefinition-MedicationOrderIHEMM.html"/><title value="[IHE MM] Logical Model for order"/><generation value="generated"/></page><page><extension url="http://hl7.org/fhir/tools/StructureDefinition/ig-page-name"><valueUrl value="StructureDefinition-MedicationOrderIHEPWP.html"/></extension><nameUrl value="StructureDefinition-MedicationOrderIHEPWP.html"/><title value="[IHE PHARM White Paper] Logical Model for order"/><generation value="generated"/></page><page><extension url="http://hl7.org/fhir/tools/StructureDefinition/ig-page-name"><valueUrl value="StructureDefinition-PharmaceuticalAdviceHMW.html"/></extension><nameUrl value="StructureDefinition-PharmaceuticalAdviceHMW.html"/><title value="[HMW] Logical Model for Pharmaceutical Advice"/><generation value="generated"/></page><page><extension url="http://hl7.org/fhir/tools/StructureDefinition/ig-page-name"><valueUrl value="StructureDefinition-PharmaceuticalAdviceIHEMM.html"/></extension><nameUrl value="StructureDefinition-PharmaceuticalAdviceIHEMM.html"/><title value="[IHE MM] Logical Model for pharmaceutical advice"/><generation value="generated"/></page><page><extension url="http://hl7.org/fhir/tools/StructureDefinition/ig-page-name"><valueUrl value="StructureDefinition-PharmaceuticalAdviceIHEPWP.html"/></extension><nameUrl value="StructureDefinition-PharmaceuticalAdviceIHEPWP.html"/><title value="[IHE PHARM White Paper] Logical Model for pharmaceutical advice"/><generation value="generated"/></page><page><extension url="http://hl7.org/fhir/tools/StructureDefinition/ig-page-name"><valueUrl value="StructureDefinition-PrescribedProductModel.html"/></extension><nameUrl value="StructureDefinition-PrescribedProductModel.html"/><title value="DRAFT: Medicinal Product in eP/eD"/><generation value="generated"/></page><page><extension url="http://hl7.org/fhir/tools/StructureDefinition/ig-page-name"><valueUrl value="StructureDefinition-eHDSIePrescription.html"/></extension><nameUrl value="StructureDefinition-eHDSIePrescription.html"/><title value="eHDSI ePrescription"/><generation value="generated"/></page><page><extension url="http://hl7.org/fhir/tools/StructureDefinition/ig-page-name"><valueUrl value="StructureDefinition-AD.html"/></extension><nameUrl value="StructureDefinition-AD.html"/><title value="AD"/><generation value="generated"/></page><page><extension url="http://hl7.org/fhir/tools/StructureDefinition/ig-page-name"><valueUrl value="StructureDefinition-ANY.html"/></extension><nameUrl value="StructureDefinition-ANY.html"/><title value="ANY"/><generation value="generated"/></page><page><extension url="http://hl7.org/fhir/tools/StructureDefinition/ig-page-name"><valueUrl value="StructureDefinition-BL.html"/></extension><nameUrl value="StructureDefinition-BL.html"/><title value="BL"/><generation value="generated"/></page><page><extension url="http://hl7.org/fhir/tools/StructureDefinition/ig-page-name"><valueUrl value="StructureDefinition-CD.html"/></extension><nameUrl value="StructureDefinition-CD.html"/><title value="CD"/><generation value="generated"/></page><page><extension url="http://hl7.org/fhir/tools/StructureDefinition/ig-page-name"><valueUrl value="StructureDefinition-Class.html"/></extension><nameUrl value="StructureDefinition-Class.html"/><title value="Class"/><generation value="generated"/></page><page><extension url="http://hl7.org/fhir/tools/StructureDefinition/ig-page-name"><valueUrl value="StructureDefinition-DT.html"/></extension><nameUrl value="StructureDefinition-DT.html"/><title value="DT"/><generation value="generated"/></page><page><extension url="http://hl7.org/fhir/tools/StructureDefinition/ig-page-name"><valueUrl value="StructureDefinition-EN.html"/></extension><nameUrl value="StructureDefinition-EN.html"/><title value="EN"/><generation value="generated"/></page><page><extension url="http://hl7.org/fhir/tools/StructureDefinition/ig-page-name"><valueUrl value="StructureDefinition-II.html"/></extension><nameUrl value="StructureDefinition-II.html"/><title value="II"/><generation value="generated"/></page><page><extension url="http://hl7.org/fhir/tools/StructureDefinition/ig-page-name"><valueUrl value="StructureDefinition-INT.html"/></extension><nameUrl value="StructureDefinition-INT.html"/><title value="INT"/><generation value="generated"/></page><page><extension url="http://hl7.org/fhir/tools/StructureDefinition/ig-page-name"><valueUrl value="StructureDefinition-PQ.html"/></extension><nameUrl value="StructureDefinition-PQ.html"/><title value="PQ"/><generation value="generated"/></page><page><extension url="http://hl7.org/fhir/tools/StructureDefinition/ig-page-name"><valueUrl value="StructureDefinition-QT.html"/></extension><nameUrl value="StructureDefinition-QT.html"/><title value="QT"/><generation value="generated"/></page><page><extension url="http://hl7.org/fhir/tools/StructureDefinition/ig-page-name"><valueUrl value="StructureDefinition-REAL.html"/></extension><nameUrl value="StructureDefinition-REAL.html"/><title value="REAL"/><generation value="generated"/></page><page><extension url="http://hl7.org/fhir/tools/StructureDefinition/ig-page-name"><valueUrl value="StructureDefinition-RTO.html"/></extension><nameUrl value="StructureDefinition-RTO.html"/><title value="RTO"/><generation value="generated"/></page><page><extension url="http://hl7.org/fhir/tools/StructureDefinition/ig-page-name"><valueUrl value="StructureDefinition-ST.html"/></extension><nameUrl value="StructureDefinition-ST.html"/><title value="ST"/><generation value="generated"/></page><page><extension url="http://hl7.org/fhir/tools/StructureDefinition/ig-page-name"><valueUrl value="StructureDefinition-TS.html"/></extension><nameUrl value="StructureDefinition-TS.html"/><title value="TS"/><generation value="generated"/></page><page><extension url="http://hl7.org/fhir/tools/StructureDefinition/ig-page-name"><valueUrl value="StructureDefinition-Untyped.html"/></extension><nameUrl value="StructureDefinition-Untyped.html"/><title value="Untyped"/><generation value="generated"/></page></page></page><parameter><code value="path-resource"/><value value="input/resources"/></parameter><parameter><code value="path-resource"/><value value="fsh-generated/resources"/></parameter><parameter><code value="path-resource"/><value value="input/examples"/></parameter><parameter><code value="path-pages"/><value value="input/pagecontent"/></parameter><parameter><code value="path-pages"/><value value="fsh-generated/includes"/></parameter><parameter><code value="path-resource"/><value value="input/capabilities"/></parameter><parameter><code value="path-resource"/><value value="input/extensions"/></parameter><parameter><code value="path-resource"/><value value="input/models"/></parameter><parameter><code value="path-resource"/><value value="input/operations"/></parameter><parameter><code value="path-resource"/><value value="input/profiles"/></parameter><parameter><code value="path-resource"/><value value="input/vocabulary"/></parameter><parameter><code value="path-resource"/><value value="input/testing"/></parameter><parameter><code value="path-resource"/><value value="input/history"/></parameter><parameter><code value="path-pages"/><value value="template/config"/></parameter><parameter><code value="path-pages"/><value value="input/images"/></parameter><parameter><code value="path-tx-cache"/><value value="input-cache/txcache"/></parameter></definition></ImplementationGuide>