<?xml version="1.0" encoding="UTF-8"?><StructureDefinition xmlns="http://hl7.org/fhir"><id value="MedicationDispenseHMW"/><text><status value="extensions"/><div xmlns="http://www.w3.org/1999/xhtml"><table border="0" cellpadding="0" cellspacing="0" style="border: 0px #F0F0F0 solid; font-size: 11px; font-family: verdana; vertical-align: top;"><tr style="border: 1px #F0F0F0 solid; font-size: 11px; font-family: verdana; vertical-align: top"><th style="vertical-align: top; text-align : left; background-color: white; border: 0px #F0F0F0 solid; padding:0px 4px 0px 4px" class="hierarchy"><a href="http://hl7.org/fhir/R4/formats.html#table" title="The logical name of the element">Name</a></th><th style="vertical-align: top; text-align : left; background-color: white; border: 0px #F0F0F0 solid; padding:0px 4px 0px 4px" class="hierarchy"><a href="http://hl7.org/fhir/R4/formats.html#table" title="Information about the use of the element">Flags</a></th><th style="vertical-align: top; text-align : left; background-color: white; border: 0px #F0F0F0 solid; padding:0px 4px 0px 4px" class="hierarchy"><a href="http://hl7.org/fhir/R4/formats.html#table" title="Minimum and Maximum # of times the the element can appear in the instance">Card.</a></th><th style="width: 100px" class="hierarchy"><a href="http://hl7.org/fhir/R4/formats.html#table" title="Reference to the type of the element">Type</a></th><th style="vertical-align: top; text-align : left; background-color: white; border: 0px #F0F0F0 solid; padding:0px 4px 0px 4px" class="hierarchy"><a href="http://hl7.org/fhir/R4/formats.html#table" title="Additional information about the element">Description &amp; Constraints</a><span style="float: right"><a href="http://hl7.org/fhir/R4/formats.html#table" title="Legend for this format"><img src="http://hl7.org/fhir/R4/help16.png" alt="doco" style="background-color: inherit"/></a></span></th></tr><tr style="border: 0px #F0F0F0 solid; padding:0px; vertical-align: top; background-color: white"><td style="vertical-align: top; text-align : left; background-color: white; border: 0px #F0F0F0 solid; padding:0px 4px 0px 4px; white-space: nowrap; background-image: url(tbl_bck1.png)" class="hierarchy"><img src="tbl_spacer.png" alt="." style="background-color: inherit" class="hierarchy"/><img src="icon_element.gif" alt="." style="background-color: white; background-color: inherit" title="Element" class="hierarchy"/> <a href="StructureDefinition-MedicationDispenseHMW-definitions.html#MedicationDispenseHMW" title="Logical Model for dispense from HMW">MedicationDispenseHMW</a><a name="MedicationDispenseHMW"> </a></td><td style="vertical-align: top; text-align : left; background-color: white; border: 0px #F0F0F0 solid; padding:0px 4px 0px 4px" class="hierarchy"/><td style="vertical-align: top; text-align : left; background-color: white; border: 0px #F0F0F0 solid; padding:0px 4px 0px 4px" class="hierarchy"><span style="opacity: 0.5">0</span><span style="opacity: 0.5">..</span><span style="opacity: 0.5">*</span></td><td style="vertical-align: top; text-align : left; background-color: white; border: 0px #F0F0F0 solid; padding:0px 4px 0px 4px" class="hierarchy"/><td style="vertical-align: top; text-align : left; background-color: white; border: 0px #F0F0F0 solid; padding:0px 4px 0px 4px" class="hierarchy">Logical Model for dispense from HMW</td></tr>
<tr style="border: 0px #F0F0F0 solid; padding:0px; vertical-align: top; background-color: #F7F7F7"><td style="vertical-align: top; text-align : left; background-color: #F7F7F7; border: 0px #F0F0F0 solid; padding:0px 4px 0px 4px; white-space: nowrap; background-image: url(tbl_bck10.png)" class="hierarchy"><img src="tbl_spacer.png" alt="." style="background-color: inherit" class="hierarchy"/><img src="tbl_vjoin.png" alt="." style="background-color: inherit" class="hierarchy"/><img src="icon_datatype.gif" alt="." style="background-color: #F7F7F7; background-color: inherit" title="Data Type" class="hierarchy"/> <a href="StructureDefinition-MedicationDispenseHMW-definitions.html#MedicationDispenseHMW.identifier" title="The business identifier(s) for the medication dispense session">identifier</a><a name="MedicationDispenseHMW.identifier"> </a></td><td style="vertical-align: top; text-align : left; background-color: #F7F7F7; border: 0px #F0F0F0 solid; padding:0px 4px 0px 4px" class="hierarchy"/><td style="vertical-align: top; text-align : left; background-color: #F7F7F7; border: 0px #F0F0F0 solid; padding:0px 4px 0px 4px" class="hierarchy">0..1</td><td style="vertical-align: top; text-align : left; background-color: #F7F7F7; border: 0px #F0F0F0 solid; padding:0px 4px 0px 4px" class="hierarchy"><a href="http://hl7.org/fhir/R4/datatypes.html#Identifier">Identifier</a></td><td style="vertical-align: top; text-align : left; background-color: #F7F7F7; border: 0px #F0F0F0 solid; padding:0px 4px 0px 4px" class="hierarchy">The business identifier(s) for the medication dispense session</td></tr>
<tr style="border: 0px #F0F0F0 solid; padding:0px; vertical-align: top; background-color: white"><td style="vertical-align: top; text-align : left; background-color: white; border: 0px #F0F0F0 solid; padding:0px 4px 0px 4px; white-space: nowrap; background-image: url(tbl_bck10.png)" class="hierarchy"><img src="tbl_spacer.png" alt="." style="background-color: inherit" class="hierarchy"/><img src="tbl_vjoin.png" alt="." style="background-color: inherit" class="hierarchy"/><img src="icon_reference.png" alt="." style="background-color: white; background-color: inherit" title="Reference to another Resource" class="hierarchy"/> <a href="StructureDefinition-MedicationDispenseHMW-definitions.html#MedicationDispenseHMW.patient" title="The person for which the medication is dispensed.">patient</a><a name="MedicationDispenseHMW.patient"> </a></td><td style="vertical-align: top; text-align : left; background-color: white; border: 0px #F0F0F0 solid; padding:0px 4px 0px 4px" class="hierarchy"/><td style="vertical-align: top; text-align : left; background-color: white; border: 0px #F0F0F0 solid; padding:0px 4px 0px 4px" class="hierarchy">1..1</td><td style="vertical-align: top; text-align : left; background-color: white; border: 0px #F0F0F0 solid; padding:0px 4px 0px 4px" class="hierarchy"><a href="http://hl7.org/fhir/R4/references.html">Reference</a>(<a href="http://hl7.org/fhir/R4/patient.html">Patient</a>)</td><td style="vertical-align: top; text-align : left; background-color: white; border: 0px #F0F0F0 solid; padding:0px 4px 0px 4px" class="hierarchy">The person for which the medication is dispensed.</td></tr>
<tr style="border: 0px #F0F0F0 solid; padding:0px; vertical-align: top; background-color: #F7F7F7"><td style="vertical-align: top; text-align : left; background-color: #F7F7F7; border: 0px #F0F0F0 solid; padding:0px 4px 0px 4px; white-space: nowrap; background-image: url(tbl_bck10.png)" class="hierarchy"><img src="tbl_spacer.png" alt="." style="background-color: inherit" class="hierarchy"/><img src="tbl_vjoin.png" alt="." style="background-color: inherit" class="hierarchy"/><img src="icon_datatype.gif" alt="." style="background-color: #F7F7F7; background-color: inherit" title="Data Type" class="hierarchy"/> <a href="StructureDefinition-MedicationDispenseHMW-definitions.html#MedicationDispenseHMW.dispenser" title="The dispenser, if known and relevant">dispenser</a><a name="MedicationDispenseHMW.dispenser"> </a></td><td style="vertical-align: top; text-align : left; background-color: #F7F7F7; border: 0px #F0F0F0 solid; padding:0px 4px 0px 4px" class="hierarchy"/><td style="vertical-align: top; text-align : left; background-color: #F7F7F7; border: 0px #F0F0F0 solid; padding:0px 4px 0px 4px" class="hierarchy">0..*</td><td style="vertical-align: top; text-align : left; background-color: #F7F7F7; border: 0px #F0F0F0 solid; padding:0px 4px 0px 4px" class="hierarchy"><a href="http://hl7.org/fhir/R4/datatypes.html#BackboneElement">BackboneElement</a></td><td style="vertical-align: top; text-align : left; background-color: #F7F7F7; border: 0px #F0F0F0 solid; padding:0px 4px 0px 4px" class="hierarchy">The dispenser, if known and relevant<br/></td></tr>
<tr style="border: 0px #F0F0F0 solid; padding:0px; vertical-align: top; background-color: white"><td style="vertical-align: top; text-align : left; background-color: white; border: 0px #F0F0F0 solid; padding:0px 4px 0px 4px; white-space: nowrap; background-image: url(tbl_bck10.png)" class="hierarchy"><img src="tbl_spacer.png" alt="." style="background-color: inherit" class="hierarchy"/><img src="tbl_vjoin.png" alt="." style="background-color: inherit" class="hierarchy"/><img src="icon_primitive.png" alt="." style="background-color: white; background-color: inherit" title="Primitive Data Type" class="hierarchy"/> <a href="StructureDefinition-MedicationDispenseHMW-definitions.html#MedicationDispenseHMW.date" title="The date when the dispense ocurred (or not)">date</a><a name="MedicationDispenseHMW.date"> </a></td><td style="vertical-align: top; text-align : left; background-color: white; border: 0px #F0F0F0 solid; padding:0px 4px 0px 4px" class="hierarchy"/><td style="vertical-align: top; text-align : left; background-color: white; border: 0px #F0F0F0 solid; padding:0px 4px 0px 4px" class="hierarchy">1..1</td><td style="vertical-align: top; text-align : left; background-color: white; border: 0px #F0F0F0 solid; padding:0px 4px 0px 4px" class="hierarchy"><a href="http://hl7.org/fhir/R4/datatypes.html#dateTime">dateTime</a></td><td style="vertical-align: top; text-align : left; background-color: white; border: 0px #F0F0F0 solid; padding:0px 4px 0px 4px" class="hierarchy">The date when the dispense ocurred (or not)</td></tr>
<tr style="border: 0px #F0F0F0 solid; padding:0px; vertical-align: top; background-color: #F7F7F7"><td style="vertical-align: top; text-align : left; background-color: #F7F7F7; border: 0px #F0F0F0 solid; padding:0px 4px 0px 4px; white-space: nowrap; background-image: url(tbl_bck10.png)" class="hierarchy"><img src="tbl_spacer.png" alt="." style="background-color: inherit" class="hierarchy"/><img src="tbl_vjoin.png" alt="." style="background-color: inherit" class="hierarchy"/><img src="icon_reference.png" alt="." style="background-color: #F7F7F7; background-color: inherit" title="Reference to another Resource" class="hierarchy"/> <a href="StructureDefinition-MedicationDispenseHMW-definitions.html#MedicationDispenseHMW.prescription" title="The information about a prescription related to the dispense">prescription</a><a name="MedicationDispenseHMW.prescription"> </a></td><td style="vertical-align: top; text-align : left; background-color: #F7F7F7; border: 0px #F0F0F0 solid; padding:0px 4px 0px 4px" class="hierarchy"/><td style="vertical-align: top; text-align : left; background-color: #F7F7F7; border: 0px #F0F0F0 solid; padding:0px 4px 0px 4px" class="hierarchy">0..1</td><td style="vertical-align: top; text-align : left; background-color: #F7F7F7; border: 0px #F0F0F0 solid; padding:0px 4px 0px 4px" class="hierarchy"><a href="http://hl7.org/fhir/R4/references.html">Reference</a>(<a href="http://hl7.org/fhir/R4/medicationrequest.html">MedicationRequest</a>)</td><td style="vertical-align: top; text-align : left; background-color: #F7F7F7; border: 0px #F0F0F0 solid; padding:0px 4px 0px 4px" class="hierarchy">The information about a prescription related to the dispense</td></tr>
<tr style="border: 0px #F0F0F0 solid; padding:0px; vertical-align: top; background-color: white"><td style="vertical-align: top; text-align : left; background-color: white; border: 0px #F0F0F0 solid; padding:0px 4px 0px 4px; white-space: nowrap; background-image: url(tbl_bck10.png)" class="hierarchy"><img src="tbl_spacer.png" alt="." style="background-color: inherit" class="hierarchy"/><img src="tbl_vjoin.png" alt="." style="background-color: inherit" class="hierarchy"/><img src="icon_primitive.png" alt="." style="background-color: white; background-color: inherit" title="Primitive Data Type" class="hierarchy"/> <a href="StructureDefinition-MedicationDispenseHMW-definitions.html#MedicationDispenseHMW.status" title="Status of the dispense">status</a><a name="MedicationDispenseHMW.status"> </a></td><td style="vertical-align: top; text-align : left; background-color: white; border: 0px #F0F0F0 solid; padding:0px 4px 0px 4px" class="hierarchy"/><td style="vertical-align: top; text-align : left; background-color: white; border: 0px #F0F0F0 solid; padding:0px 4px 0px 4px" class="hierarchy">1..1</td><td style="vertical-align: top; text-align : left; background-color: white; border: 0px #F0F0F0 solid; padding:0px 4px 0px 4px" class="hierarchy"><a href="http://hl7.org/fhir/R4/datatypes.html#code">code</a></td><td style="vertical-align: top; text-align : left; background-color: white; border: 0px #F0F0F0 solid; padding:0px 4px 0px 4px" class="hierarchy">Status of the dispense</td></tr>
<tr style="border: 0px #F0F0F0 solid; padding:0px; vertical-align: top; background-color: #F7F7F7"><td style="vertical-align: top; text-align : left; background-color: #F7F7F7; border: 0px #F0F0F0 solid; padding:0px 4px 0px 4px; white-space: nowrap; background-image: url(tbl_bck10.png)" class="hierarchy"><img src="tbl_spacer.png" alt="." style="background-color: inherit" class="hierarchy"/><img src="tbl_vjoin.png" alt="." style="background-color: inherit" class="hierarchy"/><img src="icon_datatype.gif" alt="." style="background-color: #F7F7F7; background-color: inherit" title="Data Type" class="hierarchy"/> <a href="StructureDefinition-MedicationDispenseHMW-definitions.html#MedicationDispenseHMW.statusReason" title="Reason for a dispense status">statusReason</a><a name="MedicationDispenseHMW.statusReason"> </a></td><td style="vertical-align: top; text-align : left; background-color: #F7F7F7; border: 0px #F0F0F0 solid; padding:0px 4px 0px 4px" class="hierarchy"/><td style="vertical-align: top; text-align : left; background-color: #F7F7F7; border: 0px #F0F0F0 solid; padding:0px 4px 0px 4px" class="hierarchy">0..*</td><td style="vertical-align: top; text-align : left; background-color: #F7F7F7; border: 0px #F0F0F0 solid; padding:0px 4px 0px 4px" class="hierarchy"><a href="http://hl7.org/fhir/R4/datatypes.html#CodeableConcept">CodeableConcept</a></td><td style="vertical-align: top; text-align : left; background-color: #F7F7F7; border: 0px #F0F0F0 solid; padding:0px 4px 0px 4px" class="hierarchy">Reason for a dispense status<br/></td></tr>
<tr style="border: 0px #F0F0F0 solid; padding:0px; vertical-align: top; background-color: white"><td style="vertical-align: top; text-align : left; background-color: white; border: 0px #F0F0F0 solid; padding:0px 4px 0px 4px; white-space: nowrap; background-image: url(tbl_bck11.png)" class="hierarchy"><img src="tbl_spacer.png" alt="." style="background-color: inherit" class="hierarchy"/><img src="tbl_vjoin.png" alt="." style="background-color: inherit" class="hierarchy"/><img src="icon_choice.gif" alt="." style="background-color: white; background-color: inherit" title="Choice of Types" class="hierarchy"/> <a href="StructureDefinition-MedicationDispenseHMW-definitions.html#MedicationDispenseHMW.product[x]" title="The product that was dispensed - coded or not (e.g. for magistral preparations)">product[x]</a><a name="MedicationDispenseHMW.product_x_"> </a></td><td style="vertical-align: top; text-align : left; background-color: white; border: 0px #F0F0F0 solid; padding:0px 4px 0px 4px" class="hierarchy"/><td style="vertical-align: top; text-align : left; background-color: white; border: 0px #F0F0F0 solid; padding:0px 4px 0px 4px" class="hierarchy">1..1</td><td style="vertical-align: top; text-align : left; background-color: white; border: 0px #F0F0F0 solid; padding:0px 4px 0px 4px" class="hierarchy"/><td style="vertical-align: top; text-align : left; background-color: white; border: 0px #F0F0F0 solid; padding:0px 4px 0px 4px" class="hierarchy">The product that was dispensed</td></tr>
<tr style="border: 0px #F0F0F0 solid; padding:0px; vertical-align: top; background-color: #F7F7F7"><td style="vertical-align: top; text-align : left; background-color: #F7F7F7; border: 0px #F0F0F0 solid; padding:0px 4px 0px 4px; white-space: nowrap; background-image: url(tbl_bck110.png)" class="hierarchy"><img src="tbl_spacer.png" alt="." style="background-color: inherit" class="hierarchy"/><img src="tbl_vline.png" alt="." style="background-color: inherit" class="hierarchy"/><img src="tbl_vjoin.png" alt="." style="background-color: inherit" class="hierarchy"/><img src="icon_datatype.gif" alt="." style="background-color: #F7F7F7; background-color: inherit" title="Data Type" class="hierarchy"/> <span title="Base StructureDefinition for CodeableConcept Type: A concept that may be defined by a formal reference to a terminology or ontology or may be provided by text.">productCodeableConcept</span></td><td style="vertical-align: top; text-align : left; background-color: #F7F7F7; border: 0px #F0F0F0 solid; padding:0px 4px 0px 4px" class="hierarchy"/><td style="vertical-align: top; text-align : left; background-color: #F7F7F7; border: 0px #F0F0F0 solid; padding:0px 4px 0px 4px" class="hierarchy"></td><td style="vertical-align: top; text-align : left; background-color: #F7F7F7; border: 0px #F0F0F0 solid; padding:0px 4px 0px 4px" class="hierarchy"><a href="http://hl7.org/fhir/R4/datatypes.html#CodeableConcept">CodeableConcept</a></td><td style="vertical-align: top; text-align : left; background-color: #F7F7F7; border: 0px #F0F0F0 solid; padding:0px 4px 0px 4px" class="hierarchy"/></tr>
<tr style="border: 0px #F0F0F0 solid; padding:0px; vertical-align: top; background-color: white"><td style="vertical-align: top; text-align : left; background-color: white; border: 0px #F0F0F0 solid; padding:0px 4px 0px 4px; white-space: nowrap; background-image: url(tbl_bck100.png)" class="hierarchy"><img src="tbl_spacer.png" alt="." style="background-color: inherit" class="hierarchy"/><img src="tbl_vline.png" alt="." style="background-color: inherit" class="hierarchy"/><img src="tbl_vjoin_end.png" alt="." style="background-color: inherit" class="hierarchy"/><img src="icon_reference.png" alt="." style="background-color: white; background-color: inherit" title="Reference to another Resource" class="hierarchy"/> productReference</td><td style="vertical-align: top; text-align : left; background-color: white; border: 0px #F0F0F0 solid; padding:0px 4px 0px 4px" class="hierarchy"/><td style="vertical-align: top; text-align : left; background-color: white; border: 0px #F0F0F0 solid; padding:0px 4px 0px 4px" class="hierarchy"></td><td style="vertical-align: top; text-align : left; background-color: white; border: 0px #F0F0F0 solid; padding:0px 4px 0px 4px" class="hierarchy"><a href="http://hl7.org/fhir/R4/references.html#Reference">Reference</a>(<a href="http://hl7.org/fhir/R4/medication.html">Medication</a>)</td><td style="vertical-align: top; text-align : left; background-color: white; border: 0px #F0F0F0 solid; padding:0px 4px 0px 4px" class="hierarchy"/></tr>
<tr style="border: 0px #F0F0F0 solid; padding:0px; vertical-align: top; background-color: #F7F7F7"><td style="vertical-align: top; text-align : left; background-color: #F7F7F7; border: 0px #F0F0F0 solid; padding:0px 4px 0px 4px; white-space: nowrap; background-image: url(tbl_bck10.png)" class="hierarchy"><img src="tbl_spacer.png" alt="." style="background-color: inherit" class="hierarchy"/><img src="tbl_vjoin.png" alt="." style="background-color: inherit" class="hierarchy"/><img src="icon_datatype.gif" alt="." style="background-color: #F7F7F7; background-color: inherit" title="Data Type" class="hierarchy"/> <a href="StructureDefinition-MedicationDispenseHMW-definitions.html#MedicationDispenseHMW.quantitydispensed" title="The amound of product that was dispensed">quantitydispensed</a><a name="MedicationDispenseHMW.quantitydispensed"> </a></td><td style="vertical-align: top; text-align : left; background-color: #F7F7F7; border: 0px #F0F0F0 solid; padding:0px 4px 0px 4px" class="hierarchy"/><td style="vertical-align: top; text-align : left; background-color: #F7F7F7; border: 0px #F0F0F0 solid; padding:0px 4px 0px 4px" class="hierarchy">0..1</td><td style="vertical-align: top; text-align : left; background-color: #F7F7F7; border: 0px #F0F0F0 solid; padding:0px 4px 0px 4px" class="hierarchy"><a href="http://hl7.org/fhir/R4/datatypes.html#SimpleQuantity" title="Quantity">SimpleQuantity</a></td><td style="vertical-align: top; text-align : left; background-color: #F7F7F7; border: 0px #F0F0F0 solid; padding:0px 4px 0px 4px" class="hierarchy">The amound of product that was dispensed</td></tr>
<tr style="border: 0px #F0F0F0 solid; padding:0px; vertical-align: top; background-color: white"><td style="vertical-align: top; text-align : left; background-color: white; border: 0px #F0F0F0 solid; padding:0px 4px 0px 4px; white-space: nowrap; background-image: url(tbl_bck10.png)" class="hierarchy"><img src="tbl_spacer.png" alt="." style="background-color: inherit" class="hierarchy"/><img src="tbl_vjoin.png" alt="." style="background-color: inherit" class="hierarchy"/><img src="icon_datatype.gif" alt="." style="background-color: white; background-color: inherit" title="Data Type" class="hierarchy"/> <a href="StructureDefinition-MedicationDispenseHMW-definitions.html#MedicationDispenseHMW.dosageInstruction" title="The instructions for using the product">dosageInstruction</a><a name="MedicationDispenseHMW.dosageInstruction"> </a></td><td style="vertical-align: top; text-align : left; background-color: white; border: 0px #F0F0F0 solid; padding:0px 4px 0px 4px" class="hierarchy"/><td style="vertical-align: top; text-align : left; background-color: white; border: 0px #F0F0F0 solid; padding:0px 4px 0px 4px" class="hierarchy">0..1</td><td style="vertical-align: top; text-align : left; background-color: white; border: 0px #F0F0F0 solid; padding:0px 4px 0px 4px" class="hierarchy"><a href="http://hl7.org/fhir/R4/datatypes.html#Dosage">Dosage</a></td><td style="vertical-align: top; text-align : left; background-color: white; border: 0px #F0F0F0 solid; padding:0px 4px 0px 4px" class="hierarchy">The instructions for using the product</td></tr>
<tr style="border: 0px #F0F0F0 solid; padding:0px; vertical-align: top; background-color: #F7F7F7"><td style="vertical-align: top; text-align : left; background-color: #F7F7F7; border: 0px #F0F0F0 solid; padding:0px 4px 0px 4px; white-space: nowrap; background-image: url(tbl_bck00.png)" class="hierarchy"><img src="tbl_spacer.png" alt="." style="background-color: inherit" class="hierarchy"/><img src="tbl_vjoin_end.png" alt="." style="background-color: inherit" class="hierarchy"/><img src="icon_datatype.gif" alt="." style="background-color: #F7F7F7; background-color: inherit" title="Data Type" class="hierarchy"/> <a href="StructureDefinition-MedicationDispenseHMW-definitions.html#MedicationDispenseHMW.note" title="Additional information about the dispensed product">note</a><a name="MedicationDispenseHMW.note"> </a></td><td style="vertical-align: top; text-align : left; background-color: #F7F7F7; border: 0px #F0F0F0 solid; padding:0px 4px 0px 4px" class="hierarchy"/><td style="vertical-align: top; text-align : left; background-color: #F7F7F7; border: 0px #F0F0F0 solid; padding:0px 4px 0px 4px" class="hierarchy">0..*</td><td style="vertical-align: top; text-align : left; background-color: #F7F7F7; border: 0px #F0F0F0 solid; padding:0px 4px 0px 4px" class="hierarchy"><a href="http://hl7.org/fhir/R4/datatypes.html#Annotation">Annotation</a></td><td style="vertical-align: top; text-align : left; background-color: #F7F7F7; border: 0px #F0F0F0 solid; padding:0px 4px 0px 4px" class="hierarchy">Additional information about the dispensed product<br/></td></tr>
<tr><td colspan="5" class="hierarchy"><br/><a href="http://hl7.org/fhir/R4/formats.html#table" title="Legend for this format"><img src="http://hl7.org/fhir/R4/help16.png" alt="doco" style="background-color: inherit"/> Documentation for this format</a></td></tr></table></div></text><url value="http://profiles.ihe.net/PHARM/ihe.pharm.mpd/StructureDefinition/MedicationDispenseHMW"/><version value="0.1.0"/><name value="MedicationDispenseHMW"/><title value="Logical Model for dispense from HMW"/><status value="active"/><date value="2021-10-11T13:22:02+00:00"/><publisher value="Integrating the Healthcare Enterprise (IHE)"/><contact><name value="Integrating the Healthcare Enterprise (IHE)"/><telecom><system value="url"/><value value="http://ihe.net"/></telecom><telecom><system value="email"/><value value="secretary@ihe.net"/></telecom></contact><contact><name value="Jose Costa Teixeira"/><telecom><system value="email"/><value value="jose.a.teixeira@gmail.com"/><use value="work"/></telecom></contact><description value="Logical Model for dispense from HMW"/><jurisdiction><coding><system value="http://unstats.un.org/unsd/methods/m49/m49.htm"/><code value="001"/></coding></jurisdiction><copyright value="IHE http://www.ihe.net/Governance/#Intellectual_Property"/><fhirVersion value="4.0.1"/><mapping><identity value="rim"/><uri value="http://hl7.org/v3"/><name value="RIM Mapping"/></mapping><kind value="logical"/><abstract value="false"/><type value="http://profiles.ihe.net/PHARM/ihe.pharm.mpd/StructureDefinition/MedicationDispenseHMW"/><baseDefinition value="http://hl7.org/fhir/StructureDefinition/Base"/><derivation value="specialization"/><snapshot><element id="MedicationDispenseHMW"><path value="MedicationDispenseHMW"/><short value="Logical Model for dispense from HMW"/><definition value="Logical Model for dispense from HMW"/><min value="0"/><max value="*"/><base><path value="Base"/><min value="0"/><max value="*"/></base><isModifier value="false"/></element><element id="MedicationDispenseHMW.identifier"><path value="MedicationDispenseHMW.identifier"/><short value="The business identifier(s) for the medication dispense session"/><definition value="The business identifier(s) for the medication dispense session"/><min value="0"/><max value="1"/><base><path value="MedicationDispenseHMW.identifier"/><min value="0"/><max value="1"/></base><type><code value="Identifier"/></type></element><element id="MedicationDispenseHMW.patient"><path value="MedicationDispenseHMW.patient"/><short value="The person for which the medication is dispensed."/><definition value="The person for which the medication is dispensed."/><min value="1"/><max value="1"/><base><path value="MedicationDispenseHMW.patient"/><min value="1"/><max value="1"/></base><type><code value="Reference"/><targetProfile value="http://hl7.org/fhir/StructureDefinition/Patient"/></type></element><element id="MedicationDispenseHMW.dispenser"><path value="MedicationDispenseHMW.dispenser"/><short value="The dispenser, if known and relevant"/><definition value="The dispenser, if known and relevant"/><min value="0"/><max value="*"/><base><path value="MedicationDispenseHMW.dispenser"/><min value="0"/><max value="*"/></base><type><code value="BackboneElement"/></type></element><element id="MedicationDispenseHMW.date"><path value="MedicationDispenseHMW.date"/><short value="The date when the dispense ocurred (or not)"/><definition value="The date when the dispense ocurred (or not)"/><min value="1"/><max value="1"/><base><path value="MedicationDispenseHMW.date"/><min value="1"/><max value="1"/></base><type><code value="dateTime"/></type></element><element id="MedicationDispenseHMW.prescription"><path value="MedicationDispenseHMW.prescription"/><short value="The information about a prescription related to the dispense"/><definition value="The information about a prescription related to the dispense"/><min value="0"/><max value="1"/><base><path value="MedicationDispenseHMW.prescription"/><min value="0"/><max value="1"/></base><type><code value="Reference"/><targetProfile value="http://hl7.org/fhir/StructureDefinition/MedicationRequest"/></type></element><element id="MedicationDispenseHMW.status"><path value="MedicationDispenseHMW.status"/><short value="Status of the dispense"/><definition value="Status of the dispense"/><min value="1"/><max value="1"/><base><path value="MedicationDispenseHMW.status"/><min value="1"/><max value="1"/></base><type><code value="code"/></type></element><element id="MedicationDispenseHMW.statusReason"><path value="MedicationDispenseHMW.statusReason"/><short value="Reason for a dispense status"/><definition value="Reason for a dispense status"/><min value="0"/><max value="*"/><base><path value="MedicationDispenseHMW.statusReason"/><min value="0"/><max value="*"/></base><type><code value="CodeableConcept"/></type></element><element id="MedicationDispenseHMW.product[x]"><path value="MedicationDispenseHMW.product[x]"/><short value="The product that was dispensed"/><definition value="The product that was dispensed - coded or not (e.g. for magistral preparations)"/><min value="1"/><max value="1"/><base><path value="MedicationDispenseHMW.product[x]"/><min value="1"/><max value="1"/></base><type><code value="CodeableConcept"/></type><type><code value="Reference"/><targetProfile value="http://hl7.org/fhir/StructureDefinition/Medication"/></type></element><element id="MedicationDispenseHMW.quantitydispensed"><path value="MedicationDispenseHMW.quantitydispensed"/><short value="The amound of product that was dispensed"/><definition value="The amound of product that was dispensed"/><min value="0"/><max value="1"/><base><path value="MedicationDispenseHMW.quantitydispensed"/><min value="0"/><max value="1"/></base><type><code value="Quantity"/><profile value="http://hl7.org/fhir/StructureDefinition/SimpleQuantity"/></type></element><element id="MedicationDispenseHMW.dosageInstruction"><path value="MedicationDispenseHMW.dosageInstruction"/><short value="The instructions for using the product"/><definition value="The instructions for using the product"/><min value="0"/><max value="1"/><base><path value="MedicationDispenseHMW.dosageInstruction"/><min value="0"/><max value="1"/></base><type><code value="Dosage"/></type></element><element id="MedicationDispenseHMW.note"><path value="MedicationDispenseHMW.note"/><short value="Additional information about the dispensed product"/><definition value="Additional information about the dispensed product"/><min value="0"/><max value="*"/><base><path value="MedicationDispenseHMW.note"/><min value="0"/><max value="*"/></base><type><code value="Annotation"/></type></element></snapshot><differential><element id="MedicationDispenseHMW"><path value="MedicationDispenseHMW"/><short value="Logical Model for dispense from HMW"/><definition value="Logical Model for dispense from HMW"/></element><element id="MedicationDispenseHMW.identifier"><path value="MedicationDispenseHMW.identifier"/><short value="The business identifier(s) for the medication dispense session"/><definition value="The business identifier(s) for the medication dispense session"/><min value="0"/><max value="1"/><type><code value="Identifier"/></type></element><element id="MedicationDispenseHMW.patient"><path value="MedicationDispenseHMW.patient"/><short value="The person for which the medication is dispensed."/><definition value="The person for which the medication is dispensed."/><min value="1"/><max value="1"/><type><code value="Reference"/><targetProfile value="http://hl7.org/fhir/StructureDefinition/Patient"/></type></element><element id="MedicationDispenseHMW.dispenser"><path value="MedicationDispenseHMW.dispenser"/><short value="The dispenser, if known and relevant"/><definition value="The dispenser, if known and relevant"/><min value="0"/><max value="*"/><type><code value="BackboneElement"/></type></element><element id="MedicationDispenseHMW.date"><path value="MedicationDispenseHMW.date"/><short value="The date when the dispense ocurred (or not)"/><definition value="The date when the dispense ocurred (or not)"/><min value="1"/><max value="1"/><type><code value="dateTime"/></type></element><element id="MedicationDispenseHMW.prescription"><path value="MedicationDispenseHMW.prescription"/><short value="The information about a prescription related to the dispense"/><definition value="The information about a prescription related to the dispense"/><min value="0"/><max value="1"/><type><code value="Reference"/><targetProfile value="http://hl7.org/fhir/StructureDefinition/MedicationRequest"/></type></element><element id="MedicationDispenseHMW.status"><path value="MedicationDispenseHMW.status"/><short value="Status of the dispense"/><definition value="Status of the dispense"/><min value="1"/><max value="1"/><type><code value="code"/></type></element><element id="MedicationDispenseHMW.statusReason"><path value="MedicationDispenseHMW.statusReason"/><short value="Reason for a dispense status"/><definition value="Reason for a dispense status"/><min value="0"/><max value="*"/><type><code value="CodeableConcept"/></type></element><element id="MedicationDispenseHMW.product[x]"><path value="MedicationDispenseHMW.product[x]"/><short value="The product that was dispensed"/><definition value="The product that was dispensed - coded or not (e.g. for magistral preparations)"/><min value="1"/><max value="1"/><type><code value="CodeableConcept"/></type><type><code value="Reference"/><targetProfile value="http://hl7.org/fhir/StructureDefinition/Medication"/></type></element><element id="MedicationDispenseHMW.quantitydispensed"><path value="MedicationDispenseHMW.quantitydispensed"/><short value="The amound of product that was dispensed"/><definition value="The amound of product that was dispensed"/><min value="0"/><max value="1"/><type><code value="Quantity"/><profile value="http://hl7.org/fhir/StructureDefinition/SimpleQuantity"/></type></element><element id="MedicationDispenseHMW.dosageInstruction"><path value="MedicationDispenseHMW.dosageInstruction"/><short value="The instructions for using the product"/><definition value="The instructions for using the product"/><min value="0"/><max value="1"/><type><code value="Dosage"/></type></element><element id="MedicationDispenseHMW.note"><path value="MedicationDispenseHMW.note"/><short value="Additional information about the dispensed product"/><definition value="Additional information about the dispensed product"/><min value="0"/><max value="*"/><type><code value="Annotation"/></type></element></differential></StructureDefinition>