<?xml version="1.0" encoding="UTF-8"?><StructureDefinition xmlns="http://hl7.org/fhir"><id value="MedicationDispenseIHEMM"/><text><status value="extensions"/><div xmlns="http://www.w3.org/1999/xhtml"><table border="0" cellpadding="0" cellspacing="0" style="border: 0px #F0F0F0 solid; font-size: 11px; font-family: verdana; vertical-align: top;"><tr style="border: 1px #F0F0F0 solid; font-size: 11px; font-family: verdana; vertical-align: top"><th style="vertical-align: top; text-align : left; background-color: white; border: 0px #F0F0F0 solid; padding:0px 4px 0px 4px" class="hierarchy"><a href="https://build.fhir.org/ig/FHIR/ig-guidance/readingIgs.html#table-views" title="The logical name of the element">Name</a></th><th style="vertical-align: top; text-align : left; background-color: white; border: 0px #F0F0F0 solid; padding:0px 4px 0px 4px" class="hierarchy"><a href="https://build.fhir.org/ig/FHIR/ig-guidance/readingIgs.html#table-views" title="Information about the use of the element">Flags</a></th><th style="vertical-align: top; text-align : left; background-color: white; border: 0px #F0F0F0 solid; padding:0px 4px 0px 4px" class="hierarchy"><a href="https://build.fhir.org/ig/FHIR/ig-guidance/readingIgs.html#table-views" title="Minimum and Maximum # of times the the element can appear in the instance">Card.</a></th><th style="width: 100px" class="hierarchy"><a href="https://build.fhir.org/ig/FHIR/ig-guidance/readingIgs.html#table-views" title="Reference to the type of the element">Type</a></th><th style="vertical-align: top; text-align : left; background-color: white; border: 0px #F0F0F0 solid; padding:0px 4px 0px 4px" class="hierarchy"><a href="https://build.fhir.org/ig/FHIR/ig-guidance/readingIgs.html#table-views" title="Additional information about the element">Description &amp; Constraints</a><span style="float: right"><a href="https://build.fhir.org/ig/FHIR/ig-guidance/readingIgs.html#table-views" title="Legend for this format"><img src="http://hl7.org/fhir/R4/help16.png" alt="doco" style="background-color: inherit"/></a></span></th></tr><tr style="border: 0px #F0F0F0 solid; padding:0px; vertical-align: top; background-color: white"><td style="vertical-align: top; text-align : left; background-color: white; border: 0px #F0F0F0 solid; padding:0px 4px 0px 4px; white-space: nowrap; background-image: url(tbl_bck1.png)" class="hierarchy"><img src="tbl_spacer.png" alt="." style="background-color: inherit" class="hierarchy"/><img src="icon_element.gif" alt="." style="background-color: white; background-color: inherit" title="Element" class="hierarchy"/> <a href="StructureDefinition-MedicationDispenseIHEMM-definitions.html#MedicationDispenseIHEMM" title="A medication dispense relates to zero or one prescription item of one prescription. There are cases when a medication is dispensed before the prescription is created. Medications dispensed outside the context of any prescription are considered as self-prescribed by the professional who dispenses. Thus they are still attached to a pseudo-prescription. A medication dispense is issued by one pharmacy staff. It is related to zero (community use case) or one (hospital use case) encounter of care.">MedicationDispenseIHEMM</a><a name="MedicationDispenseIHEMM"> </a></td><td style="vertical-align: top; text-align : left; background-color: white; border: 0px #F0F0F0 solid; padding:0px 4px 0px 4px" class="hierarchy"/><td style="vertical-align: top; text-align : left; background-color: white; border: 0px #F0F0F0 solid; padding:0px 4px 0px 4px" class="hierarchy"><span style="opacity: 0.5">0</span><span style="opacity: 0.5">..</span><span style="opacity: 0.5">*</span></td><td style="vertical-align: top; text-align : left; background-color: white; border: 0px #F0F0F0 solid; padding:0px 4px 0px 4px" class="hierarchy"><a href="http://build.fhir.org/types.html#Base">Base</a></td><td style="vertical-align: top; text-align : left; background-color: white; border: 0px #F0F0F0 solid; padding:0px 4px 0px 4px" class="hierarchy">[IHE MM] Logical Model for medication dispense</td></tr>
<tr style="border: 0px #F0F0F0 solid; padding:0px; vertical-align: top; background-color: #F7F7F7"><td style="vertical-align: top; text-align : left; background-color: #F7F7F7; border: 0px #F0F0F0 solid; padding:0px 4px 0px 4px; white-space: nowrap; background-image: url(tbl_bck10.png)" class="hierarchy"><img src="tbl_spacer.png" alt="." style="background-color: inherit" class="hierarchy"/><img src="tbl_vjoin.png" alt="." style="background-color: inherit" class="hierarchy"/><img src="icon_datatype.gif" alt="." style="background-color: #F7F7F7; background-color: inherit" title="Data Type" class="hierarchy"/> <a href="StructureDefinition-MedicationDispenseIHEMM-definitions.html#MedicationDispenseIHEMM.identifier">identifier</a><a name="MedicationDispenseIHEMM.identifier"> </a></td><td style="vertical-align: top; text-align : left; background-color: #F7F7F7; border: 0px #F0F0F0 solid; padding:0px 4px 0px 4px" class="hierarchy"/><td style="vertical-align: top; text-align : left; background-color: #F7F7F7; border: 0px #F0F0F0 solid; padding:0px 4px 0px 4px" class="hierarchy">0..1</td><td style="vertical-align: top; text-align : left; background-color: #F7F7F7; border: 0px #F0F0F0 solid; padding:0px 4px 0px 4px" class="hierarchy"><a href="http://hl7.org/fhir/R4/datatypes.html#Identifier">Identifier</a></td><td style="vertical-align: top; text-align : left; background-color: #F7F7F7; border: 0px #F0F0F0 solid; padding:0px 4px 0px 4px" class="hierarchy"/></tr>
<tr style="border: 0px #F0F0F0 solid; padding:0px; vertical-align: top; background-color: white"><td style="vertical-align: top; text-align : left; background-color: white; border: 0px #F0F0F0 solid; padding:0px 4px 0px 4px; white-space: nowrap; background-image: url(tbl_bck10.png)" class="hierarchy"><img src="tbl_spacer.png" alt="." style="background-color: inherit" class="hierarchy"/><img src="tbl_vjoin.png" alt="." style="background-color: inherit" class="hierarchy"/><img src="icon_primitive.png" alt="." style="background-color: white; background-color: inherit" title="Primitive Data Type" class="hierarchy"/> <a href="StructureDefinition-MedicationDispenseIHEMM-definitions.html#MedicationDispenseIHEMM.status">status</a><a name="MedicationDispenseIHEMM.status"> </a></td><td style="vertical-align: top; text-align : left; background-color: white; border: 0px #F0F0F0 solid; padding:0px 4px 0px 4px" class="hierarchy"/><td style="vertical-align: top; text-align : left; background-color: white; border: 0px #F0F0F0 solid; padding:0px 4px 0px 4px" class="hierarchy">0..1</td><td style="vertical-align: top; text-align : left; background-color: white; border: 0px #F0F0F0 solid; padding:0px 4px 0px 4px" class="hierarchy"><a href="http://hl7.org/fhir/R4/datatypes.html#code">code</a></td><td style="vertical-align: top; text-align : left; background-color: white; border: 0px #F0F0F0 solid; padding:0px 4px 0px 4px" class="hierarchy"/></tr>
<tr style="border: 0px #F0F0F0 solid; padding:0px; vertical-align: top; background-color: #F7F7F7"><td style="vertical-align: top; text-align : left; background-color: #F7F7F7; border: 0px #F0F0F0 solid; padding:0px 4px 0px 4px; white-space: nowrap; background-image: url(tbl_bck10.png)" class="hierarchy"><img src="tbl_spacer.png" alt="." style="background-color: inherit" class="hierarchy"/><img src="tbl_vjoin.png" alt="." style="background-color: inherit" class="hierarchy"/><img src="icon_datatype.gif" alt="." style="background-color: #F7F7F7; background-color: inherit" title="Data Type" class="hierarchy"/> <a href="StructureDefinition-MedicationDispenseIHEMM-definitions.html#MedicationDispenseIHEMM.statusReason">statusReason</a><a name="MedicationDispenseIHEMM.statusReason"> </a></td><td style="vertical-align: top; text-align : left; background-color: #F7F7F7; border: 0px #F0F0F0 solid; padding:0px 4px 0px 4px" class="hierarchy"/><td style="vertical-align: top; text-align : left; background-color: #F7F7F7; border: 0px #F0F0F0 solid; padding:0px 4px 0px 4px" class="hierarchy">0..1</td><td style="vertical-align: top; text-align : left; background-color: #F7F7F7; border: 0px #F0F0F0 solid; padding:0px 4px 0px 4px" class="hierarchy"><a href="http://hl7.org/fhir/R4/datatypes.html#CodeableConcept">CodeableConcept</a></td><td style="vertical-align: top; text-align : left; background-color: #F7F7F7; border: 0px #F0F0F0 solid; padding:0px 4px 0px 4px" class="hierarchy"/></tr>
<tr style="border: 0px #F0F0F0 solid; padding:0px; vertical-align: top; background-color: white"><td style="vertical-align: top; text-align : left; background-color: white; border: 0px #F0F0F0 solid; padding:0px 4px 0px 4px; white-space: nowrap; background-image: url(tbl_bck10.png)" class="hierarchy"><img src="tbl_spacer.png" alt="." style="background-color: inherit" class="hierarchy"/><img src="tbl_vjoin.png" alt="." style="background-color: inherit" class="hierarchy"/><img src="icon_datatype.gif" alt="." style="background-color: white; background-color: inherit" title="Data Type" class="hierarchy"/> <a href="StructureDefinition-MedicationDispenseIHEMM-definitions.html#MedicationDispenseIHEMM.category">category</a><a name="MedicationDispenseIHEMM.category"> </a></td><td style="vertical-align: top; text-align : left; background-color: white; border: 0px #F0F0F0 solid; padding:0px 4px 0px 4px" class="hierarchy"/><td style="vertical-align: top; text-align : left; background-color: white; border: 0px #F0F0F0 solid; padding:0px 4px 0px 4px" class="hierarchy">0..1</td><td style="vertical-align: top; text-align : left; background-color: white; border: 0px #F0F0F0 solid; padding:0px 4px 0px 4px" class="hierarchy"><a href="http://hl7.org/fhir/R4/datatypes.html#CodeableConcept">CodeableConcept</a></td><td style="vertical-align: top; text-align : left; background-color: white; border: 0px #F0F0F0 solid; padding:0px 4px 0px 4px" class="hierarchy"/></tr>
<tr style="border: 0px #F0F0F0 solid; padding:0px; vertical-align: top; background-color: #F7F7F7"><td style="vertical-align: top; text-align : left; background-color: #F7F7F7; border: 0px #F0F0F0 solid; padding:0px 4px 0px 4px; white-space: nowrap; background-image: url(tbl_bck10.png)" class="hierarchy"><img src="tbl_spacer.png" alt="." style="background-color: inherit" class="hierarchy"/><img src="tbl_vjoin.png" alt="." style="background-color: inherit" class="hierarchy"/><img src="icon_datatype.gif" alt="." style="background-color: #F7F7F7; background-color: inherit" title="Data Type" class="hierarchy"/> <a href="StructureDefinition-MedicationDispenseIHEMM-definitions.html#MedicationDispenseIHEMM.medication">medication</a><a name="MedicationDispenseIHEMM.medication"> </a></td><td style="vertical-align: top; text-align : left; background-color: #F7F7F7; border: 0px #F0F0F0 solid; padding:0px 4px 0px 4px" class="hierarchy"/><td style="vertical-align: top; text-align : left; background-color: #F7F7F7; border: 0px #F0F0F0 solid; padding:0px 4px 0px 4px" class="hierarchy">0..1</td><td style="vertical-align: top; text-align : left; background-color: #F7F7F7; border: 0px #F0F0F0 solid; padding:0px 4px 0px 4px" class="hierarchy"><a href="http://hl7.org/fhir/R4/datatypes.html#CodeableConcept">CodeableConcept</a></td><td style="vertical-align: top; text-align : left; background-color: #F7F7F7; border: 0px #F0F0F0 solid; padding:0px 4px 0px 4px" class="hierarchy"/></tr>
<tr style="border: 0px #F0F0F0 solid; padding:0px; vertical-align: top; background-color: white"><td style="vertical-align: top; text-align : left; background-color: white; border: 0px #F0F0F0 solid; padding:0px 4px 0px 4px; white-space: nowrap; background-image: url(tbl_bck10.png)" class="hierarchy"><img src="tbl_spacer.png" alt="." style="background-color: inherit" class="hierarchy"/><img src="tbl_vjoin.png" alt="." style="background-color: inherit" class="hierarchy"/><img src="icon_reference.png" alt="." style="background-color: white; background-color: inherit" title="Reference to another Resource" class="hierarchy"/> <a href="StructureDefinition-MedicationDispenseIHEMM-definitions.html#MedicationDispenseIHEMM.subject">subject</a><a name="MedicationDispenseIHEMM.subject"> </a></td><td style="vertical-align: top; text-align : left; background-color: white; border: 0px #F0F0F0 solid; padding:0px 4px 0px 4px" class="hierarchy"/><td style="vertical-align: top; text-align : left; background-color: white; border: 0px #F0F0F0 solid; padding:0px 4px 0px 4px" class="hierarchy">0..1</td><td style="vertical-align: top; text-align : left; background-color: white; border: 0px #F0F0F0 solid; padding:0px 4px 0px 4px" class="hierarchy"><a href="http://hl7.org/fhir/R4/references.html">Reference</a>(<a href="http://hl7.org/fhir/R4/patient.html">Patient</a>)</td><td style="vertical-align: top; text-align : left; background-color: white; border: 0px #F0F0F0 solid; padding:0px 4px 0px 4px" class="hierarchy"/></tr>
<tr style="border: 0px #F0F0F0 solid; padding:0px; vertical-align: top; background-color: #F7F7F7"><td style="vertical-align: top; text-align : left; background-color: #F7F7F7; border: 0px #F0F0F0 solid; padding:0px 4px 0px 4px; white-space: nowrap; background-image: url(tbl_bck10.png)" class="hierarchy"><img src="tbl_spacer.png" alt="." style="background-color: inherit" class="hierarchy"/><img src="tbl_vjoin.png" alt="." style="background-color: inherit" class="hierarchy"/><img src="icon_reference.png" alt="." style="background-color: #F7F7F7; background-color: inherit" title="Reference to another Resource" class="hierarchy"/> <a href="StructureDefinition-MedicationDispenseIHEMM-definitions.html#MedicationDispenseIHEMM.context">context</a><a name="MedicationDispenseIHEMM.context"> </a></td><td style="vertical-align: top; text-align : left; background-color: #F7F7F7; border: 0px #F0F0F0 solid; padding:0px 4px 0px 4px" class="hierarchy"/><td style="vertical-align: top; text-align : left; background-color: #F7F7F7; border: 0px #F0F0F0 solid; padding:0px 4px 0px 4px" class="hierarchy">0..1</td><td style="vertical-align: top; text-align : left; background-color: #F7F7F7; border: 0px #F0F0F0 solid; padding:0px 4px 0px 4px" class="hierarchy"><a href="http://hl7.org/fhir/R4/references.html">Reference</a>(<a href="http://hl7.org/fhir/R4/encounter.html">Encounter</a>)</td><td style="vertical-align: top; text-align : left; background-color: #F7F7F7; border: 0px #F0F0F0 solid; padding:0px 4px 0px 4px" class="hierarchy"/></tr>
<tr style="border: 0px #F0F0F0 solid; padding:0px; vertical-align: top; background-color: white"><td style="vertical-align: top; text-align : left; background-color: white; border: 0px #F0F0F0 solid; padding:0px 4px 0px 4px; white-space: nowrap; background-image: url(tbl_bck10.png)" class="hierarchy"><img src="tbl_spacer.png" alt="." style="background-color: inherit" class="hierarchy"/><img src="tbl_vjoin.png" alt="." style="background-color: inherit" class="hierarchy"/><img src="icon_reference.png" alt="." style="background-color: white; background-color: inherit" title="Reference to another Resource" class="hierarchy"/> <a href="StructureDefinition-MedicationDispenseIHEMM-definitions.html#MedicationDispenseIHEMM.supportingInformation">supportingInformation</a><a name="MedicationDispenseIHEMM.supportingInformation"> </a></td><td style="vertical-align: top; text-align : left; background-color: white; border: 0px #F0F0F0 solid; padding:0px 4px 0px 4px" class="hierarchy"/><td style="vertical-align: top; text-align : left; background-color: white; border: 0px #F0F0F0 solid; padding:0px 4px 0px 4px" class="hierarchy">0..1</td><td style="vertical-align: top; text-align : left; background-color: white; border: 0px #F0F0F0 solid; padding:0px 4px 0px 4px" class="hierarchy"><a href="http://hl7.org/fhir/R4/references.html">Reference</a>()</td><td style="vertical-align: top; text-align : left; background-color: white; border: 0px #F0F0F0 solid; padding:0px 4px 0px 4px" class="hierarchy"/></tr>
<tr style="border: 0px #F0F0F0 solid; padding:0px; vertical-align: top; background-color: #F7F7F7"><td style="vertical-align: top; text-align : left; background-color: #F7F7F7; border: 0px #F0F0F0 solid; padding:0px 4px 0px 4px; white-space: nowrap; background-image: url(tbl_bck10.png)" class="hierarchy"><img src="tbl_spacer.png" alt="." style="background-color: inherit" class="hierarchy"/><img src="tbl_vjoin.png" alt="." style="background-color: inherit" class="hierarchy"/><img src="icon_datatype.gif" alt="." style="background-color: #F7F7F7; background-color: inherit" title="Data Type" class="hierarchy"/> <a href="StructureDefinition-MedicationDispenseIHEMM-definitions.html#MedicationDispenseIHEMM.type">type</a><a name="MedicationDispenseIHEMM.type"> </a></td><td style="vertical-align: top; text-align : left; background-color: #F7F7F7; border: 0px #F0F0F0 solid; padding:0px 4px 0px 4px" class="hierarchy"/><td style="vertical-align: top; text-align : left; background-color: #F7F7F7; border: 0px #F0F0F0 solid; padding:0px 4px 0px 4px" class="hierarchy">0..1</td><td style="vertical-align: top; text-align : left; background-color: #F7F7F7; border: 0px #F0F0F0 solid; padding:0px 4px 0px 4px" class="hierarchy"><a href="http://hl7.org/fhir/R4/datatypes.html#CodeableConcept">CodeableConcept</a></td><td style="vertical-align: top; text-align : left; background-color: #F7F7F7; border: 0px #F0F0F0 solid; padding:0px 4px 0px 4px" class="hierarchy"/></tr>
<tr style="border: 0px #F0F0F0 solid; padding:0px; vertical-align: top; background-color: white"><td style="vertical-align: top; text-align : left; background-color: white; border: 0px #F0F0F0 solid; padding:0px 4px 0px 4px; white-space: nowrap; background-image: url(tbl_bck10.png)" class="hierarchy"><img src="tbl_spacer.png" alt="." style="background-color: inherit" class="hierarchy"/><img src="tbl_vjoin.png" alt="." style="background-color: inherit" class="hierarchy"/><img src="icon_datatype.gif" alt="." style="background-color: white; background-color: inherit" title="Data Type" class="hierarchy"/> <a href="StructureDefinition-MedicationDispenseIHEMM-definitions.html#MedicationDispenseIHEMM.quantity">quantity</a><a name="MedicationDispenseIHEMM.quantity"> </a></td><td style="vertical-align: top; text-align : left; background-color: white; border: 0px #F0F0F0 solid; padding:0px 4px 0px 4px" class="hierarchy"/><td style="vertical-align: top; text-align : left; background-color: white; border: 0px #F0F0F0 solid; padding:0px 4px 0px 4px" class="hierarchy">0..1</td><td style="vertical-align: top; text-align : left; background-color: white; border: 0px #F0F0F0 solid; padding:0px 4px 0px 4px" class="hierarchy"><a href="http://hl7.org/fhir/R4/datatypes.html#Quantity">Quantity</a></td><td style="vertical-align: top; text-align : left; background-color: white; border: 0px #F0F0F0 solid; padding:0px 4px 0px 4px" class="hierarchy"/></tr>
<tr style="border: 0px #F0F0F0 solid; padding:0px; vertical-align: top; background-color: #F7F7F7"><td style="vertical-align: top; text-align : left; background-color: #F7F7F7; border: 0px #F0F0F0 solid; padding:0px 4px 0px 4px; white-space: nowrap; background-image: url(tbl_bck10.png)" class="hierarchy"><img src="tbl_spacer.png" alt="." style="background-color: inherit" class="hierarchy"/><img src="tbl_vjoin.png" alt="." style="background-color: inherit" class="hierarchy"/><img src="icon_datatype.gif" alt="." style="background-color: #F7F7F7; background-color: inherit" title="Data Type" class="hierarchy"/> <a href="StructureDefinition-MedicationDispenseIHEMM-definitions.html#MedicationDispenseIHEMM.note">note</a><a name="MedicationDispenseIHEMM.note"> </a></td><td style="vertical-align: top; text-align : left; background-color: #F7F7F7; border: 0px #F0F0F0 solid; padding:0px 4px 0px 4px" class="hierarchy"/><td style="vertical-align: top; text-align : left; background-color: #F7F7F7; border: 0px #F0F0F0 solid; padding:0px 4px 0px 4px" class="hierarchy">0..1</td><td style="vertical-align: top; text-align : left; background-color: #F7F7F7; border: 0px #F0F0F0 solid; padding:0px 4px 0px 4px" class="hierarchy"><a href="http://hl7.org/fhir/R4/datatypes.html#Annotation">Annotation</a></td><td style="vertical-align: top; text-align : left; background-color: #F7F7F7; border: 0px #F0F0F0 solid; padding:0px 4px 0px 4px" class="hierarchy"/></tr>
<tr style="border: 0px #F0F0F0 solid; padding:0px; vertical-align: top; background-color: white"><td style="vertical-align: top; text-align : left; background-color: white; border: 0px #F0F0F0 solid; padding:0px 4px 0px 4px; white-space: nowrap; background-image: url(tbl_bck10.png)" class="hierarchy"><img src="tbl_spacer.png" alt="." style="background-color: inherit" class="hierarchy"/><img src="tbl_vjoin.png" alt="." style="background-color: inherit" class="hierarchy"/><img src="icon_reference.png" alt="." style="background-color: white; background-color: inherit" title="Reference to another Resource" class="hierarchy"/> <a href="StructureDefinition-MedicationDispenseIHEMM-definitions.html#MedicationDispenseIHEMM.prescription">prescription</a><a name="MedicationDispenseIHEMM.prescription"> </a></td><td style="vertical-align: top; text-align : left; background-color: white; border: 0px #F0F0F0 solid; padding:0px 4px 0px 4px" class="hierarchy"/><td style="vertical-align: top; text-align : left; background-color: white; border: 0px #F0F0F0 solid; padding:0px 4px 0px 4px" class="hierarchy">0..1</td><td style="vertical-align: top; text-align : left; background-color: white; border: 0px #F0F0F0 solid; padding:0px 4px 0px 4px" class="hierarchy"><a href="http://hl7.org/fhir/R4/references.html">Reference</a>(<a href="http://hl7.org/fhir/R4/medicationrequest.html">MedicationRequest</a>)</td><td style="vertical-align: top; text-align : left; background-color: white; border: 0px #F0F0F0 solid; padding:0px 4px 0px 4px" class="hierarchy"/></tr>
<tr style="border: 0px #F0F0F0 solid; padding:0px; vertical-align: top; background-color: #F7F7F7"><td style="vertical-align: top; text-align : left; background-color: #F7F7F7; border: 0px #F0F0F0 solid; padding:0px 4px 0px 4px; white-space: nowrap; background-image: url(tbl_bck11.png)" class="hierarchy"><img src="tbl_spacer.png" alt="." style="background-color: inherit" class="hierarchy"/><img src="tbl_vjoin.png" alt="." style="background-color: inherit" class="hierarchy"/><img src="icon_datatype.gif" alt="." style="background-color: #F7F7F7; background-color: inherit" title="Data Type" class="hierarchy"/> <a href="StructureDefinition-MedicationDispenseIHEMM-definitions.html#MedicationDispenseIHEMM.steps">steps</a><a name="MedicationDispenseIHEMM.steps"> </a></td><td style="vertical-align: top; text-align : left; background-color: #F7F7F7; border: 0px #F0F0F0 solid; padding:0px 4px 0px 4px" class="hierarchy"/><td style="vertical-align: top; text-align : left; background-color: #F7F7F7; border: 0px #F0F0F0 solid; padding:0px 4px 0px 4px" class="hierarchy">0..*</td><td style="vertical-align: top; text-align : left; background-color: #F7F7F7; border: 0px #F0F0F0 solid; padding:0px 4px 0px 4px" class="hierarchy"><a href="http://hl7.org/fhir/R4/datatypes.html#BackboneElement">BackboneElement</a></td><td style="vertical-align: top; text-align : left; background-color: #F7F7F7; border: 0px #F0F0F0 solid; padding:0px 4px 0px 4px" class="hierarchy"/></tr>
<tr style="border: 0px #F0F0F0 solid; padding:0px; vertical-align: top; background-color: white"><td style="vertical-align: top; text-align : left; background-color: white; border: 0px #F0F0F0 solid; padding:0px 4px 0px 4px; white-space: nowrap; background-image: url(tbl_bck110.png)" class="hierarchy"><img src="tbl_spacer.png" alt="." style="background-color: inherit" class="hierarchy"/><img src="tbl_vline.png" alt="." style="background-color: inherit" class="hierarchy"/><img src="tbl_vjoin.png" alt="." style="background-color: inherit" class="hierarchy"/><img src="icon_datatype.gif" alt="." style="background-color: white; background-color: inherit" title="Data Type" class="hierarchy"/> <a href="StructureDefinition-MedicationDispenseIHEMM-definitions.html#MedicationDispenseIHEMM.steps.stepName">stepName</a><a name="MedicationDispenseIHEMM.steps.stepName"> </a></td><td style="vertical-align: top; text-align : left; background-color: white; border: 0px #F0F0F0 solid; padding:0px 4px 0px 4px" class="hierarchy"/><td style="vertical-align: top; text-align : left; background-color: white; border: 0px #F0F0F0 solid; padding:0px 4px 0px 4px" class="hierarchy">0..1</td><td style="vertical-align: top; text-align : left; background-color: white; border: 0px #F0F0F0 solid; padding:0px 4px 0px 4px" class="hierarchy"><a href="http://hl7.org/fhir/R4/datatypes.html#CodeableConcept">CodeableConcept</a></td><td style="vertical-align: top; text-align : left; background-color: white; border: 0px #F0F0F0 solid; padding:0px 4px 0px 4px" class="hierarchy"/></tr>
<tr style="border: 0px #F0F0F0 solid; padding:0px; vertical-align: top; background-color: #F7F7F7"><td style="vertical-align: top; text-align : left; background-color: #F7F7F7; border: 0px #F0F0F0 solid; padding:0px 4px 0px 4px; white-space: nowrap; background-image: url(tbl_bck110.png)" class="hierarchy"><img src="tbl_spacer.png" alt="." style="background-color: inherit" class="hierarchy"/><img src="tbl_vline.png" alt="." style="background-color: inherit" class="hierarchy"/><img src="tbl_vjoin.png" alt="." style="background-color: inherit" class="hierarchy"/><img src="icon_primitive.png" alt="." style="background-color: #F7F7F7; background-color: inherit" title="Primitive Data Type" class="hierarchy"/> <a href="StructureDefinition-MedicationDispenseIHEMM-definitions.html#MedicationDispenseIHEMM.steps.datetimeStep">datetimeStep</a><a name="MedicationDispenseIHEMM.steps.datetimeStep"> </a></td><td style="vertical-align: top; text-align : left; background-color: #F7F7F7; border: 0px #F0F0F0 solid; padding:0px 4px 0px 4px" class="hierarchy"/><td style="vertical-align: top; text-align : left; background-color: #F7F7F7; border: 0px #F0F0F0 solid; padding:0px 4px 0px 4px" class="hierarchy">0..1</td><td style="vertical-align: top; text-align : left; background-color: #F7F7F7; border: 0px #F0F0F0 solid; padding:0px 4px 0px 4px" class="hierarchy"><a href="http://hl7.org/fhir/R4/datatypes.html#dateTime">dateTime</a></td><td style="vertical-align: top; text-align : left; background-color: #F7F7F7; border: 0px #F0F0F0 solid; padding:0px 4px 0px 4px" class="hierarchy"/></tr>
<tr style="border: 0px #F0F0F0 solid; padding:0px; vertical-align: top; background-color: white"><td style="vertical-align: top; text-align : left; background-color: white; border: 0px #F0F0F0 solid; padding:0px 4px 0px 4px; white-space: nowrap; background-image: url(tbl_bck100.png)" class="hierarchy"><img src="tbl_spacer.png" alt="." style="background-color: inherit" class="hierarchy"/><img src="tbl_vline.png" alt="." style="background-color: inherit" class="hierarchy"/><img src="tbl_vjoin_end.png" alt="." style="background-color: inherit" class="hierarchy"/><img src="icon_primitive.png" alt="." style="background-color: white; background-color: inherit" title="Primitive Data Type" class="hierarchy"/> <a href="StructureDefinition-MedicationDispenseIHEMM-definitions.html#MedicationDispenseIHEMM.steps.actor">actor</a><a name="MedicationDispenseIHEMM.steps.actor"> </a></td><td style="vertical-align: top; text-align : left; background-color: white; border: 0px #F0F0F0 solid; padding:0px 4px 0px 4px" class="hierarchy"/><td style="vertical-align: top; text-align : left; background-color: white; border: 0px #F0F0F0 solid; padding:0px 4px 0px 4px" class="hierarchy">0..1</td><td style="vertical-align: top; text-align : left; background-color: white; border: 0px #F0F0F0 solid; padding:0px 4px 0px 4px" class="hierarchy"><a href="http://hl7.org/fhir/R4/datatypes.html#string">string</a></td><td style="vertical-align: top; text-align : left; background-color: white; border: 0px #F0F0F0 solid; padding:0px 4px 0px 4px" class="hierarchy"/></tr>
<tr style="border: 0px #F0F0F0 solid; padding:0px; vertical-align: top; background-color: #F7F7F7"><td style="vertical-align: top; text-align : left; background-color: #F7F7F7; border: 0px #F0F0F0 solid; padding:0px 4px 0px 4px; white-space: nowrap; background-image: url(tbl_bck10.png)" class="hierarchy"><img src="tbl_spacer.png" alt="." style="background-color: inherit" class="hierarchy"/><img src="tbl_vjoin.png" alt="." style="background-color: inherit" class="hierarchy"/><img src="icon_primitive.png" alt="." style="background-color: #F7F7F7; background-color: inherit" title="Primitive Data Type" class="hierarchy"/> <a href="StructureDefinition-MedicationDispenseIHEMM-definitions.html#MedicationDispenseIHEMM.substitution">substitution</a><a name="MedicationDispenseIHEMM.substitution"> </a></td><td style="vertical-align: top; text-align : left; background-color: #F7F7F7; border: 0px #F0F0F0 solid; padding:0px 4px 0px 4px" class="hierarchy"/><td style="vertical-align: top; text-align : left; background-color: #F7F7F7; border: 0px #F0F0F0 solid; padding:0px 4px 0px 4px" class="hierarchy">0..1</td><td style="vertical-align: top; text-align : left; background-color: #F7F7F7; border: 0px #F0F0F0 solid; padding:0px 4px 0px 4px" class="hierarchy"><a href="http://hl7.org/fhir/R4/datatypes.html#boolean">boolean</a></td><td style="vertical-align: top; text-align : left; background-color: #F7F7F7; border: 0px #F0F0F0 solid; padding:0px 4px 0px 4px" class="hierarchy"/></tr>
<tr style="border: 0px #F0F0F0 solid; padding:0px; vertical-align: top; background-color: white"><td style="vertical-align: top; text-align : left; background-color: white; border: 0px #F0F0F0 solid; padding:0px 4px 0px 4px; white-space: nowrap; background-image: url(tbl_bck10.png)" class="hierarchy"><img src="tbl_spacer.png" alt="." style="background-color: inherit" class="hierarchy"/><img src="tbl_vjoin.png" alt="." style="background-color: inherit" class="hierarchy"/><img src="icon_reference.png" alt="." style="background-color: white; background-color: inherit" title="Reference to another Resource" class="hierarchy"/> <a href="StructureDefinition-MedicationDispenseIHEMM-definitions.html#MedicationDispenseIHEMM.receiver">receiver</a><a name="MedicationDispenseIHEMM.receiver"> </a></td><td style="vertical-align: top; text-align : left; background-color: white; border: 0px #F0F0F0 solid; padding:0px 4px 0px 4px" class="hierarchy"/><td style="vertical-align: top; text-align : left; background-color: white; border: 0px #F0F0F0 solid; padding:0px 4px 0px 4px" class="hierarchy">0..1</td><td style="vertical-align: top; text-align : left; background-color: white; border: 0px #F0F0F0 solid; padding:0px 4px 0px 4px" class="hierarchy"><a href="http://hl7.org/fhir/R4/references.html">Reference</a>(<a href="http://hl7.org/fhir/R4/patient.html">Patient</a> | <a href="http://hl7.org/fhir/R4/person.html">Person</a> | <a href="http://hl7.org/fhir/R4/practitioner.html">Practitioner</a>)</td><td style="vertical-align: top; text-align : left; background-color: white; border: 0px #F0F0F0 solid; padding:0px 4px 0px 4px" class="hierarchy"/></tr>
<tr style="border: 0px #F0F0F0 solid; padding:0px; vertical-align: top; background-color: #F7F7F7"><td style="vertical-align: top; text-align : left; background-color: #F7F7F7; border: 0px #F0F0F0 solid; padding:0px 4px 0px 4px; white-space: nowrap; background-image: url(tbl_bck10.png)" class="hierarchy"><img src="tbl_spacer.png" alt="." style="background-color: inherit" class="hierarchy"/><img src="tbl_vjoin.png" alt="." style="background-color: inherit" class="hierarchy"/><img src="icon_reference.png" alt="." style="background-color: #F7F7F7; background-color: inherit" title="Reference to another Resource" class="hierarchy"/> <a href="StructureDefinition-MedicationDispenseIHEMM-definitions.html#MedicationDispenseIHEMM.destination">destination</a><a name="MedicationDispenseIHEMM.destination"> </a></td><td style="vertical-align: top; text-align : left; background-color: #F7F7F7; border: 0px #F0F0F0 solid; padding:0px 4px 0px 4px" class="hierarchy"/><td style="vertical-align: top; text-align : left; background-color: #F7F7F7; border: 0px #F0F0F0 solid; padding:0px 4px 0px 4px" class="hierarchy">0..1</td><td style="vertical-align: top; text-align : left; background-color: #F7F7F7; border: 0px #F0F0F0 solid; padding:0px 4px 0px 4px" class="hierarchy"><a href="http://hl7.org/fhir/R4/references.html">Reference</a>(<a href="http://hl7.org/fhir/R4/extension-openehr-location.html">location</a>)</td><td style="vertical-align: top; text-align : left; background-color: #F7F7F7; border: 0px #F0F0F0 solid; padding:0px 4px 0px 4px" class="hierarchy"/></tr>
<tr style="border: 0px #F0F0F0 solid; padding:0px; vertical-align: top; background-color: white"><td style="vertical-align: top; text-align : left; background-color: white; border: 0px #F0F0F0 solid; padding:0px 4px 0px 4px; white-space: nowrap; background-image: url(tbl_bck10.png)" class="hierarchy"><img src="tbl_spacer.png" alt="." style="background-color: inherit" class="hierarchy"/><img src="tbl_vjoin.png" alt="." style="background-color: inherit" class="hierarchy"/><img src="icon_reference.png" alt="." style="background-color: white; background-color: inherit" title="Reference to another Resource" class="hierarchy"/> <a href="StructureDefinition-MedicationDispenseIHEMM-definitions.html#MedicationDispenseIHEMM.detectedIssues">detectedIssues</a><a name="MedicationDispenseIHEMM.detectedIssues"> </a></td><td style="vertical-align: top; text-align : left; background-color: white; border: 0px #F0F0F0 solid; padding:0px 4px 0px 4px" class="hierarchy"/><td style="vertical-align: top; text-align : left; background-color: white; border: 0px #F0F0F0 solid; padding:0px 4px 0px 4px" class="hierarchy">0..1</td><td style="vertical-align: top; text-align : left; background-color: white; border: 0px #F0F0F0 solid; padding:0px 4px 0px 4px" class="hierarchy"><a href="http://hl7.org/fhir/R4/references.html">Reference</a>(<a href="http://hl7.org/fhir/R4/detectedissue.html">DetectedIssue</a>)</td><td style="vertical-align: top; text-align : left; background-color: white; border: 0px #F0F0F0 solid; padding:0px 4px 0px 4px" class="hierarchy"/></tr>
<tr style="border: 0px #F0F0F0 solid; padding:0px; vertical-align: top; background-color: #F7F7F7"><td style="vertical-align: top; text-align : left; background-color: #F7F7F7; border: 0px #F0F0F0 solid; padding:0px 4px 0px 4px; white-space: nowrap; background-image: url(tbl_bck00.png)" class="hierarchy"><img src="tbl_spacer.png" alt="." style="background-color: inherit" class="hierarchy"/><img src="tbl_vjoin_end.png" alt="." style="background-color: inherit" class="hierarchy"/><img src="icon_reference.png" alt="." style="background-color: #F7F7F7; background-color: inherit" title="Reference to another Resource" class="hierarchy"/> <a href="StructureDefinition-MedicationDispenseIHEMM-definitions.html#MedicationDispenseIHEMM.eventHistory">eventHistory</a><a name="MedicationDispenseIHEMM.eventHistory"> </a></td><td style="vertical-align: top; text-align : left; background-color: #F7F7F7; border: 0px #F0F0F0 solid; padding:0px 4px 0px 4px" class="hierarchy"/><td style="vertical-align: top; text-align : left; background-color: #F7F7F7; border: 0px #F0F0F0 solid; padding:0px 4px 0px 4px" class="hierarchy">0..1</td><td style="vertical-align: top; text-align : left; background-color: #F7F7F7; border: 0px #F0F0F0 solid; padding:0px 4px 0px 4px" class="hierarchy"><a href="http://hl7.org/fhir/R4/references.html">Reference</a>(<a href="http://hl7.org/fhir/R4/provenance.html">Provenance</a>)</td><td style="vertical-align: top; text-align : left; background-color: #F7F7F7; border: 0px #F0F0F0 solid; padding:0px 4px 0px 4px" class="hierarchy"/></tr>
<tr><td colspan="5" class="hierarchy"><br/><a href="https://build.fhir.org/ig/FHIR/ig-guidance/readingIgs.html#table-views" title="Legend for this format"><img src="http://hl7.org/fhir/R4/help16.png" alt="doco" style="background-color: inherit"/> Documentation for this format</a></td></tr></table></div></text><url value="http://profiles.ihe.net/PHARM/ihe.pharm.mpd/StructureDefinition/MedicationDispenseIHEMM"/><version value="0.1.0"/><name value="MedicationDispenseIHEMM"/><title value="[IHE MM] Logical Model for medication dispense"/><status value="active"/><date value="2023-02-04T16:51:07+00:00"/><publisher value="Integrating the Healthcare Enterprise (IHE)"/><contact><name value="Integrating the Healthcare Enterprise (IHE)"/><telecom><system value="url"/><value value="http://ihe.net"/></telecom><telecom><system value="email"/><value value="secretary@ihe.net"/></telecom></contact><contact><name value="Jose Costa Teixeira"/><telecom><system value="email"/><value value="jose.a.teixeira@gmail.com"/><use value="work"/></telecom></contact><description value="A medication dispense relates to zero or one prescription item of one prescription. There are cases when a medication is dispensed before the prescription is created. Medications dispensed outside the context of any prescription are considered as self-prescribed by the professional who dispenses. Thus they are still attached to a pseudo-prescription. A medication dispense is issued by one pharmacy staff. It is related to zero (community use case) or one (hospital use case) encounter of care."/><jurisdiction><coding><system value="http://unstats.un.org/unsd/methods/m49/m49.htm"/><code value="001"/></coding></jurisdiction><copyright value="IHE http://www.ihe.net/Governance/#Intellectual_Property"/><fhirVersion value="4.0.1"/><mapping><identity value="rim"/><uri value="http://hl7.org/v3"/><name value="RIM Mapping"/></mapping><kind value="logical"/><abstract value="false"/><type value="http://profiles.ihe.net/PHARM/ihe.pharm.mpd/StructureDefinition/MedicationDispenseIHEMM"/><baseDefinition value="http://hl7.org/fhir/StructureDefinition/Base"/><derivation value="specialization"/><snapshot><element id="MedicationDispenseIHEMM"><path value="MedicationDispenseIHEMM"/><short value="[IHE MM] Logical Model for medication dispense"/><definition value="A medication dispense relates to zero or one prescription item of one prescription. There are cases when a medication is dispensed before the prescription is created. Medications dispensed outside the context of any prescription are considered as self-prescribed by the professional who dispenses. Thus they are still attached to a pseudo-prescription. A medication dispense is issued by one pharmacy staff. It is related to zero (community use case) or one (hospital use case) encounter of care."/><min value="0"/><max value="*"/><base><path value="Base"/><min value="0"/><max value="*"/></base><isModifier value="false"/></element><element id="MedicationDispenseIHEMM.identifier"><path value="MedicationDispenseIHEMM.identifier"/><min value="0"/><max value="1"/><base><path value="MedicationDispenseIHEMM.identifier"/><min value="0"/><max value="1"/></base><type><code value="Identifier"/></type></element><element id="MedicationDispenseIHEMM.status"><path value="MedicationDispenseIHEMM.status"/><min value="0"/><max value="1"/><base><path value="MedicationDispenseIHEMM.status"/><min value="0"/><max value="1"/></base><type><code value="code"/></type></element><element id="MedicationDispenseIHEMM.statusReason"><path value="MedicationDispenseIHEMM.statusReason"/><min value="0"/><max value="1"/><base><path value="MedicationDispenseIHEMM.statusReason"/><min value="0"/><max value="1"/></base><type><code value="CodeableConcept"/></type></element><element id="MedicationDispenseIHEMM.category"><path value="MedicationDispenseIHEMM.category"/><min value="0"/><max value="1"/><base><path value="MedicationDispenseIHEMM.category"/><min value="0"/><max value="1"/></base><type><code value="CodeableConcept"/></type></element><element id="MedicationDispenseIHEMM.medication"><path value="MedicationDispenseIHEMM.medication"/><min value="0"/><max value="1"/><base><path value="MedicationDispenseIHEMM.medication"/><min value="0"/><max value="1"/></base><type><code value="CodeableConcept"/></type></element><element id="MedicationDispenseIHEMM.subject"><path value="MedicationDispenseIHEMM.subject"/><min value="0"/><max value="1"/><base><path value="MedicationDispenseIHEMM.subject"/><min value="0"/><max value="1"/></base><type><code value="Reference"/><targetProfile value="http://hl7.org/fhir/StructureDefinition/Patient"/></type></element><element id="MedicationDispenseIHEMM.context"><path value="MedicationDispenseIHEMM.context"/><min value="0"/><max value="1"/><base><path value="MedicationDispenseIHEMM.context"/><min value="0"/><max value="1"/></base><type><code value="Reference"/><targetProfile value="http://hl7.org/fhir/StructureDefinition/Encounter"/></type></element><element id="MedicationDispenseIHEMM.supportingInformation"><path value="MedicationDispenseIHEMM.supportingInformation"/><min value="0"/><max value="1"/><base><path value="MedicationDispenseIHEMM.supportingInformation"/><min value="0"/><max value="1"/></base><type><code value="Reference"/></type></element><element id="MedicationDispenseIHEMM.type"><path value="MedicationDispenseIHEMM.type"/><min value="0"/><max value="1"/><base><path value="MedicationDispenseIHEMM.type"/><min value="0"/><max value="1"/></base><type><code value="CodeableConcept"/></type></element><element id="MedicationDispenseIHEMM.quantity"><path value="MedicationDispenseIHEMM.quantity"/><min value="0"/><max value="1"/><base><path value="MedicationDispenseIHEMM.quantity"/><min value="0"/><max value="1"/></base><type><code value="Quantity"/></type></element><element id="MedicationDispenseIHEMM.note"><path value="MedicationDispenseIHEMM.note"/><min value="0"/><max value="1"/><base><path value="MedicationDispenseIHEMM.note"/><min value="0"/><max value="1"/></base><type><code value="Annotation"/></type></element><element id="MedicationDispenseIHEMM.prescription"><path value="MedicationDispenseIHEMM.prescription"/><min value="0"/><max value="1"/><base><path value="MedicationDispenseIHEMM.prescription"/><min value="0"/><max value="1"/></base><type><code value="Reference"/><targetProfile value="http://hl7.org/fhir/StructureDefinition/MedicationRequest"/></type></element><element id="MedicationDispenseIHEMM.steps"><path value="MedicationDispenseIHEMM.steps"/><min value="0"/><max value="*"/><base><path value="MedicationDispenseIHEMM.steps"/><min value="0"/><max value="*"/></base><type><code value="BackboneElement"/></type><constraint><key value="ele-1"/><severity value="error"/><human value="All FHIR elements must have a @value or children"/><expression value="hasValue() or (children().count() &gt; id.count())"/><xpath value="@value|f:*|h:div"/><source value="http://hl7.org/fhir/StructureDefinition/Element"/></constraint></element><element id="MedicationDispenseIHEMM.steps.id"><path value="MedicationDispenseIHEMM.steps.id"/><representation value="xmlAttr"/><short value="Unique id for inter-element referencing"/><definition value="Unique id for the element within a resource (for internal references). This may be any string value that does not contain spaces."/><min value="0"/><max value="1"/><base><path value="Element.id"/><min value="0"/><max value="1"/></base><type><extension url="http://hl7.org/fhir/StructureDefinition/structuredefinition-fhir-type"><valueUrl value="string"/></extension><code value="http://hl7.org/fhirpath/System.String"/></type><isModifier value="false"/><isSummary value="false"/><mapping><identity value="rim"/><map value="n/a"/></mapping></element><element id="MedicationDispenseIHEMM.steps.extension"><path value="MedicationDispenseIHEMM.steps.extension"/><slicing><discriminator><type value="value"/><path value="url"/></discriminator><description value="Extensions are always sliced by (at least) url"/><rules value="open"/></slicing><short value="Additional content defined by implementations"/><definition value="May be used to represent additional information that is not part of the basic definition of the element. To make the use of extensions safe and manageable, there is a strict set of governance  applied to the definition and use of extensions. Though any implementer can define an extension, there is a set of requirements that SHALL be met as part of the definition of the extension."/><comment value="There can be no stigma associated with the use of extensions by any application, project, or standard - regardless of the institution or jurisdiction that uses or defines the extensions.  The use of extensions is what allows the FHIR specification to retain a core level of simplicity for everyone."/><alias value="extensions"/><alias value="user content"/><min value="0"/><max value="*"/><base><path value="Element.extension"/><min value="0"/><max value="*"/></base><type><code value="Extension"/></type><constraint><key value="ele-1"/><severity value="error"/><human value="All FHIR elements must have a @value or children"/><expression value="hasValue() or (children().count() &gt; id.count())"/><xpath value="@value|f:*|h:div"/><source value="http://hl7.org/fhir/StructureDefinition/Element"/></constraint><constraint><key value="ext-1"/><severity value="error"/><human value="Must have either extensions or value[x], not both"/><expression value="extension.exists() != value.exists()"/><xpath value="exists(f:extension)!=exists(f:*[starts-with(local-name(.), &quot;value&quot;)])"/><source value="http://hl7.org/fhir/StructureDefinition/Extension"/></constraint><isModifier value="false"/><isSummary value="false"/><mapping><identity value="rim"/><map value="n/a"/></mapping></element><element id="MedicationDispenseIHEMM.steps.modifierExtension"><path value="MedicationDispenseIHEMM.steps.modifierExtension"/><short value="Extensions that cannot be ignored even if unrecognized"/><definition value="May be used to represent additional information that is not part of the basic definition of the element and that modifies the understanding of the element in which it is contained and/or the understanding of the containing element's descendants. Usually modifier elements provide negation or qualification. To make the use of extensions safe and manageable, there is a strict set of governance applied to the definition and use of extensions. Though any implementer can define an extension, there is a set of requirements that SHALL be met as part of the definition of the extension. Applications processing a resource are required to check for modifier extensions.&#xA;&#xA;Modifier extensions SHALL NOT change the meaning of any elements on Resource or DomainResource (including cannot change the meaning of modifierExtension itself)."/><comment value="There can be no stigma associated with the use of extensions by any application, project, or standard - regardless of the institution or jurisdiction that uses or defines the extensions.  The use of extensions is what allows the FHIR specification to retain a core level of simplicity for everyone."/><requirements value="Modifier extensions allow for extensions that *cannot* be safely ignored to be clearly distinguished from the vast majority of extensions which can be safely ignored.  This promotes interoperability by eliminating the need for implementers to prohibit the presence of extensions. For further information, see the [definition of modifier extensions](http://hl7.org/fhir/R4/extensibility.html#modifierExtension)."/><alias value="extensions"/><alias value="user content"/><alias value="modifiers"/><min value="0"/><max value="*"/><base><path value="BackboneElement.modifierExtension"/><min value="0"/><max value="*"/></base><type><code value="Extension"/></type><constraint><key value="ele-1"/><severity value="error"/><human value="All FHIR elements must have a @value or children"/><expression value="hasValue() or (children().count() &gt; id.count())"/><xpath value="@value|f:*|h:div"/><source value="http://hl7.org/fhir/StructureDefinition/Element"/></constraint><constraint><key value="ext-1"/><severity value="error"/><human value="Must have either extensions or value[x], not both"/><expression value="extension.exists() != value.exists()"/><xpath value="exists(f:extension)!=exists(f:*[starts-with(local-name(.), &quot;value&quot;)])"/><source value="http://hl7.org/fhir/StructureDefinition/Extension"/></constraint><isModifier value="true"/><isModifierReason value="Modifier extensions are expected to modify the meaning or interpretation of the element that contains them"/><isSummary value="true"/><mapping><identity value="rim"/><map value="N/A"/></mapping></element><element id="MedicationDispenseIHEMM.steps.stepName"><path value="MedicationDispenseIHEMM.steps.stepName"/><min value="0"/><max value="1"/><base><path value="MedicationDispenseIHEMM.steps.stepName"/><min value="0"/><max value="1"/></base><type><code value="CodeableConcept"/></type></element><element id="MedicationDispenseIHEMM.steps.datetimeStep"><path value="MedicationDispenseIHEMM.steps.datetimeStep"/><min value="0"/><max value="1"/><base><path value="MedicationDispenseIHEMM.steps.datetimeStep"/><min value="0"/><max value="1"/></base><type><code value="dateTime"/></type></element><element id="MedicationDispenseIHEMM.steps.actor"><path value="MedicationDispenseIHEMM.steps.actor"/><min value="0"/><max value="1"/><base><path value="MedicationDispenseIHEMM.steps.actor"/><min value="0"/><max value="1"/></base><type><code value="string"/></type></element><element id="MedicationDispenseIHEMM.substitution"><path value="MedicationDispenseIHEMM.substitution"/><min value="0"/><max value="1"/><base><path value="MedicationDispenseIHEMM.substitution"/><min value="0"/><max value="1"/></base><type><code value="boolean"/></type></element><element id="MedicationDispenseIHEMM.receiver"><path value="MedicationDispenseIHEMM.receiver"/><min value="0"/><max value="1"/><base><path value="MedicationDispenseIHEMM.receiver"/><min value="0"/><max value="1"/></base><type><code value="Reference"/><targetProfile value="http://hl7.org/fhir/StructureDefinition/Patient"/><targetProfile value="http://hl7.org/fhir/StructureDefinition/Person"/><targetProfile value="http://hl7.org/fhir/StructureDefinition/Practitioner"/></type></element><element id="MedicationDispenseIHEMM.destination"><path value="MedicationDispenseIHEMM.destination"/><min value="0"/><max value="1"/><base><path value="MedicationDispenseIHEMM.destination"/><min value="0"/><max value="1"/></base><type><code value="Reference"/><targetProfile value="http://hl7.org/fhir/StructureDefinition/openEHR-location"/></type></element><element id="MedicationDispenseIHEMM.detectedIssues"><path value="MedicationDispenseIHEMM.detectedIssues"/><min value="0"/><max value="1"/><base><path value="MedicationDispenseIHEMM.detectedIssues"/><min value="0"/><max value="1"/></base><type><code value="Reference"/><targetProfile value="http://hl7.org/fhir/StructureDefinition/DetectedIssue"/></type></element><element id="MedicationDispenseIHEMM.eventHistory"><path value="MedicationDispenseIHEMM.eventHistory"/><min value="0"/><max value="1"/><base><path value="MedicationDispenseIHEMM.eventHistory"/><min value="0"/><max value="1"/></base><type><code value="Reference"/><targetProfile value="http://hl7.org/fhir/StructureDefinition/Provenance"/></type></element></snapshot><differential><element id="MedicationDispenseIHEMM"><path value="MedicationDispenseIHEMM"/><short value="[IHE MM] Logical Model for medication dispense"/><definition value="A medication dispense relates to zero or one prescription item of one prescription. There are cases when a medication is dispensed before the prescription is created. Medications dispensed outside the context of any prescription are considered as self-prescribed by the professional who dispenses. Thus they are still attached to a pseudo-prescription. A medication dispense is issued by one pharmacy staff. It is related to zero (community use case) or one (hospital use case) encounter of care."/></element><element id="MedicationDispenseIHEMM.identifier"><path value="MedicationDispenseIHEMM.identifier"/><min value="0"/><max value="1"/><type><code value="Identifier"/></type></element><element id="MedicationDispenseIHEMM.status"><path value="MedicationDispenseIHEMM.status"/><min value="0"/><max value="1"/><type><code value="code"/></type></element><element id="MedicationDispenseIHEMM.statusReason"><path value="MedicationDispenseIHEMM.statusReason"/><min value="0"/><max value="1"/><type><code value="CodeableConcept"/></type></element><element id="MedicationDispenseIHEMM.category"><path value="MedicationDispenseIHEMM.category"/><min value="0"/><max value="1"/><type><code value="CodeableConcept"/></type></element><element id="MedicationDispenseIHEMM.medication"><path value="MedicationDispenseIHEMM.medication"/><min value="0"/><max value="1"/><type><code value="CodeableConcept"/></type></element><element id="MedicationDispenseIHEMM.subject"><path value="MedicationDispenseIHEMM.subject"/><min value="0"/><max value="1"/><type><code value="Reference"/><targetProfile value="http://hl7.org/fhir/StructureDefinition/Patient"/></type></element><element id="MedicationDispenseIHEMM.context"><path value="MedicationDispenseIHEMM.context"/><min value="0"/><max value="1"/><type><code value="Reference"/><targetProfile value="http://hl7.org/fhir/StructureDefinition/Encounter"/></type></element><element id="MedicationDispenseIHEMM.supportingInformation"><path value="MedicationDispenseIHEMM.supportingInformation"/><min value="0"/><max value="1"/><type><code value="Reference"/></type></element><element id="MedicationDispenseIHEMM.type"><path value="MedicationDispenseIHEMM.type"/><min value="0"/><max value="1"/><type><code value="CodeableConcept"/></type></element><element id="MedicationDispenseIHEMM.quantity"><path value="MedicationDispenseIHEMM.quantity"/><min value="0"/><max value="1"/><type><code value="Quantity"/></type></element><element id="MedicationDispenseIHEMM.note"><path value="MedicationDispenseIHEMM.note"/><min value="0"/><max value="1"/><type><code value="Annotation"/></type></element><element id="MedicationDispenseIHEMM.prescription"><path value="MedicationDispenseIHEMM.prescription"/><min value="0"/><max value="1"/><type><code value="Reference"/><targetProfile value="http://hl7.org/fhir/StructureDefinition/MedicationRequest"/></type></element><element id="MedicationDispenseIHEMM.steps"><path value="MedicationDispenseIHEMM.steps"/><min value="0"/><max value="*"/><type><code value="BackboneElement"/></type></element><element id="MedicationDispenseIHEMM.steps.stepName"><path value="MedicationDispenseIHEMM.steps.stepName"/><min value="0"/><max value="1"/><type><code value="CodeableConcept"/></type></element><element id="MedicationDispenseIHEMM.steps.datetimeStep"><path value="MedicationDispenseIHEMM.steps.datetimeStep"/><min value="0"/><max value="1"/><type><code value="dateTime"/></type></element><element id="MedicationDispenseIHEMM.steps.actor"><path value="MedicationDispenseIHEMM.steps.actor"/><min value="0"/><max value="1"/><type><code value="string"/></type></element><element id="MedicationDispenseIHEMM.substitution"><path value="MedicationDispenseIHEMM.substitution"/><min value="0"/><max value="1"/><type><code value="boolean"/></type></element><element id="MedicationDispenseIHEMM.receiver"><path value="MedicationDispenseIHEMM.receiver"/><min value="0"/><max value="1"/><type><code value="Reference"/><targetProfile value="http://hl7.org/fhir/StructureDefinition/Patient"/><targetProfile value="http://hl7.org/fhir/StructureDefinition/Person"/><targetProfile value="http://hl7.org/fhir/StructureDefinition/Practitioner"/></type></element><element id="MedicationDispenseIHEMM.destination"><path value="MedicationDispenseIHEMM.destination"/><min value="0"/><max value="1"/><type><code value="Reference"/><targetProfile value="http://hl7.org/fhir/StructureDefinition/openEHR-location"/></type></element><element id="MedicationDispenseIHEMM.detectedIssues"><path value="MedicationDispenseIHEMM.detectedIssues"/><min value="0"/><max value="1"/><type><code value="Reference"/><targetProfile value="http://hl7.org/fhir/StructureDefinition/DetectedIssue"/></type></element><element id="MedicationDispenseIHEMM.eventHistory"><path value="MedicationDispenseIHEMM.eventHistory"/><min value="0"/><max value="1"/><type><code value="Reference"/><targetProfile value="http://hl7.org/fhir/StructureDefinition/Provenance"/></type></element></differential></StructureDefinition>