{"resourceType":"StructureDefinition","id":"PharmaceuticalAdviceIHEPWP","text":{"status":"extensions","div":"<div xmlns=\"http://www.w3.org/1999/xhtml\"><table border=\"0\" cellpadding=\"0\" cellspacing=\"0\" style=\"border: 0px #F0F0F0 solid; font-size: 11px; font-family: verdana; vertical-align: top;\"><tr style=\"border: 1px #F0F0F0 solid; font-size: 11px; font-family: verdana; vertical-align: top\"><th style=\"vertical-align: top; text-align : left; background-color: white; border: 0px #F0F0F0 solid; padding:0px 4px 0px 4px\" class=\"hierarchy\"><a href=\"http://hl7.org/fhir/R4/formats.html#table\" title=\"The logical name of the element\">Name</a></th><th style=\"vertical-align: top; text-align : left; background-color: white; border: 0px #F0F0F0 solid; padding:0px 4px 0px 4px\" class=\"hierarchy\"><a href=\"http://hl7.org/fhir/R4/formats.html#table\" title=\"Information about the use of the element\">Flags</a></th><th style=\"vertical-align: top; text-align : left; background-color: white; border: 0px #F0F0F0 solid; padding:0px 4px 0px 4px\" class=\"hierarchy\"><a href=\"http://hl7.org/fhir/R4/formats.html#table\" title=\"Minimum and Maximum # of times the the element can appear in the instance\">Card.</a></th><th style=\"width: 100px\" class=\"hierarchy\"><a href=\"http://hl7.org/fhir/R4/formats.html#table\" title=\"Reference to the type of the element\">Type</a></th><th style=\"vertical-align: top; text-align : left; background-color: white; border: 0px #F0F0F0 solid; padding:0px 4px 0px 4px\" class=\"hierarchy\"><a href=\"http://hl7.org/fhir/R4/formats.html#table\" title=\"Additional information about the element\">Description &amp; Constraints</a><span style=\"float: right\"><a href=\"http://hl7.org/fhir/R4/formats.html#table\" title=\"Legend for this format\"><img src=\"http://hl7.org/fhir/R4/help16.png\" alt=\"doco\" style=\"background-color: inherit\"/></a></span></th></tr><tr style=\"border: 0px #F0F0F0 solid; padding:0px; vertical-align: top; background-color: white\"><td style=\"vertical-align: top; text-align : left; background-color: white; border: 0px #F0F0F0 solid; padding:0px 4px 0px 4px; white-space: nowrap; background-image: url(tbl_bck1.png)\" class=\"hierarchy\"><img src=\"tbl_spacer.png\" alt=\".\" style=\"background-color: inherit\" class=\"hierarchy\"/><img src=\"icon_element.gif\" alt=\".\" style=\"background-color: white; background-color: inherit\" title=\"Element\" class=\"hierarchy\"/> <a href=\"StructureDefinition-PharmaceuticalAdviceIHEPWP-definitions.html#PharmaceuticalAdviceIHEPWP\" title=\"Pharmaceutical advice relates to one or more prescription items of one prescription. It is issued by one pharmacist. It may be associated with one or more observations.\">PharmaceuticalAdviceIHEPWP</a><a name=\"PharmaceuticalAdviceIHEPWP\"> </a></td><td style=\"vertical-align: top; text-align : left; background-color: white; border: 0px #F0F0F0 solid; padding:0px 4px 0px 4px\" class=\"hierarchy\"/><td style=\"vertical-align: top; text-align : left; background-color: white; border: 0px #F0F0F0 solid; padding:0px 4px 0px 4px\" class=\"hierarchy\"><span style=\"opacity: 0.5\">0</span><span style=\"opacity: 0.5\">..</span><span style=\"opacity: 0.5\">*</span></td><td style=\"vertical-align: top; text-align : left; background-color: white; border: 0px #F0F0F0 solid; padding:0px 4px 0px 4px\" class=\"hierarchy\"/><td style=\"vertical-align: top; text-align : left; background-color: white; border: 0px #F0F0F0 solid; padding:0px 4px 0px 4px\" class=\"hierarchy\">[IHE PHARM White Paper] Logical Model for pharmaceutical advice</td></tr>\r\n<tr style=\"border: 0px #F0F0F0 solid; padding:0px; vertical-align: top; background-color: #F7F7F7\"><td style=\"vertical-align: top; text-align : left; background-color: #F7F7F7; border: 0px #F0F0F0 solid; padding:0px 4px 0px 4px; white-space: nowrap; background-image: url(tbl_bck10.png)\" class=\"hierarchy\"><img src=\"tbl_spacer.png\" alt=\".\" style=\"background-color: inherit\" class=\"hierarchy\"/><img src=\"tbl_vjoin.png\" alt=\".\" style=\"background-color: inherit\" class=\"hierarchy\"/><img src=\"icon_datatype.gif\" alt=\".\" style=\"background-color: #F7F7F7; background-color: inherit\" title=\"Data Type\" class=\"hierarchy\"/> <a href=\"StructureDefinition-PharmaceuticalAdviceIHEPWP-definitions.html#PharmaceuticalAdviceIHEPWP.pharmaceuticalAdviceID\" title=\"Pharmaceutical advice ID\">pharmaceuticalAdviceID</a><a name=\"PharmaceuticalAdviceIHEPWP.pharmaceuticalAdviceID\"> </a></td><td style=\"vertical-align: top; text-align : left; background-color: #F7F7F7; border: 0px #F0F0F0 solid; padding:0px 4px 0px 4px\" class=\"hierarchy\"/><td style=\"vertical-align: top; text-align : left; background-color: #F7F7F7; border: 0px #F0F0F0 solid; padding:0px 4px 0px 4px\" class=\"hierarchy\">0..1</td><td style=\"vertical-align: top; text-align : left; background-color: #F7F7F7; border: 0px #F0F0F0 solid; padding:0px 4px 0px 4px\" class=\"hierarchy\"><a href=\"http://hl7.org/fhir/R4/datatypes.html#Identifier\">Identifier</a></td><td style=\"vertical-align: top; text-align : left; background-color: #F7F7F7; border: 0px #F0F0F0 solid; padding:0px 4px 0px 4px\" class=\"hierarchy\">Pharmaceutical advice ID</td></tr>\r\n<tr style=\"border: 0px #F0F0F0 solid; padding:0px; vertical-align: top; background-color: white\"><td style=\"vertical-align: top; text-align : left; background-color: white; border: 0px #F0F0F0 solid; padding:0px 4px 0px 4px; white-space: nowrap; background-image: url(tbl_bck10.png)\" class=\"hierarchy\"><img src=\"tbl_spacer.png\" alt=\".\" style=\"background-color: inherit\" class=\"hierarchy\"/><img src=\"tbl_vjoin.png\" alt=\".\" style=\"background-color: inherit\" class=\"hierarchy\"/><img src=\"icon_primitive.png\" alt=\".\" style=\"background-color: white; background-color: inherit\" title=\"Primitive Data Type\" class=\"hierarchy\"/> <a href=\"StructureDefinition-PharmaceuticalAdviceIHEPWP-definitions.html#PharmaceuticalAdviceIHEPWP.date\" title=\"Date/Time of advice\">date</a><a name=\"PharmaceuticalAdviceIHEPWP.date\"> </a></td><td style=\"vertical-align: top; text-align : left; background-color: white; border: 0px #F0F0F0 solid; padding:0px 4px 0px 4px\" class=\"hierarchy\"/><td style=\"vertical-align: top; text-align : left; background-color: white; border: 0px #F0F0F0 solid; padding:0px 4px 0px 4px\" class=\"hierarchy\">0..1</td><td style=\"vertical-align: top; text-align : left; background-color: white; border: 0px #F0F0F0 solid; padding:0px 4px 0px 4px\" class=\"hierarchy\"><a href=\"http://hl7.org/fhir/R4/datatypes.html#dateTime\">dateTime</a></td><td style=\"vertical-align: top; text-align : left; background-color: white; border: 0px #F0F0F0 solid; padding:0px 4px 0px 4px\" class=\"hierarchy\">Date/Time of advice</td></tr>\r\n<tr style=\"border: 0px #F0F0F0 solid; padding:0px; vertical-align: top; background-color: #F7F7F7\"><td style=\"vertical-align: top; text-align : left; background-color: #F7F7F7; border: 0px #F0F0F0 solid; padding:0px 4px 0px 4px; white-space: nowrap; background-image: url(tbl_bck10.png)\" class=\"hierarchy\"><img src=\"tbl_spacer.png\" alt=\".\" style=\"background-color: inherit\" class=\"hierarchy\"/><img src=\"tbl_vjoin.png\" alt=\".\" style=\"background-color: inherit\" class=\"hierarchy\"/><img src=\"icon_reference.png\" alt=\".\" style=\"background-color: #F7F7F7; background-color: inherit\" title=\"Reference to another Resource\" class=\"hierarchy\"/> <a href=\"StructureDefinition-PharmaceuticalAdviceIHEPWP-definitions.html#PharmaceuticalAdviceIHEPWP.patient\" title=\"The person for which the medication is prescribed.\">patient</a><a name=\"PharmaceuticalAdviceIHEPWP.patient\"> </a></td><td style=\"vertical-align: top; text-align : left; background-color: #F7F7F7; border: 0px #F0F0F0 solid; padding:0px 4px 0px 4px\" class=\"hierarchy\"/><td style=\"vertical-align: top; text-align : left; background-color: #F7F7F7; border: 0px #F0F0F0 solid; padding:0px 4px 0px 4px\" class=\"hierarchy\">1..1</td><td style=\"vertical-align: top; text-align : left; background-color: #F7F7F7; border: 0px #F0F0F0 solid; padding:0px 4px 0px 4px\" class=\"hierarchy\"><a href=\"http://hl7.org/fhir/R4/references.html\">Reference</a>(<a href=\"http://hl7.org/fhir/R4/patient.html\">Patient</a>)</td><td style=\"vertical-align: top; text-align : left; background-color: #F7F7F7; border: 0px #F0F0F0 solid; padding:0px 4px 0px 4px\" class=\"hierarchy\">The person for which the medication is prescribed.</td></tr>\r\n<tr style=\"border: 0px #F0F0F0 solid; padding:0px; vertical-align: top; background-color: white\"><td style=\"vertical-align: top; text-align : left; background-color: white; border: 0px #F0F0F0 solid; padding:0px 4px 0px 4px; white-space: nowrap; background-image: url(tbl_bck10.png)\" class=\"hierarchy\"><img src=\"tbl_spacer.png\" alt=\".\" style=\"background-color: inherit\" class=\"hierarchy\"/><img src=\"tbl_vjoin.png\" alt=\".\" style=\"background-color: inherit\" class=\"hierarchy\"/><img src=\"icon_primitive.png\" alt=\".\" style=\"background-color: white; background-color: inherit\" title=\"Primitive Data Type\" class=\"hierarchy\"/> <a href=\"StructureDefinition-PharmaceuticalAdviceIHEPWP-definitions.html#PharmaceuticalAdviceIHEPWP.problems\" title=\"A problem can be a supply problem (suspended medication, out-of-stock...) or a medical issue (redundancy, interaction, contra-indication, overdose, adverse effect...)\">problems</a><a name=\"PharmaceuticalAdviceIHEPWP.problems\"> </a></td><td style=\"vertical-align: top; text-align : left; background-color: white; border: 0px #F0F0F0 solid; padding:0px 4px 0px 4px\" class=\"hierarchy\"/><td style=\"vertical-align: top; text-align : left; background-color: white; border: 0px #F0F0F0 solid; padding:0px 4px 0px 4px\" class=\"hierarchy\">0..*</td><td style=\"vertical-align: top; text-align : left; background-color: white; border: 0px #F0F0F0 solid; padding:0px 4px 0px 4px\" class=\"hierarchy\"><a href=\"http://hl7.org/fhir/R4/datatypes.html#string\">string</a></td><td style=\"vertical-align: top; text-align : left; background-color: white; border: 0px #F0F0F0 solid; padding:0px 4px 0px 4px\" class=\"hierarchy\">A problem can be a supply problem (suspended medication, out-of-stock...) or a medical issue (redundancy, interaction, contra-indication, overdose, adverse effect...)<br/></td></tr>\r\n<tr style=\"border: 0px #F0F0F0 solid; padding:0px; vertical-align: top; background-color: #F7F7F7\"><td style=\"vertical-align: top; text-align : left; background-color: #F7F7F7; border: 0px #F0F0F0 solid; padding:0px 4px 0px 4px; white-space: nowrap; background-image: url(tbl_bck10.png)\" class=\"hierarchy\"><img src=\"tbl_spacer.png\" alt=\".\" style=\"background-color: inherit\" class=\"hierarchy\"/><img src=\"tbl_vjoin.png\" alt=\".\" style=\"background-color: inherit\" class=\"hierarchy\"/><img src=\"icon_primitive.png\" alt=\".\" style=\"background-color: #F7F7F7; background-color: inherit\" title=\"Primitive Data Type\" class=\"hierarchy\"/> <a href=\"StructureDefinition-PharmaceuticalAdviceIHEPWP-definitions.html#PharmaceuticalAdviceIHEPWP.summary\" title=\"Summary of physician/pharmacist discussion (by phone, mail, messages…)\">summary</a><a name=\"PharmaceuticalAdviceIHEPWP.summary\"> </a></td><td style=\"vertical-align: top; text-align : left; background-color: #F7F7F7; border: 0px #F0F0F0 solid; padding:0px 4px 0px 4px\" class=\"hierarchy\"/><td style=\"vertical-align: top; text-align : left; background-color: #F7F7F7; border: 0px #F0F0F0 solid; padding:0px 4px 0px 4px\" class=\"hierarchy\">0..1</td><td style=\"vertical-align: top; text-align : left; background-color: #F7F7F7; border: 0px #F0F0F0 solid; padding:0px 4px 0px 4px\" class=\"hierarchy\"><a href=\"http://hl7.org/fhir/R4/datatypes.html#string\">string</a></td><td style=\"vertical-align: top; text-align : left; background-color: #F7F7F7; border: 0px #F0F0F0 solid; padding:0px 4px 0px 4px\" class=\"hierarchy\">Summary of physician/pharmacist discussion (by phone, mail, messages…)</td></tr>\r\n<tr style=\"border: 0px #F0F0F0 solid; padding:0px; vertical-align: top; background-color: white\"><td style=\"vertical-align: top; text-align : left; background-color: white; border: 0px #F0F0F0 solid; padding:0px 4px 0px 4px; white-space: nowrap; background-image: url(tbl_bck10.png)\" class=\"hierarchy\"><img src=\"tbl_spacer.png\" alt=\".\" style=\"background-color: inherit\" class=\"hierarchy\"/><img src=\"tbl_vjoin.png\" alt=\".\" style=\"background-color: inherit\" class=\"hierarchy\"/><img src=\"icon_primitive.png\" alt=\".\" style=\"background-color: white; background-color: inherit\" title=\"Primitive Data Type\" class=\"hierarchy\"/> <a href=\"StructureDefinition-PharmaceuticalAdviceIHEPWP-definitions.html#PharmaceuticalAdviceIHEPWP.status\" title=\"OPEN|CLOSED\">status</a><a name=\"PharmaceuticalAdviceIHEPWP.status\"> </a></td><td style=\"vertical-align: top; text-align : left; background-color: white; border: 0px #F0F0F0 solid; padding:0px 4px 0px 4px\" class=\"hierarchy\"/><td style=\"vertical-align: top; text-align : left; background-color: white; border: 0px #F0F0F0 solid; padding:0px 4px 0px 4px\" class=\"hierarchy\">0..1</td><td style=\"vertical-align: top; text-align : left; background-color: white; border: 0px #F0F0F0 solid; padding:0px 4px 0px 4px\" class=\"hierarchy\"><a href=\"http://hl7.org/fhir/R4/datatypes.html#string\">string</a></td><td style=\"vertical-align: top; text-align : left; background-color: white; border: 0px #F0F0F0 solid; padding:0px 4px 0px 4px\" class=\"hierarchy\">OPEN|CLOSED</td></tr>\r\n<tr style=\"border: 0px #F0F0F0 solid; padding:0px; vertical-align: top; background-color: #F7F7F7\"><td style=\"vertical-align: top; text-align : left; background-color: #F7F7F7; border: 0px #F0F0F0 solid; padding:0px 4px 0px 4px; white-space: nowrap; background-image: url(tbl_bck10.png)\" class=\"hierarchy\"><img src=\"tbl_spacer.png\" alt=\".\" style=\"background-color: inherit\" class=\"hierarchy\"/><img src=\"tbl_vjoin.png\" alt=\".\" style=\"background-color: inherit\" class=\"hierarchy\"/><img src=\"icon_primitive.png\" alt=\".\" style=\"background-color: #F7F7F7; background-color: inherit\" title=\"Primitive Data Type\" class=\"hierarchy\"/> <a href=\"StructureDefinition-PharmaceuticalAdviceIHEPWP-definitions.html#PharmaceuticalAdviceIHEPWP.decision\" title=\"Decision (i.e. dispense without change | dispense with changes | refusal to dispense until further discussion with prescriber | definite cancellation of the prescription item)\">decision</a><a name=\"PharmaceuticalAdviceIHEPWP.decision\"> </a></td><td style=\"vertical-align: top; text-align : left; background-color: #F7F7F7; border: 0px #F0F0F0 solid; padding:0px 4px 0px 4px\" class=\"hierarchy\"/><td style=\"vertical-align: top; text-align : left; background-color: #F7F7F7; border: 0px #F0F0F0 solid; padding:0px 4px 0px 4px\" class=\"hierarchy\">0..1</td><td style=\"vertical-align: top; text-align : left; background-color: #F7F7F7; border: 0px #F0F0F0 solid; padding:0px 4px 0px 4px\" class=\"hierarchy\"><a href=\"http://hl7.org/fhir/R4/datatypes.html#string\">string</a></td><td style=\"vertical-align: top; text-align : left; background-color: #F7F7F7; border: 0px #F0F0F0 solid; padding:0px 4px 0px 4px\" class=\"hierarchy\">Decision (i.e. dispense without change | dispense with changes | refusal to dispense until further discussion with prescriber | definite cancellation of the prescription item)</td></tr>\r\n<tr style=\"border: 0px #F0F0F0 solid; padding:0px; vertical-align: top; background-color: white\"><td style=\"vertical-align: top; text-align : left; background-color: white; border: 0px #F0F0F0 solid; padding:0px 4px 0px 4px; white-space: nowrap; background-image: url(tbl_bck10.png)\" class=\"hierarchy\"><img src=\"tbl_spacer.png\" alt=\".\" style=\"background-color: inherit\" class=\"hierarchy\"/><img src=\"tbl_vjoin.png\" alt=\".\" style=\"background-color: inherit\" class=\"hierarchy\"/><img src=\"icon_primitive.png\" alt=\".\" style=\"background-color: white; background-color: inherit\" title=\"Primitive Data Type\" class=\"hierarchy\"/> <a href=\"StructureDefinition-PharmaceuticalAdviceIHEPWP-definitions.html#PharmaceuticalAdviceIHEPWP.datetimeDecision\" title=\"Date/Time of decision\">datetimeDecision</a><a name=\"PharmaceuticalAdviceIHEPWP.datetimeDecision\"> </a></td><td style=\"vertical-align: top; text-align : left; background-color: white; border: 0px #F0F0F0 solid; padding:0px 4px 0px 4px\" class=\"hierarchy\"/><td style=\"vertical-align: top; text-align : left; background-color: white; border: 0px #F0F0F0 solid; padding:0px 4px 0px 4px\" class=\"hierarchy\">0..1</td><td style=\"vertical-align: top; text-align : left; background-color: white; border: 0px #F0F0F0 solid; padding:0px 4px 0px 4px\" class=\"hierarchy\"><a href=\"http://hl7.org/fhir/R4/datatypes.html#dateTime\">dateTime</a></td><td style=\"vertical-align: top; text-align : left; background-color: white; border: 0px #F0F0F0 solid; padding:0px 4px 0px 4px\" class=\"hierarchy\">Date/Time of decision</td></tr>\r\n<tr style=\"border: 0px #F0F0F0 solid; padding:0px; vertical-align: top; background-color: #F7F7F7\"><td style=\"vertical-align: top; text-align : left; background-color: #F7F7F7; border: 0px #F0F0F0 solid; padding:0px 4px 0px 4px; white-space: nowrap; background-image: url(tbl_bck00.png)\" class=\"hierarchy\"><img src=\"tbl_spacer.png\" alt=\".\" style=\"background-color: inherit\" class=\"hierarchy\"/><img src=\"tbl_vjoin_end.png\" alt=\".\" style=\"background-color: inherit\" class=\"hierarchy\"/><img src=\"icon_primitive.png\" alt=\".\" style=\"background-color: #F7F7F7; background-color: inherit\" title=\"Primitive Data Type\" class=\"hierarchy\"/> <a href=\"StructureDefinition-PharmaceuticalAdviceIHEPWP-definitions.html#PharmaceuticalAdviceIHEPWP.pharmacist\" title=\"pharmacist\">pharmacist</a><a name=\"PharmaceuticalAdviceIHEPWP.pharmacist\"> </a></td><td style=\"vertical-align: top; text-align : left; background-color: #F7F7F7; border: 0px #F0F0F0 solid; padding:0px 4px 0px 4px\" class=\"hierarchy\"/><td style=\"vertical-align: top; text-align : left; background-color: #F7F7F7; border: 0px #F0F0F0 solid; padding:0px 4px 0px 4px\" class=\"hierarchy\">0..1</td><td style=\"vertical-align: top; text-align : left; background-color: #F7F7F7; border: 0px #F0F0F0 solid; padding:0px 4px 0px 4px\" class=\"hierarchy\"><a href=\"http://hl7.org/fhir/R4/datatypes.html#string\">string</a></td><td style=\"vertical-align: top; text-align : left; background-color: #F7F7F7; border: 0px #F0F0F0 solid; padding:0px 4px 0px 4px\" class=\"hierarchy\">pharmacist</td></tr>\r\n<tr><td colspan=\"5\" class=\"hierarchy\"><br/><a href=\"http://hl7.org/fhir/R4/formats.html#table\" title=\"Legend for this format\"><img src=\"http://hl7.org/fhir/R4/help16.png\" alt=\"doco\" style=\"background-color: inherit\"/> Documentation for this format</a></td></tr></table></div>"},"url":"http://profiles.ihe.net/PHARM/ihe.pharm.mpd/StructureDefinition/PharmaceuticalAdviceIHEPWP","version":"0.1.0","name":"PharmaceuticalAdviceIHEPWP","title":"[IHE PHARM White Paper] Logical Model for pharmaceutical advice","status":"active","date":"2022-01-13T14:53:07+00:00","publisher":"Integrating the Healthcare Enterprise (IHE)","contact":[{"name":"Integrating the Healthcare Enterprise (IHE)","telecom":[{"system":"url","value":"http://ihe.net"},{"system":"email","value":"secretary@ihe.net"}]},{"name":"Jose Costa Teixeira","telecom":[{"system":"email","value":"jose.a.teixeira@gmail.com","use":"work"}]}],"description":"Pharmaceutical advice relates to one or more prescription items of one prescription. It is issued by one pharmacist. It may be associated with one or more observations.","jurisdiction":[{"coding":[{"system":"http://unstats.un.org/unsd/methods/m49/m49.htm","code":"001"}]}],"copyright":"IHE http://www.ihe.net/Governance/#Intellectual_Property","fhirVersion":"4.0.1","mapping":[{"identity":"rim","uri":"http://hl7.org/v3","name":"RIM Mapping"}],"kind":"logical","abstract":false,"type":"http://profiles.ihe.net/PHARM/ihe.pharm.mpd/StructureDefinition/PharmaceuticalAdviceIHEPWP","baseDefinition":"http://hl7.org/fhir/StructureDefinition/Base","derivation":"specialization","snapshot":{"element":[{"id":"PharmaceuticalAdviceIHEPWP","path":"PharmaceuticalAdviceIHEPWP","short":"[IHE PHARM White Paper] Logical Model for pharmaceutical advice","definition":"Pharmaceutical advice relates to one or more prescription items of one prescription. It is issued by one pharmacist. It may be associated with one or more observations.","min":0,"max":"*","base":{"path":"Base","min":0,"max":"*"},"isModifier":false},{"id":"PharmaceuticalAdviceIHEPWP.pharmaceuticalAdviceID","path":"PharmaceuticalAdviceIHEPWP.pharmaceuticalAdviceID","short":"Pharmaceutical advice ID","definition":"Pharmaceutical advice ID","min":0,"max":"1","base":{"path":"PharmaceuticalAdviceIHEPWP.pharmaceuticalAdviceID","min":0,"max":"1"},"type":[{"code":"Identifier"}]},{"id":"PharmaceuticalAdviceIHEPWP.date","path":"PharmaceuticalAdviceIHEPWP.date","short":"Date/Time of advice","definition":"Date/Time of advice","min":0,"max":"1","base":{"path":"PharmaceuticalAdviceIHEPWP.date","min":0,"max":"1"},"type":[{"code":"dateTime"}]},{"id":"PharmaceuticalAdviceIHEPWP.patient","path":"PharmaceuticalAdviceIHEPWP.patient","short":"The person for which the medication is prescribed.","definition":"The person for which the medication is prescribed.","min":1,"max":"1","base":{"path":"PharmaceuticalAdviceIHEPWP.patient","min":1,"max":"1"},"type":[{"code":"Reference","targetProfile":["http://hl7.org/fhir/StructureDefinition/Patient"]}]},{"id":"PharmaceuticalAdviceIHEPWP.problems","path":"PharmaceuticalAdviceIHEPWP.problems","short":"A problem can be a supply problem (suspended medication, out-of-stock...) or a medical issue (redundancy, interaction, contra-indication, overdose, adverse effect...)","definition":"A problem can be a supply problem (suspended medication, out-of-stock...) or a medical issue (redundancy, interaction, contra-indication, overdose, adverse effect...)","min":0,"max":"*","base":{"path":"PharmaceuticalAdviceIHEPWP.problems","min":0,"max":"*"},"type":[{"code":"string"}]},{"id":"PharmaceuticalAdviceIHEPWP.summary","path":"PharmaceuticalAdviceIHEPWP.summary","short":"Summary of physician/pharmacist discussion (by phone, mail, messages…)","definition":"Summary of physician/pharmacist discussion (by phone, mail, messages…)","min":0,"max":"1","base":{"path":"PharmaceuticalAdviceIHEPWP.summary","min":0,"max":"1"},"type":[{"code":"string"}]},{"id":"PharmaceuticalAdviceIHEPWP.status","path":"PharmaceuticalAdviceIHEPWP.status","short":"OPEN|CLOSED","definition":"OPEN|CLOSED","min":0,"max":"1","base":{"path":"PharmaceuticalAdviceIHEPWP.status","min":0,"max":"1"},"type":[{"code":"string"}]},{"id":"PharmaceuticalAdviceIHEPWP.decision","path":"PharmaceuticalAdviceIHEPWP.decision","short":"Decision (i.e. dispense without change | dispense with changes | refusal to dispense until further discussion with prescriber | definite cancellation of the prescription item)","definition":"Decision (i.e. dispense without change | dispense with changes | refusal to dispense until further discussion with prescriber | definite cancellation of the prescription item)","min":0,"max":"1","base":{"path":"PharmaceuticalAdviceIHEPWP.decision","min":0,"max":"1"},"type":[{"code":"string"}]},{"id":"PharmaceuticalAdviceIHEPWP.datetimeDecision","path":"PharmaceuticalAdviceIHEPWP.datetimeDecision","short":"Date/Time of decision","definition":"Date/Time of decision","min":0,"max":"1","base":{"path":"PharmaceuticalAdviceIHEPWP.datetimeDecision","min":0,"max":"1"},"type":[{"code":"dateTime"}]},{"id":"PharmaceuticalAdviceIHEPWP.pharmacist","path":"PharmaceuticalAdviceIHEPWP.pharmacist","short":"pharmacist","definition":"pharmacist","min":0,"max":"1","base":{"path":"PharmaceuticalAdviceIHEPWP.pharmacist","min":0,"max":"1"},"type":[{"code":"string"}]}]},"differential":{"element":[{"id":"PharmaceuticalAdviceIHEPWP","path":"PharmaceuticalAdviceIHEPWP","short":"[IHE PHARM White Paper] Logical Model for pharmaceutical advice","definition":"Pharmaceutical advice relates to one or more prescription items of one prescription. It is issued by one pharmacist. It may be associated with one or more observations."},{"id":"PharmaceuticalAdviceIHEPWP.pharmaceuticalAdviceID","path":"PharmaceuticalAdviceIHEPWP.pharmaceuticalAdviceID","short":"Pharmaceutical advice ID","definition":"Pharmaceutical advice ID","min":0,"max":"1","type":[{"code":"Identifier"}]},{"id":"PharmaceuticalAdviceIHEPWP.date","path":"PharmaceuticalAdviceIHEPWP.date","short":"Date/Time of advice","definition":"Date/Time of advice","min":0,"max":"1","type":[{"code":"dateTime"}]},{"id":"PharmaceuticalAdviceIHEPWP.patient","path":"PharmaceuticalAdviceIHEPWP.patient","short":"The person for which the medication is prescribed.","definition":"The person for which the medication is prescribed.","min":1,"max":"1","type":[{"code":"Reference","targetProfile":["http://hl7.org/fhir/StructureDefinition/Patient"]}]},{"id":"PharmaceuticalAdviceIHEPWP.problems","path":"PharmaceuticalAdviceIHEPWP.problems","short":"A problem can be a supply problem (suspended medication, out-of-stock...) or a medical issue (redundancy, interaction, contra-indication, overdose, adverse effect...)","definition":"A problem can be a supply problem (suspended medication, out-of-stock...) or a medical issue (redundancy, interaction, contra-indication, overdose, adverse effect...)","min":0,"max":"*","type":[{"code":"string"}]},{"id":"PharmaceuticalAdviceIHEPWP.summary","path":"PharmaceuticalAdviceIHEPWP.summary","short":"Summary of physician/pharmacist discussion (by phone, mail, messages…)","definition":"Summary of physician/pharmacist discussion (by phone, mail, messages…)","min":0,"max":"1","type":[{"code":"string"}]},{"id":"PharmaceuticalAdviceIHEPWP.status","path":"PharmaceuticalAdviceIHEPWP.status","short":"OPEN|CLOSED","definition":"OPEN|CLOSED","min":0,"max":"1","type":[{"code":"string"}]},{"id":"PharmaceuticalAdviceIHEPWP.decision","path":"PharmaceuticalAdviceIHEPWP.decision","short":"Decision (i.e. dispense without change | dispense with changes | refusal to dispense until further discussion with prescriber | definite cancellation of the prescription item)","definition":"Decision (i.e. dispense without change | dispense with changes | refusal to dispense until further discussion with prescriber | definite cancellation of the prescription item)","min":0,"max":"1","type":[{"code":"string"}]},{"id":"PharmaceuticalAdviceIHEPWP.datetimeDecision","path":"PharmaceuticalAdviceIHEPWP.datetimeDecision","short":"Date/Time of decision","definition":"Date/Time of decision","min":0,"max":"1","type":[{"code":"dateTime"}]},{"id":"PharmaceuticalAdviceIHEPWP.pharmacist","path":"PharmaceuticalAdviceIHEPWP.pharmacist","short":"pharmacist","definition":"pharmacist","min":0,"max":"1","type":[{"code":"string"}]}]}}