{"resourceType":"StructureDefinition","id":"PharmaceuticalAdviceHMW","text":{"status":"extensions","div":"<div xmlns=\"http://www.w3.org/1999/xhtml\"><table border=\"0\" cellpadding=\"0\" cellspacing=\"0\" style=\"border: 0px #F0F0F0 solid; font-size: 11px; font-family: verdana; vertical-align: top;\"><tr style=\"border: 1px #F0F0F0 solid; font-size: 11px; font-family: verdana; vertical-align: top\"><th style=\"vertical-align: top; text-align : left; background-color: white; border: 0px #F0F0F0 solid; padding:0px 4px 0px 4px\" class=\"hierarchy\"><a href=\"http://hl7.org/fhir/R4/formats.html#table\" title=\"The logical name of the element\">Name</a></th><th style=\"vertical-align: top; text-align : left; background-color: white; border: 0px #F0F0F0 solid; padding:0px 4px 0px 4px\" class=\"hierarchy\"><a href=\"http://hl7.org/fhir/R4/formats.html#table\" title=\"Information about the use of the element\">Flags</a></th><th style=\"vertical-align: top; text-align : left; background-color: white; border: 0px #F0F0F0 solid; padding:0px 4px 0px 4px\" class=\"hierarchy\"><a href=\"http://hl7.org/fhir/R4/formats.html#table\" title=\"Minimum and Maximum # of times the the element can appear in the instance\">Card.</a></th><th style=\"width: 100px\" class=\"hierarchy\"><a href=\"http://hl7.org/fhir/R4/formats.html#table\" title=\"Reference to the type of the element\">Type</a></th><th style=\"vertical-align: top; text-align : left; background-color: white; border: 0px #F0F0F0 solid; padding:0px 4px 0px 4px\" class=\"hierarchy\"><a href=\"http://hl7.org/fhir/R4/formats.html#table\" title=\"Additional information about the element\">Description &amp; Constraints</a><span style=\"float: right\"><a href=\"http://hl7.org/fhir/R4/formats.html#table\" title=\"Legend for this format\"><img src=\"http://hl7.org/fhir/R4/help16.png\" alt=\"doco\" style=\"background-color: inherit\"/></a></span></th></tr><tr style=\"border: 0px #F0F0F0 solid; padding:0px; vertical-align: top; background-color: white\"><td style=\"vertical-align: top; text-align : left; background-color: white; border: 0px #F0F0F0 solid; padding:0px 4px 0px 4px; white-space: nowrap; background-image: url(tbl_bck1.png)\" class=\"hierarchy\"><img src=\"tbl_spacer.png\" alt=\".\" style=\"background-color: inherit\" class=\"hierarchy\"/><img src=\"icon_element.gif\" alt=\".\" style=\"background-color: white; background-color: inherit\" title=\"Element\" class=\"hierarchy\"/> <a href=\"StructureDefinition-PharmaceuticalAdviceHMW-definitions.html#PharmaceuticalAdviceHMW\" title=\"[HMW] Logical Model for Pharmaceutical Advice\">PharmaceuticalAdviceHMW</a><a name=\"PharmaceuticalAdviceHMW\"> </a></td><td style=\"vertical-align: top; text-align : left; background-color: white; border: 0px #F0F0F0 solid; padding:0px 4px 0px 4px\" class=\"hierarchy\"/><td style=\"vertical-align: top; text-align : left; background-color: white; border: 0px #F0F0F0 solid; padding:0px 4px 0px 4px\" class=\"hierarchy\"><span style=\"opacity: 0.5\">0</span><span style=\"opacity: 0.5\">..</span><span style=\"opacity: 0.5\">*</span></td><td style=\"vertical-align: top; text-align : left; background-color: white; border: 0px #F0F0F0 solid; padding:0px 4px 0px 4px\" class=\"hierarchy\"/><td style=\"vertical-align: top; text-align : left; background-color: white; border: 0px #F0F0F0 solid; padding:0px 4px 0px 4px\" class=\"hierarchy\">[HMW] Logical Model for Pharmaceutical Advice</td></tr>\r\n<tr style=\"border: 0px #F0F0F0 solid; padding:0px; vertical-align: top; background-color: #F7F7F7\"><td style=\"vertical-align: top; text-align : left; background-color: #F7F7F7; border: 0px #F0F0F0 solid; padding:0px 4px 0px 4px; white-space: nowrap; background-image: url(tbl_bck10.png)\" class=\"hierarchy\"><img src=\"tbl_spacer.png\" alt=\".\" style=\"background-color: inherit\" class=\"hierarchy\"/><img src=\"tbl_vjoin.png\" alt=\".\" style=\"background-color: inherit\" class=\"hierarchy\"/><img src=\"icon_datatype.gif\" alt=\".\" style=\"background-color: #F7F7F7; background-color: inherit\" title=\"Data Type\" class=\"hierarchy\"/> <a href=\"StructureDefinition-PharmaceuticalAdviceHMW-definitions.html#PharmaceuticalAdviceHMW.identifier\" title=\"The business identifier(s) for the medication prescription\">identifier</a><a name=\"PharmaceuticalAdviceHMW.identifier\"> </a></td><td style=\"vertical-align: top; text-align : left; background-color: #F7F7F7; border: 0px #F0F0F0 solid; padding:0px 4px 0px 4px\" class=\"hierarchy\"/><td style=\"vertical-align: top; text-align : left; background-color: #F7F7F7; border: 0px #F0F0F0 solid; padding:0px 4px 0px 4px\" class=\"hierarchy\">0..1</td><td style=\"vertical-align: top; text-align : left; background-color: #F7F7F7; border: 0px #F0F0F0 solid; padding:0px 4px 0px 4px\" class=\"hierarchy\"><a href=\"http://hl7.org/fhir/R4/datatypes.html#Identifier\">Identifier</a></td><td style=\"vertical-align: top; text-align : left; background-color: #F7F7F7; border: 0px #F0F0F0 solid; padding:0px 4px 0px 4px\" class=\"hierarchy\">The business identifier(s) for the medication prescription</td></tr>\r\n<tr style=\"border: 0px #F0F0F0 solid; padding:0px; vertical-align: top; background-color: white\"><td style=\"vertical-align: top; text-align : left; background-color: white; border: 0px #F0F0F0 solid; padding:0px 4px 0px 4px; white-space: nowrap; background-image: url(tbl_bck10.png)\" class=\"hierarchy\"><img src=\"tbl_spacer.png\" alt=\".\" style=\"background-color: inherit\" class=\"hierarchy\"/><img src=\"tbl_vjoin.png\" alt=\".\" style=\"background-color: inherit\" class=\"hierarchy\"/><img src=\"icon_reference.png\" alt=\".\" style=\"background-color: white; background-color: inherit\" title=\"Reference to another Resource\" class=\"hierarchy\"/> <a href=\"StructureDefinition-PharmaceuticalAdviceHMW-definitions.html#PharmaceuticalAdviceHMW.patient\" title=\"The person for which the medication is prescribed.\">patient</a><a name=\"PharmaceuticalAdviceHMW.patient\"> </a></td><td style=\"vertical-align: top; text-align : left; background-color: white; border: 0px #F0F0F0 solid; padding:0px 4px 0px 4px\" class=\"hierarchy\"/><td style=\"vertical-align: top; text-align : left; background-color: white; border: 0px #F0F0F0 solid; padding:0px 4px 0px 4px\" class=\"hierarchy\">1..1</td><td style=\"vertical-align: top; text-align : left; background-color: white; border: 0px #F0F0F0 solid; padding:0px 4px 0px 4px\" class=\"hierarchy\"><a href=\"http://hl7.org/fhir/R4/references.html\">Reference</a>(<a href=\"http://hl7.org/fhir/R4/patient.html\">Patient</a>)</td><td style=\"vertical-align: top; text-align : left; background-color: white; border: 0px #F0F0F0 solid; padding:0px 4px 0px 4px\" class=\"hierarchy\">The person for which the medication is prescribed.</td></tr>\r\n<tr style=\"border: 0px #F0F0F0 solid; padding:0px; vertical-align: top; background-color: #F7F7F7\"><td style=\"vertical-align: top; text-align : left; background-color: #F7F7F7; border: 0px #F0F0F0 solid; padding:0px 4px 0px 4px; white-space: nowrap; background-image: url(tbl_bck10.png)\" class=\"hierarchy\"><img src=\"tbl_spacer.png\" alt=\".\" style=\"background-color: inherit\" class=\"hierarchy\"/><img src=\"tbl_vjoin.png\" alt=\".\" style=\"background-color: inherit\" class=\"hierarchy\"/><img src=\"icon_primitive.png\" alt=\".\" style=\"background-color: #F7F7F7; background-color: inherit\" title=\"Primitive Data Type\" class=\"hierarchy\"/> <a href=\"StructureDefinition-PharmaceuticalAdviceHMW-definitions.html#PharmaceuticalAdviceHMW.status\" title=\"Status of the prescription\">status</a><a name=\"PharmaceuticalAdviceHMW.status\"> </a></td><td style=\"vertical-align: top; text-align : left; background-color: #F7F7F7; border: 0px #F0F0F0 solid; padding:0px 4px 0px 4px\" class=\"hierarchy\"/><td style=\"vertical-align: top; text-align : left; background-color: #F7F7F7; border: 0px #F0F0F0 solid; padding:0px 4px 0px 4px\" class=\"hierarchy\">1..1</td><td style=\"vertical-align: top; text-align : left; background-color: #F7F7F7; border: 0px #F0F0F0 solid; padding:0px 4px 0px 4px\" class=\"hierarchy\"><a href=\"http://hl7.org/fhir/R4/datatypes.html#code\">code</a></td><td style=\"vertical-align: top; text-align : left; background-color: #F7F7F7; border: 0px #F0F0F0 solid; padding:0px 4px 0px 4px\" class=\"hierarchy\">Status of the prescription</td></tr>\r\n<tr style=\"border: 0px #F0F0F0 solid; padding:0px; vertical-align: top; background-color: white\"><td style=\"vertical-align: top; text-align : left; background-color: white; border: 0px #F0F0F0 solid; padding:0px 4px 0px 4px; white-space: nowrap; background-image: url(tbl_bck10.png)\" class=\"hierarchy\"><img src=\"tbl_spacer.png\" alt=\".\" style=\"background-color: inherit\" class=\"hierarchy\"/><img src=\"tbl_vjoin.png\" alt=\".\" style=\"background-color: inherit\" class=\"hierarchy\"/><img src=\"icon_datatype.gif\" alt=\".\" style=\"background-color: white; background-color: inherit\" title=\"Data Type\" class=\"hierarchy\"/> <a href=\"StructureDefinition-PharmaceuticalAdviceHMW-definitions.html#PharmaceuticalAdviceHMW.statusReason\" title=\"Reason for current prescription status\">statusReason</a><a name=\"PharmaceuticalAdviceHMW.statusReason\"> </a></td><td style=\"vertical-align: top; text-align : left; background-color: white; border: 0px #F0F0F0 solid; padding:0px 4px 0px 4px\" class=\"hierarchy\"/><td style=\"vertical-align: top; text-align : left; background-color: white; border: 0px #F0F0F0 solid; padding:0px 4px 0px 4px\" class=\"hierarchy\">0..*</td><td style=\"vertical-align: top; text-align : left; background-color: white; border: 0px #F0F0F0 solid; padding:0px 4px 0px 4px\" class=\"hierarchy\"><a href=\"http://hl7.org/fhir/R4/datatypes.html#CodeableConcept\">CodeableConcept</a></td><td style=\"vertical-align: top; text-align : left; background-color: white; border: 0px #F0F0F0 solid; padding:0px 4px 0px 4px\" class=\"hierarchy\">Reason for current prescription status<br/></td></tr>\r\n<tr style=\"border: 0px #F0F0F0 solid; padding:0px; vertical-align: top; background-color: #F7F7F7\"><td style=\"vertical-align: top; text-align : left; background-color: #F7F7F7; border: 0px #F0F0F0 solid; padding:0px 4px 0px 4px; white-space: nowrap; background-image: url(tbl_bck11.png)\" class=\"hierarchy\"><img src=\"tbl_spacer.png\" alt=\".\" style=\"background-color: inherit\" class=\"hierarchy\"/><img src=\"tbl_vjoin.png\" alt=\".\" style=\"background-color: inherit\" class=\"hierarchy\"/><img src=\"icon_choice.gif\" alt=\".\" style=\"background-color: #F7F7F7; background-color: inherit\" title=\"Choice of Types\" class=\"hierarchy\"/> <a href=\"StructureDefinition-PharmaceuticalAdviceHMW-definitions.html#PharmaceuticalAdviceHMW.product[x]\" title=\"Product prescribed\">product[x]</a><a name=\"PharmaceuticalAdviceHMW.product_x_\"> </a></td><td style=\"vertical-align: top; text-align : left; background-color: #F7F7F7; border: 0px #F0F0F0 solid; padding:0px 4px 0px 4px\" class=\"hierarchy\"/><td style=\"vertical-align: top; text-align : left; background-color: #F7F7F7; border: 0px #F0F0F0 solid; padding:0px 4px 0px 4px\" class=\"hierarchy\">1..1</td><td style=\"vertical-align: top; text-align : left; background-color: #F7F7F7; border: 0px #F0F0F0 solid; padding:0px 4px 0px 4px\" class=\"hierarchy\"/><td style=\"vertical-align: top; text-align : left; background-color: #F7F7F7; border: 0px #F0F0F0 solid; padding:0px 4px 0px 4px\" class=\"hierarchy\">Product prescribed</td></tr>\r\n<tr style=\"border: 0px #F0F0F0 solid; padding:0px; vertical-align: top; background-color: white\"><td style=\"vertical-align: top; text-align : left; background-color: white; border: 0px #F0F0F0 solid; padding:0px 4px 0px 4px; white-space: nowrap; background-image: url(tbl_bck110.png)\" class=\"hierarchy\"><img src=\"tbl_spacer.png\" alt=\".\" style=\"background-color: inherit\" class=\"hierarchy\"/><img src=\"tbl_vline.png\" alt=\".\" style=\"background-color: inherit\" class=\"hierarchy\"/><img src=\"tbl_vjoin.png\" alt=\".\" style=\"background-color: inherit\" class=\"hierarchy\"/><img src=\"icon_datatype.gif\" alt=\".\" style=\"background-color: white; background-color: inherit\" title=\"Data Type\" class=\"hierarchy\"/> <span title=\"Base StructureDefinition for CodeableConcept Type: A concept that may be defined by a formal reference to a terminology or ontology or may be provided by text.\">productCodeableConcept</span></td><td style=\"vertical-align: top; text-align : left; background-color: white; border: 0px #F0F0F0 solid; padding:0px 4px 0px 4px\" class=\"hierarchy\"/><td style=\"vertical-align: top; text-align : left; background-color: white; border: 0px #F0F0F0 solid; padding:0px 4px 0px 4px\" class=\"hierarchy\"></td><td style=\"vertical-align: top; text-align : left; background-color: white; border: 0px #F0F0F0 solid; padding:0px 4px 0px 4px\" class=\"hierarchy\"><a href=\"http://hl7.org/fhir/R4/datatypes.html#CodeableConcept\">CodeableConcept</a></td><td style=\"vertical-align: top; text-align : left; background-color: white; border: 0px #F0F0F0 solid; padding:0px 4px 0px 4px\" class=\"hierarchy\"/></tr>\r\n<tr style=\"border: 0px #F0F0F0 solid; padding:0px; vertical-align: top; background-color: #F7F7F7\"><td style=\"vertical-align: top; text-align : left; background-color: #F7F7F7; border: 0px #F0F0F0 solid; padding:0px 4px 0px 4px; white-space: nowrap; background-image: url(tbl_bck100.png)\" class=\"hierarchy\"><img src=\"tbl_spacer.png\" alt=\".\" style=\"background-color: inherit\" class=\"hierarchy\"/><img src=\"tbl_vline.png\" alt=\".\" style=\"background-color: inherit\" class=\"hierarchy\"/><img src=\"tbl_vjoin_end.png\" alt=\".\" style=\"background-color: inherit\" class=\"hierarchy\"/><img src=\"icon_reference.png\" alt=\".\" style=\"background-color: #F7F7F7; background-color: inherit\" title=\"Reference to another Resource\" class=\"hierarchy\"/> productReference</td><td style=\"vertical-align: top; text-align : left; background-color: #F7F7F7; border: 0px #F0F0F0 solid; padding:0px 4px 0px 4px\" class=\"hierarchy\"/><td style=\"vertical-align: top; text-align : left; background-color: #F7F7F7; border: 0px #F0F0F0 solid; padding:0px 4px 0px 4px\" class=\"hierarchy\"></td><td style=\"vertical-align: top; text-align : left; background-color: #F7F7F7; border: 0px #F0F0F0 solid; padding:0px 4px 0px 4px\" class=\"hierarchy\"><a href=\"http://hl7.org/fhir/R4/references.html#Reference\">Reference</a>(<a href=\"http://hl7.org/fhir/R4/medication.html\">Medication</a>)</td><td style=\"vertical-align: top; text-align : left; background-color: #F7F7F7; border: 0px #F0F0F0 solid; padding:0px 4px 0px 4px\" class=\"hierarchy\"/></tr>\r\n<tr style=\"border: 0px #F0F0F0 solid; padding:0px; vertical-align: top; background-color: white\"><td style=\"vertical-align: top; text-align : left; background-color: white; border: 0px #F0F0F0 solid; padding:0px 4px 0px 4px; white-space: nowrap; background-image: url(tbl_bck10.png)\" class=\"hierarchy\"><img src=\"tbl_spacer.png\" alt=\".\" style=\"background-color: inherit\" class=\"hierarchy\"/><img src=\"tbl_vjoin.png\" alt=\".\" style=\"background-color: inherit\" class=\"hierarchy\"/><img src=\"icon_reference.png\" alt=\".\" style=\"background-color: white; background-color: inherit\" title=\"Reference to another Resource\" class=\"hierarchy\"/> <a href=\"StructureDefinition-PharmaceuticalAdviceHMW-definitions.html#PharmaceuticalAdviceHMW.encounter\" title=\"Encounter on which the medication was prescribed\">encounter</a><a name=\"PharmaceuticalAdviceHMW.encounter\"> </a></td><td style=\"vertical-align: top; text-align : left; background-color: white; border: 0px #F0F0F0 solid; padding:0px 4px 0px 4px\" class=\"hierarchy\"/><td style=\"vertical-align: top; text-align : left; background-color: white; border: 0px #F0F0F0 solid; padding:0px 4px 0px 4px\" class=\"hierarchy\">0..1</td><td style=\"vertical-align: top; text-align : left; background-color: white; border: 0px #F0F0F0 solid; padding:0px 4px 0px 4px\" class=\"hierarchy\"><a href=\"http://hl7.org/fhir/R4/references.html\">Reference</a>(<a href=\"http://hl7.org/fhir/R4/encounter.html\">Encounter</a>)</td><td style=\"vertical-align: top; text-align : left; background-color: white; border: 0px #F0F0F0 solid; padding:0px 4px 0px 4px\" class=\"hierarchy\">Encounter on which the medication was prescribed</td></tr>\r\n<tr style=\"border: 0px #F0F0F0 solid; padding:0px; vertical-align: top; background-color: #F7F7F7\"><td style=\"vertical-align: top; text-align : left; background-color: #F7F7F7; border: 0px #F0F0F0 solid; padding:0px 4px 0px 4px; white-space: nowrap; background-image: url(tbl_bck10.png)\" class=\"hierarchy\"><img src=\"tbl_spacer.png\" alt=\".\" style=\"background-color: inherit\" class=\"hierarchy\"/><img src=\"tbl_vjoin.png\" alt=\".\" style=\"background-color: inherit\" class=\"hierarchy\"/><img src=\"icon_reference.png\" alt=\".\" style=\"background-color: #F7F7F7; background-color: inherit\" title=\"Reference to another Resource\" class=\"hierarchy\"/> <a href=\"StructureDefinition-PharmaceuticalAdviceHMW-definitions.html#PharmaceuticalAdviceHMW.requester\" title=\"Who made the prescription\">requester</a><a name=\"PharmaceuticalAdviceHMW.requester\"> </a></td><td style=\"vertical-align: top; text-align : left; background-color: #F7F7F7; border: 0px #F0F0F0 solid; padding:0px 4px 0px 4px\" class=\"hierarchy\"/><td style=\"vertical-align: top; text-align : left; background-color: #F7F7F7; border: 0px #F0F0F0 solid; padding:0px 4px 0px 4px\" class=\"hierarchy\">0..1</td><td style=\"vertical-align: top; text-align : left; background-color: #F7F7F7; border: 0px #F0F0F0 solid; padding:0px 4px 0px 4px\" class=\"hierarchy\"><a href=\"http://hl7.org/fhir/R4/references.html\">Reference</a>(<a href=\"http://hl7.org/fhir/R4/practitioner.html\">Practitioner</a>)</td><td style=\"vertical-align: top; text-align : left; background-color: #F7F7F7; border: 0px #F0F0F0 solid; padding:0px 4px 0px 4px\" class=\"hierarchy\">Who made the prescription</td></tr>\r\n<tr style=\"border: 0px #F0F0F0 solid; padding:0px; vertical-align: top; background-color: white\"><td style=\"vertical-align: top; text-align : left; background-color: white; border: 0px #F0F0F0 solid; padding:0px 4px 0px 4px; white-space: nowrap; background-image: url(tbl_bck10.png)\" class=\"hierarchy\"><img src=\"tbl_spacer.png\" alt=\".\" style=\"background-color: inherit\" class=\"hierarchy\"/><img src=\"tbl_vjoin.png\" alt=\".\" style=\"background-color: inherit\" class=\"hierarchy\"/><img src=\"icon_reference.png\" alt=\".\" style=\"background-color: white; background-color: inherit\" title=\"Reference to another Resource\" class=\"hierarchy\"/> <a href=\"StructureDefinition-PharmaceuticalAdviceHMW-definitions.html#PharmaceuticalAdviceHMW.reason\" title=\"Reason or indication for ordering or not ordering the product\">reason</a><a name=\"PharmaceuticalAdviceHMW.reason\"> </a></td><td style=\"vertical-align: top; text-align : left; background-color: white; border: 0px #F0F0F0 solid; padding:0px 4px 0px 4px\" class=\"hierarchy\"/><td style=\"vertical-align: top; text-align : left; background-color: white; border: 0px #F0F0F0 solid; padding:0px 4px 0px 4px\" class=\"hierarchy\">0..*</td><td style=\"vertical-align: top; text-align : left; background-color: white; border: 0px #F0F0F0 solid; padding:0px 4px 0px 4px\" class=\"hierarchy\"><a href=\"http://hl7.org/fhir/R4/references.html\">Reference</a>(<a href=\"http://hl7.org/fhir/R4/condition.html\">Condition</a> | <a href=\"http://hl7.org/fhir/R4/observation.html\">Observation</a>)</td><td style=\"vertical-align: top; text-align : left; background-color: white; border: 0px #F0F0F0 solid; padding:0px 4px 0px 4px\" class=\"hierarchy\">Reason or indication for ordering or not ordering the product<br/></td></tr>\r\n<tr style=\"border: 0px #F0F0F0 solid; padding:0px; vertical-align: top; background-color: #F7F7F7\"><td style=\"vertical-align: top; text-align : left; background-color: #F7F7F7; border: 0px #F0F0F0 solid; padding:0px 4px 0px 4px; white-space: nowrap; background-image: url(tbl_bck10.png)\" class=\"hierarchy\"><img src=\"tbl_spacer.png\" alt=\".\" style=\"background-color: inherit\" class=\"hierarchy\"/><img src=\"tbl_vjoin.png\" alt=\".\" style=\"background-color: inherit\" class=\"hierarchy\"/><img src=\"icon_datatype.gif\" alt=\".\" style=\"background-color: #F7F7F7; background-color: inherit\" title=\"Data Type\" class=\"hierarchy\"/> <a href=\"StructureDefinition-PharmaceuticalAdviceHMW-definitions.html#PharmaceuticalAdviceHMW.dosageInstruction\" title=\"How the product should be taken/administered\">dosageInstruction</a><a name=\"PharmaceuticalAdviceHMW.dosageInstruction\"> </a></td><td style=\"vertical-align: top; text-align : left; background-color: #F7F7F7; border: 0px #F0F0F0 solid; padding:0px 4px 0px 4px\" class=\"hierarchy\"/><td style=\"vertical-align: top; text-align : left; background-color: #F7F7F7; border: 0px #F0F0F0 solid; padding:0px 4px 0px 4px\" class=\"hierarchy\">0..*</td><td style=\"vertical-align: top; text-align : left; background-color: #F7F7F7; border: 0px #F0F0F0 solid; padding:0px 4px 0px 4px\" class=\"hierarchy\"><a href=\"http://hl7.org/fhir/R4/datatypes.html#Dosage\">Dosage</a></td><td style=\"vertical-align: top; text-align : left; background-color: #F7F7F7; border: 0px #F0F0F0 solid; padding:0px 4px 0px 4px\" class=\"hierarchy\">How the product should be taken/administered<br/></td></tr>\r\n<tr style=\"border: 0px #F0F0F0 solid; padding:0px; vertical-align: top; background-color: white\"><td style=\"vertical-align: top; text-align : left; background-color: white; border: 0px #F0F0F0 solid; padding:0px 4px 0px 4px; white-space: nowrap; background-image: url(tbl_bck10.png)\" class=\"hierarchy\"><img src=\"tbl_spacer.png\" alt=\".\" style=\"background-color: inherit\" class=\"hierarchy\"/><img src=\"tbl_vjoin.png\" alt=\".\" style=\"background-color: inherit\" class=\"hierarchy\"/><img src=\"icon_datatype.gif\" alt=\".\" style=\"background-color: white; background-color: inherit\" title=\"Data Type\" class=\"hierarchy\"/> <a href=\"StructureDefinition-PharmaceuticalAdviceHMW-definitions.html#PharmaceuticalAdviceHMW.note\" title=\"Additional Information about the prescription\">note</a><a name=\"PharmaceuticalAdviceHMW.note\"> </a></td><td style=\"vertical-align: top; text-align : left; background-color: white; border: 0px #F0F0F0 solid; padding:0px 4px 0px 4px\" class=\"hierarchy\"/><td style=\"vertical-align: top; text-align : left; background-color: white; border: 0px #F0F0F0 solid; padding:0px 4px 0px 4px\" class=\"hierarchy\">0..*</td><td style=\"vertical-align: top; text-align : left; background-color: white; border: 0px #F0F0F0 solid; padding:0px 4px 0px 4px\" class=\"hierarchy\"><a href=\"http://hl7.org/fhir/R4/datatypes.html#Annotation\">Annotation</a></td><td style=\"vertical-align: top; text-align : left; background-color: white; border: 0px #F0F0F0 solid; padding:0px 4px 0px 4px\" class=\"hierarchy\">Additional Information about the prescription<br/></td></tr>\r\n<tr style=\"border: 0px #F0F0F0 solid; padding:0px; vertical-align: top; background-color: #F7F7F7\"><td style=\"vertical-align: top; text-align : left; background-color: #F7F7F7; border: 0px #F0F0F0 solid; padding:0px 4px 0px 4px; white-space: nowrap; background-image: url(tbl_bck10.png)\" class=\"hierarchy\"><img src=\"tbl_spacer.png\" alt=\".\" style=\"background-color: inherit\" class=\"hierarchy\"/><img src=\"tbl_vjoin.png\" alt=\".\" style=\"background-color: inherit\" class=\"hierarchy\"/><img src=\"icon_primitive.png\" alt=\".\" style=\"background-color: #F7F7F7; background-color: inherit\" title=\"Primitive Data Type\" class=\"hierarchy\"/> <a href=\"StructureDefinition-PharmaceuticalAdviceHMW-definitions.html#PharmaceuticalAdviceHMW.date\" title=\"When advice was initially made\">date</a><a name=\"PharmaceuticalAdviceHMW.date\"> </a></td><td style=\"vertical-align: top; text-align : left; background-color: #F7F7F7; border: 0px #F0F0F0 solid; padding:0px 4px 0px 4px\" class=\"hierarchy\"/><td style=\"vertical-align: top; text-align : left; background-color: #F7F7F7; border: 0px #F0F0F0 solid; padding:0px 4px 0px 4px\" class=\"hierarchy\">0..1</td><td style=\"vertical-align: top; text-align : left; background-color: #F7F7F7; border: 0px #F0F0F0 solid; padding:0px 4px 0px 4px\" class=\"hierarchy\"><a href=\"http://hl7.org/fhir/R4/datatypes.html#dateTime\">dateTime</a></td><td style=\"vertical-align: top; text-align : left; background-color: #F7F7F7; border: 0px #F0F0F0 solid; padding:0px 4px 0px 4px\" class=\"hierarchy\">When advice was initially made</td></tr>\r\n<tr style=\"border: 0px #F0F0F0 solid; padding:0px; vertical-align: top; background-color: white\"><td style=\"vertical-align: top; text-align : left; background-color: white; border: 0px #F0F0F0 solid; padding:0px 4px 0px 4px; white-space: nowrap; background-image: url(tbl_bck10.png)\" class=\"hierarchy\"><img src=\"tbl_spacer.png\" alt=\".\" style=\"background-color: inherit\" class=\"hierarchy\"/><img src=\"tbl_vjoin.png\" alt=\".\" style=\"background-color: inherit\" class=\"hierarchy\"/><img src=\"icon_reference.png\" alt=\".\" style=\"background-color: white; background-color: inherit\" title=\"Reference to another Resource\" class=\"hierarchy\"/> <a href=\"StructureDefinition-PharmaceuticalAdviceHMW-definitions.html#PharmaceuticalAdviceHMW.prescription\" title=\"The prescription identification\">prescription</a><a name=\"PharmaceuticalAdviceHMW.prescription\"> </a></td><td style=\"vertical-align: top; text-align : left; background-color: white; border: 0px #F0F0F0 solid; padding:0px 4px 0px 4px\" class=\"hierarchy\"/><td style=\"vertical-align: top; text-align : left; background-color: white; border: 0px #F0F0F0 solid; padding:0px 4px 0px 4px\" class=\"hierarchy\">0..1</td><td style=\"vertical-align: top; text-align : left; background-color: white; border: 0px #F0F0F0 solid; padding:0px 4px 0px 4px\" class=\"hierarchy\"><a href=\"http://hl7.org/fhir/R4/references.html\">Reference</a>(<a href=\"http://hl7.org/fhir/R4/medicationrequest.html\">MedicationRequest</a>)</td><td style=\"vertical-align: top; text-align : left; background-color: white; border: 0px #F0F0F0 solid; padding:0px 4px 0px 4px\" class=\"hierarchy\">The prescription identification</td></tr>\r\n<tr style=\"border: 0px #F0F0F0 solid; padding:0px; vertical-align: top; background-color: #F7F7F7\"><td style=\"vertical-align: top; text-align : left; background-color: #F7F7F7; border: 0px #F0F0F0 solid; padding:0px 4px 0px 4px; white-space: nowrap; background-image: url(tbl_bck10.png)\" class=\"hierarchy\"><img src=\"tbl_spacer.png\" alt=\".\" style=\"background-color: inherit\" class=\"hierarchy\"/><img src=\"tbl_vjoin.png\" alt=\".\" style=\"background-color: inherit\" class=\"hierarchy\"/><img src=\"icon_primitive.png\" alt=\".\" style=\"background-color: #F7F7F7; background-color: inherit\" title=\"Primitive Data Type\" class=\"hierarchy\"/> <a href=\"StructureDefinition-PharmaceuticalAdviceHMW-definitions.html#PharmaceuticalAdviceHMW.Observation\">Observation</a><a name=\"PharmaceuticalAdviceHMW.Observation\"> </a></td><td style=\"vertical-align: top; text-align : left; background-color: #F7F7F7; border: 0px #F0F0F0 solid; padding:0px 4px 0px 4px\" class=\"hierarchy\"/><td style=\"vertical-align: top; text-align : left; background-color: #F7F7F7; border: 0px #F0F0F0 solid; padding:0px 4px 0px 4px\" class=\"hierarchy\">0..1</td><td style=\"vertical-align: top; text-align : left; background-color: #F7F7F7; border: 0px #F0F0F0 solid; padding:0px 4px 0px 4px\" class=\"hierarchy\"><a href=\"http://hl7.org/fhir/R4/datatypes.html#string\">string</a></td><td style=\"vertical-align: top; text-align : left; background-color: #F7F7F7; border: 0px #F0F0F0 solid; padding:0px 4px 0px 4px\" class=\"hierarchy\"/></tr>\r\n<tr style=\"border: 0px #F0F0F0 solid; padding:0px; vertical-align: top; background-color: white\"><td style=\"vertical-align: top; text-align : left; background-color: white; border: 0px #F0F0F0 solid; padding:0px 4px 0px 4px; white-space: nowrap; background-image: url(tbl_bck10.png)\" class=\"hierarchy\"><img src=\"tbl_spacer.png\" alt=\".\" style=\"background-color: inherit\" class=\"hierarchy\"/><img src=\"tbl_vjoin.png\" alt=\".\" style=\"background-color: inherit\" class=\"hierarchy\"/><img src=\"icon_primitive.png\" alt=\".\" style=\"background-color: white; background-color: inherit\" title=\"Primitive Data Type\" class=\"hierarchy\"/> <a href=\"StructureDefinition-PharmaceuticalAdviceHMW-definitions.html#PharmaceuticalAdviceHMW.problems\">problems</a><a name=\"PharmaceuticalAdviceHMW.problems\"> </a></td><td style=\"vertical-align: top; text-align : left; background-color: white; border: 0px #F0F0F0 solid; padding:0px 4px 0px 4px\" class=\"hierarchy\"/><td style=\"vertical-align: top; text-align : left; background-color: white; border: 0px #F0F0F0 solid; padding:0px 4px 0px 4px\" class=\"hierarchy\">0..1</td><td style=\"vertical-align: top; text-align : left; background-color: white; border: 0px #F0F0F0 solid; padding:0px 4px 0px 4px\" class=\"hierarchy\"><a href=\"http://hl7.org/fhir/R4/datatypes.html#string\">string</a></td><td style=\"vertical-align: top; text-align : left; background-color: white; border: 0px #F0F0F0 solid; padding:0px 4px 0px 4px\" class=\"hierarchy\"/></tr>\r\n<tr style=\"border: 0px #F0F0F0 solid; padding:0px; vertical-align: top; background-color: #F7F7F7\"><td style=\"vertical-align: top; text-align : left; background-color: #F7F7F7; border: 0px #F0F0F0 solid; padding:0px 4px 0px 4px; white-space: nowrap; background-image: url(tbl_bck10.png)\" class=\"hierarchy\"><img src=\"tbl_spacer.png\" alt=\".\" style=\"background-color: inherit\" class=\"hierarchy\"/><img src=\"tbl_vjoin.png\" alt=\".\" style=\"background-color: inherit\" class=\"hierarchy\"/><img src=\"icon_primitive.png\" alt=\".\" style=\"background-color: #F7F7F7; background-color: inherit\" title=\"Primitive Data Type\" class=\"hierarchy\"/> <a href=\"StructureDefinition-PharmaceuticalAdviceHMW-definitions.html#PharmaceuticalAdviceHMW.summaryOf\">summaryOf</a><a name=\"PharmaceuticalAdviceHMW.summaryOf\"> </a></td><td style=\"vertical-align: top; text-align : left; background-color: #F7F7F7; border: 0px #F0F0F0 solid; padding:0px 4px 0px 4px\" class=\"hierarchy\"/><td style=\"vertical-align: top; text-align : left; background-color: #F7F7F7; border: 0px #F0F0F0 solid; padding:0px 4px 0px 4px\" class=\"hierarchy\">0..1</td><td style=\"vertical-align: top; text-align : left; background-color: #F7F7F7; border: 0px #F0F0F0 solid; padding:0px 4px 0px 4px\" class=\"hierarchy\"><a href=\"http://hl7.org/fhir/R4/datatypes.html#string\">string</a></td><td style=\"vertical-align: top; text-align : left; background-color: #F7F7F7; border: 0px #F0F0F0 solid; padding:0px 4px 0px 4px\" class=\"hierarchy\"/></tr>\r\n<tr style=\"border: 0px #F0F0F0 solid; padding:0px; vertical-align: top; background-color: white\"><td style=\"vertical-align: top; text-align : left; background-color: white; border: 0px #F0F0F0 solid; padding:0px 4px 0px 4px; white-space: nowrap; background-image: url(tbl_bck10.png)\" class=\"hierarchy\"><img src=\"tbl_spacer.png\" alt=\".\" style=\"background-color: inherit\" class=\"hierarchy\"/><img src=\"tbl_vjoin.png\" alt=\".\" style=\"background-color: inherit\" class=\"hierarchy\"/><img src=\"icon_primitive.png\" alt=\".\" style=\"background-color: white; background-color: inherit\" title=\"Primitive Data Type\" class=\"hierarchy\"/> <a href=\"StructureDefinition-PharmaceuticalAdviceHMW-definitions.html#PharmaceuticalAdviceHMW.physicianPharmacistDiscussion\">physicianPharmacistDiscussion</a><a name=\"PharmaceuticalAdviceHMW.physicianPharmacistDiscussion\"> </a></td><td style=\"vertical-align: top; text-align : left; background-color: white; border: 0px #F0F0F0 solid; padding:0px 4px 0px 4px\" class=\"hierarchy\"/><td style=\"vertical-align: top; text-align : left; background-color: white; border: 0px #F0F0F0 solid; padding:0px 4px 0px 4px\" class=\"hierarchy\">0..1</td><td style=\"vertical-align: top; text-align : left; background-color: white; border: 0px #F0F0F0 solid; padding:0px 4px 0px 4px\" class=\"hierarchy\"><a href=\"http://hl7.org/fhir/R4/datatypes.html#string\">string</a></td><td style=\"vertical-align: top; text-align : left; background-color: white; border: 0px #F0F0F0 solid; padding:0px 4px 0px 4px\" class=\"hierarchy\"/></tr>\r\n<tr style=\"border: 0px #F0F0F0 solid; padding:0px; vertical-align: top; background-color: #F7F7F7\"><td style=\"vertical-align: top; text-align : left; background-color: #F7F7F7; border: 0px #F0F0F0 solid; padding:0px 4px 0px 4px; white-space: nowrap; background-image: url(tbl_bck10.png)\" class=\"hierarchy\"><img src=\"tbl_spacer.png\" alt=\".\" style=\"background-color: inherit\" class=\"hierarchy\"/><img src=\"tbl_vjoin.png\" alt=\".\" style=\"background-color: inherit\" class=\"hierarchy\"/><img src=\"icon_primitive.png\" alt=\".\" style=\"background-color: #F7F7F7; background-color: inherit\" title=\"Primitive Data Type\" class=\"hierarchy\"/> <a href=\"StructureDefinition-PharmaceuticalAdviceHMW-definitions.html#PharmaceuticalAdviceHMW.Decision\">Decision</a><a name=\"PharmaceuticalAdviceHMW.Decision\"> </a></td><td style=\"vertical-align: top; text-align : left; background-color: #F7F7F7; border: 0px #F0F0F0 solid; padding:0px 4px 0px 4px\" class=\"hierarchy\"/><td style=\"vertical-align: top; text-align : left; background-color: #F7F7F7; border: 0px #F0F0F0 solid; padding:0px 4px 0px 4px\" class=\"hierarchy\">0..1</td><td style=\"vertical-align: top; text-align : left; background-color: #F7F7F7; border: 0px #F0F0F0 solid; padding:0px 4px 0px 4px\" class=\"hierarchy\"><a href=\"http://hl7.org/fhir/R4/datatypes.html#string\">string</a></td><td style=\"vertical-align: top; text-align : left; background-color: #F7F7F7; border: 0px #F0F0F0 solid; padding:0px 4px 0px 4px\" class=\"hierarchy\"/></tr>\r\n<tr style=\"border: 0px #F0F0F0 solid; padding:0px; vertical-align: top; background-color: white\"><td style=\"vertical-align: top; text-align : left; background-color: white; border: 0px #F0F0F0 solid; padding:0px 4px 0px 4px; white-space: nowrap; background-image: url(tbl_bck10.png)\" class=\"hierarchy\"><img src=\"tbl_spacer.png\" alt=\".\" style=\"background-color: inherit\" class=\"hierarchy\"/><img src=\"tbl_vjoin.png\" alt=\".\" style=\"background-color: inherit\" class=\"hierarchy\"/><img src=\"icon_primitive.png\" alt=\".\" style=\"background-color: white; background-color: inherit\" title=\"Primitive Data Type\" class=\"hierarchy\"/> <a href=\"StructureDefinition-PharmaceuticalAdviceHMW-definitions.html#PharmaceuticalAdviceHMW.pharmacist\">pharmacist</a><a name=\"PharmaceuticalAdviceHMW.pharmacist\"> </a></td><td style=\"vertical-align: top; text-align : left; background-color: white; border: 0px #F0F0F0 solid; padding:0px 4px 0px 4px\" class=\"hierarchy\"/><td style=\"vertical-align: top; text-align : left; background-color: white; border: 0px #F0F0F0 solid; padding:0px 4px 0px 4px\" class=\"hierarchy\">0..1</td><td style=\"vertical-align: top; text-align : left; background-color: white; border: 0px #F0F0F0 solid; padding:0px 4px 0px 4px\" class=\"hierarchy\"><a href=\"http://hl7.org/fhir/R4/datatypes.html#string\">string</a></td><td style=\"vertical-align: top; text-align : left; background-color: white; border: 0px #F0F0F0 solid; padding:0px 4px 0px 4px\" class=\"hierarchy\"/></tr>\r\n<tr style=\"border: 0px #F0F0F0 solid; padding:0px; vertical-align: top; background-color: #F7F7F7\"><td style=\"vertical-align: top; text-align : left; background-color: #F7F7F7; border: 0px #F0F0F0 solid; padding:0px 4px 0px 4px; white-space: nowrap; background-image: url(tbl_bck10.png)\" class=\"hierarchy\"><img src=\"tbl_spacer.png\" alt=\".\" style=\"background-color: inherit\" class=\"hierarchy\"/><img src=\"tbl_vjoin.png\" alt=\".\" style=\"background-color: inherit\" class=\"hierarchy\"/><img src=\"icon_primitive.png\" alt=\".\" style=\"background-color: #F7F7F7; background-color: inherit\" title=\"Primitive Data Type\" class=\"hierarchy\"/> <a href=\"StructureDefinition-PharmaceuticalAdviceHMW-definitions.html#PharmaceuticalAdviceHMW.pharmacy\">pharmacy</a><a name=\"PharmaceuticalAdviceHMW.pharmacy\"> </a></td><td style=\"vertical-align: top; text-align : left; background-color: #F7F7F7; border: 0px #F0F0F0 solid; padding:0px 4px 0px 4px\" class=\"hierarchy\"/><td style=\"vertical-align: top; text-align : left; background-color: #F7F7F7; border: 0px #F0F0F0 solid; padding:0px 4px 0px 4px\" class=\"hierarchy\">0..1</td><td style=\"vertical-align: top; text-align : left; background-color: #F7F7F7; border: 0px #F0F0F0 solid; padding:0px 4px 0px 4px\" class=\"hierarchy\"><a href=\"http://hl7.org/fhir/R4/datatypes.html#string\">string</a></td><td style=\"vertical-align: top; text-align : left; background-color: #F7F7F7; border: 0px #F0F0F0 solid; padding:0px 4px 0px 4px\" class=\"hierarchy\"/></tr>\r\n<tr style=\"border: 0px #F0F0F0 solid; padding:0px; vertical-align: top; background-color: white\"><td style=\"vertical-align: top; text-align : left; background-color: white; border: 0px #F0F0F0 solid; padding:0px 4px 0px 4px; white-space: nowrap; background-image: url(tbl_bck00.png)\" class=\"hierarchy\"><img src=\"tbl_spacer.png\" alt=\".\" style=\"background-color: inherit\" class=\"hierarchy\"/><img src=\"tbl_vjoin_end.png\" alt=\".\" style=\"background-color: inherit\" class=\"hierarchy\"/><img src=\"icon_primitive.png\" alt=\".\" style=\"background-color: white; background-color: inherit\" title=\"Primitive Data Type\" class=\"hierarchy\"/> <a href=\"StructureDefinition-PharmaceuticalAdviceHMW-definitions.html#PharmaceuticalAdviceHMW.substitutionStatus\">substitutionStatus</a><a name=\"PharmaceuticalAdviceHMW.substitutionStatus\"> </a></td><td style=\"vertical-align: top; text-align : left; background-color: white; border: 0px #F0F0F0 solid; padding:0px 4px 0px 4px\" class=\"hierarchy\"/><td style=\"vertical-align: top; text-align : left; background-color: white; border: 0px #F0F0F0 solid; padding:0px 4px 0px 4px\" class=\"hierarchy\">0..1</td><td style=\"vertical-align: top; text-align : left; background-color: white; border: 0px #F0F0F0 solid; padding:0px 4px 0px 4px\" class=\"hierarchy\"><a href=\"http://hl7.org/fhir/R4/datatypes.html#string\">string</a></td><td style=\"vertical-align: top; text-align : left; background-color: white; border: 0px #F0F0F0 solid; padding:0px 4px 0px 4px\" class=\"hierarchy\"/></tr>\r\n<tr><td colspan=\"5\" class=\"hierarchy\"><br/><a href=\"http://hl7.org/fhir/R4/formats.html#table\" title=\"Legend for this format\"><img src=\"http://hl7.org/fhir/R4/help16.png\" alt=\"doco\" style=\"background-color: inherit\"/> Documentation for this format</a></td></tr></table></div>"},"url":"http://profiles.ihe.net/PHARM/ihe.pharm.mpd/StructureDefinition/PharmaceuticalAdviceHMW","version":"0.1.0","name":"PharmaceuticalAdviceHMW","title":"[HMW] Logical Model for Pharmaceutical Advice","status":"active","date":"2022-03-11T09:06:46+00:00","publisher":"Integrating the Healthcare Enterprise (IHE)","contact":[{"name":"Integrating the Healthcare Enterprise (IHE)","telecom":[{"system":"url","value":"http://ihe.net"},{"system":"email","value":"secretary@ihe.net"}]},{"name":"Jose Costa Teixeira","telecom":[{"system":"email","value":"jose.a.teixeira@gmail.com","use":"work"}]}],"description":"[HMW] Logical Model for Pharmaceutical Advice","jurisdiction":[{"coding":[{"system":"http://unstats.un.org/unsd/methods/m49/m49.htm","code":"001"}]}],"copyright":"IHE http://www.ihe.net/Governance/#Intellectual_Property","fhirVersion":"4.0.1","mapping":[{"identity":"rim","uri":"http://hl7.org/v3","name":"RIM Mapping"}],"kind":"logical","abstract":false,"type":"http://profiles.ihe.net/PHARM/ihe.pharm.mpd/StructureDefinition/PharmaceuticalAdviceHMW","baseDefinition":"http://hl7.org/fhir/StructureDefinition/Base","derivation":"specialization","snapshot":{"element":[{"id":"PharmaceuticalAdviceHMW","path":"PharmaceuticalAdviceHMW","short":"[HMW] Logical Model for Pharmaceutical Advice","definition":"[HMW] Logical Model for Pharmaceutical Advice","min":0,"max":"*","base":{"path":"Base","min":0,"max":"*"},"isModifier":false},{"id":"PharmaceuticalAdviceHMW.identifier","path":"PharmaceuticalAdviceHMW.identifier","short":"The business identifier(s) for the medication prescription","definition":"The business identifier(s) for the medication prescription","min":0,"max":"1","base":{"path":"PharmaceuticalAdviceHMW.identifier","min":0,"max":"1"},"type":[{"code":"Identifier"}]},{"id":"PharmaceuticalAdviceHMW.patient","path":"PharmaceuticalAdviceHMW.patient","short":"The person for which the medication is prescribed.","definition":"The person for which the medication is prescribed.","min":1,"max":"1","base":{"path":"PharmaceuticalAdviceHMW.patient","min":1,"max":"1"},"type":[{"code":"Reference","targetProfile":["http://hl7.org/fhir/StructureDefinition/Patient"]}]},{"id":"PharmaceuticalAdviceHMW.status","path":"PharmaceuticalAdviceHMW.status","short":"Status of the prescription","definition":"Status of the prescription","min":1,"max":"1","base":{"path":"PharmaceuticalAdviceHMW.status","min":1,"max":"1"},"type":[{"code":"code"}]},{"id":"PharmaceuticalAdviceHMW.statusReason","path":"PharmaceuticalAdviceHMW.statusReason","short":"Reason for current prescription status","definition":"Reason for current prescription status","min":0,"max":"*","base":{"path":"PharmaceuticalAdviceHMW.statusReason","min":0,"max":"*"},"type":[{"code":"CodeableConcept"}]},{"id":"PharmaceuticalAdviceHMW.product[x]","path":"PharmaceuticalAdviceHMW.product[x]","short":"Product prescribed","definition":"Product prescribed","min":1,"max":"1","base":{"path":"PharmaceuticalAdviceHMW.product[x]","min":1,"max":"1"},"type":[{"code":"CodeableConcept"},{"code":"Reference","targetProfile":["http://hl7.org/fhir/StructureDefinition/Medication"]}]},{"id":"PharmaceuticalAdviceHMW.encounter","path":"PharmaceuticalAdviceHMW.encounter","short":"Encounter on which the medication was prescribed","definition":"Encounter on which the medication was prescribed","min":0,"max":"1","base":{"path":"PharmaceuticalAdviceHMW.encounter","min":0,"max":"1"},"type":[{"code":"Reference","targetProfile":["http://hl7.org/fhir/StructureDefinition/Encounter"]}]},{"id":"PharmaceuticalAdviceHMW.requester","path":"PharmaceuticalAdviceHMW.requester","short":"Who made the prescription","definition":"Who made the prescription","min":0,"max":"1","base":{"path":"PharmaceuticalAdviceHMW.requester","min":0,"max":"1"},"type":[{"code":"Reference","targetProfile":["http://hl7.org/fhir/StructureDefinition/Practitioner"]}]},{"id":"PharmaceuticalAdviceHMW.reason","path":"PharmaceuticalAdviceHMW.reason","short":"Reason or indication for ordering or not ordering the product","definition":"Reason or indication for ordering or not ordering the product","min":0,"max":"*","base":{"path":"PharmaceuticalAdviceHMW.reason","min":0,"max":"*"},"type":[{"code":"Reference","targetProfile":["http://hl7.org/fhir/StructureDefinition/Condition","http://hl7.org/fhir/StructureDefinition/Observation"]}]},{"id":"PharmaceuticalAdviceHMW.dosageInstruction","path":"PharmaceuticalAdviceHMW.dosageInstruction","short":"How the product should be taken/administered","definition":"How the product should be taken/administered","min":0,"max":"*","base":{"path":"PharmaceuticalAdviceHMW.dosageInstruction","min":0,"max":"*"},"type":[{"code":"Dosage"}]},{"id":"PharmaceuticalAdviceHMW.note","path":"PharmaceuticalAdviceHMW.note","short":"Additional Information about the prescription","definition":"Additional Information about the prescription","min":0,"max":"*","base":{"path":"PharmaceuticalAdviceHMW.note","min":0,"max":"*"},"type":[{"code":"Annotation"}]},{"id":"PharmaceuticalAdviceHMW.date","path":"PharmaceuticalAdviceHMW.date","short":"When advice was initially made","definition":"When advice was initially made","min":0,"max":"1","base":{"path":"PharmaceuticalAdviceHMW.date","min":0,"max":"1"},"type":[{"code":"dateTime"}]},{"id":"PharmaceuticalAdviceHMW.prescription","path":"PharmaceuticalAdviceHMW.prescription","short":"The prescription identification","definition":"The prescription identification","min":0,"max":"1","base":{"path":"PharmaceuticalAdviceHMW.prescription","min":0,"max":"1"},"type":[{"code":"Reference","targetProfile":["http://hl7.org/fhir/StructureDefinition/MedicationRequest"]}]},{"id":"PharmaceuticalAdviceHMW.Observation","path":"PharmaceuticalAdviceHMW.Observation","min":0,"max":"1","base":{"path":"PharmaceuticalAdviceHMW.Observation","min":0,"max":"1"},"type":[{"code":"string"}]},{"id":"PharmaceuticalAdviceHMW.problems","path":"PharmaceuticalAdviceHMW.problems","min":0,"max":"1","base":{"path":"PharmaceuticalAdviceHMW.problems","min":0,"max":"1"},"type":[{"code":"string"}]},{"id":"PharmaceuticalAdviceHMW.summaryOf","path":"PharmaceuticalAdviceHMW.summaryOf","min":0,"max":"1","base":{"path":"PharmaceuticalAdviceHMW.summaryOf","min":0,"max":"1"},"type":[{"code":"string"}]},{"id":"PharmaceuticalAdviceHMW.physicianPharmacistDiscussion","path":"PharmaceuticalAdviceHMW.physicianPharmacistDiscussion","min":0,"max":"1","base":{"path":"PharmaceuticalAdviceHMW.physicianPharmacistDiscussion","min":0,"max":"1"},"type":[{"code":"string"}]},{"id":"PharmaceuticalAdviceHMW.Decision","path":"PharmaceuticalAdviceHMW.Decision","min":0,"max":"1","base":{"path":"PharmaceuticalAdviceHMW.Decision","min":0,"max":"1"},"type":[{"code":"string"}]},{"id":"PharmaceuticalAdviceHMW.pharmacist","path":"PharmaceuticalAdviceHMW.pharmacist","min":0,"max":"1","base":{"path":"PharmaceuticalAdviceHMW.pharmacist","min":0,"max":"1"},"type":[{"code":"string"}]},{"id":"PharmaceuticalAdviceHMW.pharmacy","path":"PharmaceuticalAdviceHMW.pharmacy","min":0,"max":"1","base":{"path":"PharmaceuticalAdviceHMW.pharmacy","min":0,"max":"1"},"type":[{"code":"string"}]},{"id":"PharmaceuticalAdviceHMW.substitutionStatus","path":"PharmaceuticalAdviceHMW.substitutionStatus","min":0,"max":"1","base":{"path":"PharmaceuticalAdviceHMW.substitutionStatus","min":0,"max":"1"},"type":[{"code":"string"}]}]},"differential":{"element":[{"id":"PharmaceuticalAdviceHMW","path":"PharmaceuticalAdviceHMW","short":"[HMW] Logical Model for Pharmaceutical Advice","definition":"[HMW] Logical Model for Pharmaceutical Advice"},{"id":"PharmaceuticalAdviceHMW.identifier","path":"PharmaceuticalAdviceHMW.identifier","short":"The business identifier(s) for the medication prescription","definition":"The business identifier(s) for the medication prescription","min":0,"max":"1","type":[{"code":"Identifier"}]},{"id":"PharmaceuticalAdviceHMW.patient","path":"PharmaceuticalAdviceHMW.patient","short":"The person for which the medication is prescribed.","definition":"The person for which the medication is prescribed.","min":1,"max":"1","type":[{"code":"Reference","targetProfile":["http://hl7.org/fhir/StructureDefinition/Patient"]}]},{"id":"PharmaceuticalAdviceHMW.status","path":"PharmaceuticalAdviceHMW.status","short":"Status of the prescription","definition":"Status of the prescription","min":1,"max":"1","type":[{"code":"code"}]},{"id":"PharmaceuticalAdviceHMW.statusReason","path":"PharmaceuticalAdviceHMW.statusReason","short":"Reason for current prescription status","definition":"Reason for current prescription status","min":0,"max":"*","type":[{"code":"CodeableConcept"}]},{"id":"PharmaceuticalAdviceHMW.product[x]","path":"PharmaceuticalAdviceHMW.product[x]","short":"Product prescribed","definition":"Product prescribed","min":1,"max":"1","type":[{"code":"CodeableConcept"},{"code":"Reference","targetProfile":["http://hl7.org/fhir/StructureDefinition/Medication"]}]},{"id":"PharmaceuticalAdviceHMW.encounter","path":"PharmaceuticalAdviceHMW.encounter","short":"Encounter on which the medication was prescribed","definition":"Encounter on which the medication was prescribed","min":0,"max":"1","type":[{"code":"Reference","targetProfile":["http://hl7.org/fhir/StructureDefinition/Encounter"]}]},{"id":"PharmaceuticalAdviceHMW.requester","path":"PharmaceuticalAdviceHMW.requester","short":"Who made the prescription","definition":"Who made the prescription","min":0,"max":"1","type":[{"code":"Reference","targetProfile":["http://hl7.org/fhir/StructureDefinition/Practitioner"]}]},{"id":"PharmaceuticalAdviceHMW.reason","path":"PharmaceuticalAdviceHMW.reason","short":"Reason or indication for ordering or not ordering the product","definition":"Reason or indication for ordering or not ordering the product","min":0,"max":"*","type":[{"code":"Reference","targetProfile":["http://hl7.org/fhir/StructureDefinition/Condition","http://hl7.org/fhir/StructureDefinition/Observation"]}]},{"id":"PharmaceuticalAdviceHMW.dosageInstruction","path":"PharmaceuticalAdviceHMW.dosageInstruction","short":"How the product should be taken/administered","definition":"How the product should be taken/administered","min":0,"max":"*","type":[{"code":"Dosage"}]},{"id":"PharmaceuticalAdviceHMW.note","path":"PharmaceuticalAdviceHMW.note","short":"Additional Information about the prescription","definition":"Additional Information about the prescription","min":0,"max":"*","type":[{"code":"Annotation"}]},{"id":"PharmaceuticalAdviceHMW.date","path":"PharmaceuticalAdviceHMW.date","short":"When advice was initially made","definition":"When advice was initially made","min":0,"max":"1","type":[{"code":"dateTime"}]},{"id":"PharmaceuticalAdviceHMW.prescription","path":"PharmaceuticalAdviceHMW.prescription","short":"The prescription identification","definition":"The prescription identification","min":0,"max":"1","type":[{"code":"Reference","targetProfile":["http://hl7.org/fhir/StructureDefinition/MedicationRequest"]}]},{"id":"PharmaceuticalAdviceHMW.Observation","path":"PharmaceuticalAdviceHMW.Observation","min":0,"max":"1","type":[{"code":"string"}]},{"id":"PharmaceuticalAdviceHMW.problems","path":"PharmaceuticalAdviceHMW.problems","min":0,"max":"1","type":[{"code":"string"}]},{"id":"PharmaceuticalAdviceHMW.summaryOf","path":"PharmaceuticalAdviceHMW.summaryOf","min":0,"max":"1","type":[{"code":"string"}]},{"id":"PharmaceuticalAdviceHMW.physicianPharmacistDiscussion","path":"PharmaceuticalAdviceHMW.physicianPharmacistDiscussion","min":0,"max":"1","type":[{"code":"string"}]},{"id":"PharmaceuticalAdviceHMW.Decision","path":"PharmaceuticalAdviceHMW.Decision","min":0,"max":"1","type":[{"code":"string"}]},{"id":"PharmaceuticalAdviceHMW.pharmacist","path":"PharmaceuticalAdviceHMW.pharmacist","min":0,"max":"1","type":[{"code":"string"}]},{"id":"PharmaceuticalAdviceHMW.pharmacy","path":"PharmaceuticalAdviceHMW.pharmacy","min":0,"max":"1","type":[{"code":"string"}]},{"id":"PharmaceuticalAdviceHMW.substitutionStatus","path":"PharmaceuticalAdviceHMW.substitutionStatus","min":0,"max":"1","type":[{"code":"string"}]}]}}