{"resourceType":"StructureDefinition","id":"MedicationOrderIHEMM","text":{"status":"extensions","div":"<div xmlns=\"http://www.w3.org/1999/xhtml\"><table border=\"0\" cellpadding=\"0\" cellspacing=\"0\" style=\"border: 0px #F0F0F0 solid; font-size: 11px; font-family: verdana; vertical-align: top;\"><tr style=\"border: 1px #F0F0F0 solid; font-size: 11px; font-family: verdana; vertical-align: top\"><th style=\"vertical-align: top; text-align : left; background-color: white; border: 0px #F0F0F0 solid; padding:0px 4px 0px 4px\" class=\"hierarchy\"><a href=\"http://hl7.org/fhir/R4/formats.html#table\" title=\"The logical name of the element\">Name</a></th><th style=\"vertical-align: top; text-align : left; background-color: white; border: 0px #F0F0F0 solid; padding:0px 4px 0px 4px\" class=\"hierarchy\"><a href=\"http://hl7.org/fhir/R4/formats.html#table\" title=\"Information about the use of the element\">Flags</a></th><th style=\"vertical-align: top; text-align : left; background-color: white; border: 0px #F0F0F0 solid; padding:0px 4px 0px 4px\" class=\"hierarchy\"><a href=\"http://hl7.org/fhir/R4/formats.html#table\" title=\"Minimum and Maximum # of times the the element can appear in the instance\">Card.</a></th><th style=\"width: 100px\" class=\"hierarchy\"><a href=\"http://hl7.org/fhir/R4/formats.html#table\" title=\"Reference to the type of the element\">Type</a></th><th style=\"vertical-align: top; text-align : left; background-color: white; border: 0px #F0F0F0 solid; padding:0px 4px 0px 4px\" class=\"hierarchy\"><a href=\"http://hl7.org/fhir/R4/formats.html#table\" title=\"Additional information about the element\">Description &amp; Constraints</a><span style=\"float: right\"><a href=\"http://hl7.org/fhir/R4/formats.html#table\" title=\"Legend for this format\"><img src=\"http://hl7.org/fhir/R4/help16.png\" alt=\"doco\" style=\"background-color: inherit\"/></a></span></th></tr><tr style=\"border: 0px #F0F0F0 solid; padding:0px; vertical-align: top; background-color: white\"><td style=\"vertical-align: top; text-align : left; background-color: white; border: 0px #F0F0F0 solid; padding:0px 4px 0px 4px; white-space: nowrap; background-image: url(tbl_bck0.png)\" class=\"hierarchy\"><img src=\"tbl_spacer.png\" alt=\".\" style=\"background-color: inherit\" class=\"hierarchy\"/><img src=\"icon_element.gif\" alt=\".\" style=\"background-color: white; background-color: inherit\" title=\"Element\" class=\"hierarchy\"/> <a href=\"StructureDefinition-MedicationOrderIHEMM-definitions.html#MedicationOrderIHEMM\" title=\"A prescription is issued by one ordering healthcare professional for one patient, in the context of zero or one encounter (between the patient and the ordering physician and/or the healthcare institution).\">MedicationOrderIHEMM</a><a name=\"MedicationOrderIHEMM\"> </a></td><td style=\"vertical-align: top; text-align : left; background-color: white; border: 0px #F0F0F0 solid; padding:0px 4px 0px 4px\" class=\"hierarchy\"/><td style=\"vertical-align: top; text-align : left; background-color: white; border: 0px #F0F0F0 solid; padding:0px 4px 0px 4px\" class=\"hierarchy\"><span style=\"opacity: 0.5\">0</span><span style=\"opacity: 0.5\">..</span><span style=\"opacity: 0.5\">*</span></td><td style=\"vertical-align: top; text-align : left; background-color: white; border: 0px #F0F0F0 solid; padding:0px 4px 0px 4px\" class=\"hierarchy\"/><td style=\"vertical-align: top; text-align : left; background-color: white; border: 0px #F0F0F0 solid; padding:0px 4px 0px 4px\" class=\"hierarchy\">[IHE MM] Logical Model for order</td></tr>\r\n<tr><td colspan=\"5\" class=\"hierarchy\"><br/><a href=\"http://hl7.org/fhir/R4/formats.html#table\" title=\"Legend for this format\"><img src=\"http://hl7.org/fhir/R4/help16.png\" alt=\"doco\" style=\"background-color: inherit\"/> Documentation for this format</a></td></tr></table></div>"},"url":"http://profiles.ihe.net/PHARM/ihe.pharm.mpd/StructureDefinition/MedicationOrderIHEMM","version":"0.1.0","name":"MedicationOrderIHEMM","title":"[IHE MM] Logical Model for order","status":"active","date":"2022-02-11T08:25:18+00:00","publisher":"Integrating the Healthcare Enterprise (IHE)","contact":[{"name":"Integrating the Healthcare Enterprise (IHE)","telecom":[{"system":"url","value":"http://ihe.net"},{"system":"email","value":"secretary@ihe.net"}]},{"name":"Jose Costa Teixeira","telecom":[{"system":"email","value":"jose.a.teixeira@gmail.com","use":"work"}]}],"description":"A prescription is issued by one ordering healthcare professional for one patient, in the context of zero or one encounter (between the patient and the ordering physician and/or the healthcare institution).","jurisdiction":[{"coding":[{"system":"http://unstats.un.org/unsd/methods/m49/m49.htm","code":"001"}]}],"copyright":"IHE http://www.ihe.net/Governance/#Intellectual_Property","fhirVersion":"4.0.1","mapping":[{"identity":"rim","uri":"http://hl7.org/v3","name":"RIM Mapping"}],"kind":"logical","abstract":false,"type":"http://profiles.ihe.net/PHARM/ihe.pharm.mpd/StructureDefinition/MedicationOrderIHEMM","baseDefinition":"http://hl7.org/fhir/StructureDefinition/Base","derivation":"specialization","snapshot":{"element":[{"id":"MedicationOrderIHEMM","path":"MedicationOrderIHEMM","short":"[IHE MM] Logical Model for order","definition":"A prescription is issued by one ordering healthcare professional for one patient, in the context of zero or one encounter (between the patient and the ordering physician and/or the healthcare institution).","min":0,"max":"*","base":{"path":"Base","min":0,"max":"*"},"isModifier":false}]},"differential":{"element":[{"id":"MedicationOrderIHEMM","path":"MedicationOrderIHEMM","short":"[IHE MM] Logical Model for order","definition":"A prescription is issued by one ordering healthcare professional for one patient, in the context of zero or one encounter (between the patient and the ordering physician and/or the healthcare institution)."}]}}