[
  {
    "id": "ihe.mpd",
    "type": "ImplementationGuide",
    "url": "http://profiles.ihe.net/PHARM/ihe.pharm.mpd/ImplementationGuide/ihe.mpd",
    "version": "0.1.0",
    "name": "IHE_MPD"
  },
  {
    "id": "MedicationAdministrationHMW",
    "type": "StructureDefinition",
    "url": "http://profiles.ihe.net/PHARM/ihe.pharm.mpd/StructureDefinition/MedicationAdministrationHMW",
    "version": "0.1.0",
    "name": "MedicationAdministrationHMW"
  },
  {
    "id": "MedicationAdministrationIHEMM",
    "type": "StructureDefinition",
    "url": "http://profiles.ihe.net/PHARM/ihe.pharm.mpd/StructureDefinition/MedicationAdministrationIHEMM",
    "version": "0.1.0",
    "name": "MedicationAdministrationIHEMM"
  },
  {
    "id": "MedicationDispenseHMW",
    "type": "StructureDefinition",
    "url": "http://profiles.ihe.net/PHARM/ihe.pharm.mpd/StructureDefinition/MedicationDispenseHMW",
    "version": "0.1.0",
    "name": "MedicationDispenseHMW"
  },
  {
    "id": "MedicationDispenseIHEMM",
    "type": "StructureDefinition",
    "url": "http://profiles.ihe.net/PHARM/ihe.pharm.mpd/StructureDefinition/MedicationDispenseIHEMM",
    "version": "0.1.0",
    "name": "MedicationDispenseIHEMM"
  },
  {
    "id": "MedicationDispenseIHEPWP",
    "type": "StructureDefinition",
    "url": "http://profiles.ihe.net/PHARM/ihe.pharm.mpd/StructureDefinition/MedicationDispenseIHEPWP",
    "version": "0.1.0",
    "name": "MedicationDispenseIHEPWP"
  },
  {
    "id": "MedicationOrderHMW",
    "type": "StructureDefinition",
    "url": "http://profiles.ihe.net/PHARM/ihe.pharm.mpd/StructureDefinition/MedicationOrderHMW",
    "version": "0.1.0",
    "name": "MedicationOrderHMW"
  },
  {
    "id": "MedicationOrderIHEMM",
    "type": "StructureDefinition",
    "url": "http://profiles.ihe.net/PHARM/ihe.pharm.mpd/StructureDefinition/MedicationOrderIHEMM",
    "version": "0.1.0",
    "name": "MedicationOrderIHEMM"
  },
  {
    "id": "MedicationOrderIHEPWP",
    "type": "StructureDefinition",
    "url": "http://profiles.ihe.net/PHARM/ihe.pharm.mpd/StructureDefinition/MedicationOrderIHEPWP",
    "version": "0.1.0",
    "name": "MedicationOrderIHEPWP"
  },
  {
    "id": "PharmaceuticalAdviceHMW",
    "type": "StructureDefinition",
    "url": "http://profiles.ihe.net/PHARM/ihe.pharm.mpd/StructureDefinition/PharmaceuticalAdviceHMW",
    "version": "0.1.0",
    "name": "PharmaceuticalAdviceHMW"
  },
  {
    "id": "PharmaceuticalAdviceIHEMM",
    "type": "StructureDefinition",
    "url": "http://profiles.ihe.net/PHARM/ihe.pharm.mpd/StructureDefinition/PharmaceuticalAdviceIHEMM",
    "version": "0.1.0",
    "name": "PharmaceuticalAdviceIHEMM"
  },
  {
    "id": "PharmaceuticalAdviceIHEPWP",
    "type": "StructureDefinition",
    "url": "http://profiles.ihe.net/PHARM/ihe.pharm.mpd/StructureDefinition/PharmaceuticalAdviceIHEPWP",
    "version": "0.1.0",
    "name": "PharmaceuticalAdviceIHEPWP"
  }
]