{
  "resourceType" : "StructureDefinition",
  "id" : "MedicationOrderIHEPWP",
  "text" : {
    "status" : "extensions",
    "div" : "<div xmlns=\"http://www.w3.org/1999/xhtml\"><table border=\"0\" cellpadding=\"0\" cellspacing=\"0\" style=\"border: 0px #F0F0F0 solid; font-size: 11px; font-family: verdana; vertical-align: top;\"><tr style=\"border: 1px #F0F0F0 solid; font-size: 11px; font-family: verdana; vertical-align: top\"><th style=\"vertical-align: top; text-align : left; background-color: white; border: 0px #F0F0F0 solid; padding:0px 4px 0px 4px\" class=\"hierarchy\"><a href=\"https://build.fhir.org/ig/FHIR/ig-guidance/readingIgs.html#table-views\" title=\"The logical name of the element\">Name</a></th><th style=\"vertical-align: top; text-align : left; background-color: white; border: 0px #F0F0F0 solid; padding:0px 4px 0px 4px\" class=\"hierarchy\"><a href=\"https://build.fhir.org/ig/FHIR/ig-guidance/readingIgs.html#table-views\" title=\"Information about the use of the element\">Flags</a></th><th style=\"vertical-align: top; text-align : left; background-color: white; border: 0px #F0F0F0 solid; padding:0px 4px 0px 4px\" class=\"hierarchy\"><a href=\"https://build.fhir.org/ig/FHIR/ig-guidance/readingIgs.html#table-views\" title=\"Minimum and Maximum # of times the the element can appear in the instance\">Card.</a></th><th style=\"width: 100px\" class=\"hierarchy\"><a href=\"https://build.fhir.org/ig/FHIR/ig-guidance/readingIgs.html#table-views\" title=\"Reference to the type of the element\">Type</a></th><th style=\"vertical-align: top; text-align : left; background-color: white; border: 0px #F0F0F0 solid; padding:0px 4px 0px 4px\" class=\"hierarchy\"><a href=\"https://build.fhir.org/ig/FHIR/ig-guidance/readingIgs.html#table-views\" title=\"Additional information about the element\">Description &amp; Constraints</a><span style=\"float: right\"><a href=\"https://build.fhir.org/ig/FHIR/ig-guidance/readingIgs.html#table-views\" title=\"Legend for this format\"><img src=\"http://hl7.org/fhir/R4/help16.png\" alt=\"doco\" style=\"background-color: inherit\"/></a></span></th></tr><tr style=\"border: 0px #F0F0F0 solid; padding:0px; vertical-align: top; background-color: white\"><td style=\"vertical-align: top; text-align : left; background-color: white; border: 0px #F0F0F0 solid; padding:0px 4px 0px 4px; white-space: nowrap; background-image: url(tbl_bck1.png)\" class=\"hierarchy\"><img src=\"tbl_spacer.png\" alt=\".\" style=\"background-color: inherit\" class=\"hierarchy\"/><img src=\"icon_element.gif\" alt=\".\" style=\"background-color: white; background-color: inherit\" title=\"Element\" class=\"hierarchy\"/> <a href=\"StructureDefinition-MedicationOrderIHEPWP-definitions.html#MedicationOrderIHEPWP\" title=\"A prescription is issued by one ordering healthcare professional for one patient, in the context of zero or one encounter (between the patient and the ordering physician and/or the healthcare institution).\">MedicationOrderIHEPWP</a><a name=\"MedicationOrderIHEPWP\"> </a></td><td style=\"vertical-align: top; text-align : left; background-color: white; border: 0px #F0F0F0 solid; padding:0px 4px 0px 4px\" class=\"hierarchy\"/><td style=\"vertical-align: top; text-align : left; background-color: white; border: 0px #F0F0F0 solid; padding:0px 4px 0px 4px\" class=\"hierarchy\"><span style=\"opacity: 0.5\">0</span><span style=\"opacity: 0.5\">..</span><span style=\"opacity: 0.5\">*</span></td><td style=\"vertical-align: top; text-align : left; background-color: white; border: 0px #F0F0F0 solid; padding:0px 4px 0px 4px\" class=\"hierarchy\"><a href=\"http://build.fhir.org/types.html#Base\">Base</a></td><td style=\"vertical-align: top; text-align : left; background-color: white; border: 0px #F0F0F0 solid; padding:0px 4px 0px 4px\" class=\"hierarchy\">[IHE PHARM White Paper] Logical Model for order</td></tr>\r\n<tr style=\"border: 0px #F0F0F0 solid; padding:0px; vertical-align: top; background-color: #F7F7F7\"><td style=\"vertical-align: top; text-align : left; background-color: #F7F7F7; border: 0px #F0F0F0 solid; padding:0px 4px 0px 4px; white-space: nowrap; background-image: url(tbl_bck10.png)\" class=\"hierarchy\"><img src=\"tbl_spacer.png\" alt=\".\" style=\"background-color: inherit\" class=\"hierarchy\"/><img src=\"tbl_vjoin.png\" alt=\".\" style=\"background-color: inherit\" class=\"hierarchy\"/><img src=\"icon_datatype.gif\" alt=\".\" style=\"background-color: #F7F7F7; background-color: inherit\" title=\"Data Type\" class=\"hierarchy\"/> <a href=\"StructureDefinition-MedicationOrderIHEPWP-definitions.html#MedicationOrderIHEPWP.identifier\" title=\"The business identifier(s) for the medication order\">identifier</a><a name=\"MedicationOrderIHEPWP.identifier\"> </a></td><td style=\"vertical-align: top; text-align : left; background-color: #F7F7F7; border: 0px #F0F0F0 solid; padding:0px 4px 0px 4px\" class=\"hierarchy\"/><td style=\"vertical-align: top; text-align : left; background-color: #F7F7F7; border: 0px #F0F0F0 solid; padding:0px 4px 0px 4px\" class=\"hierarchy\">0..1</td><td style=\"vertical-align: top; text-align : left; background-color: #F7F7F7; border: 0px #F0F0F0 solid; padding:0px 4px 0px 4px\" class=\"hierarchy\"><a href=\"http://hl7.org/fhir/R4/datatypes.html#Identifier\">Identifier</a></td><td style=\"vertical-align: top; text-align : left; background-color: #F7F7F7; border: 0px #F0F0F0 solid; padding:0px 4px 0px 4px\" class=\"hierarchy\">The business identifier(s) for the medication Order</td></tr>\r\n<tr style=\"border: 0px #F0F0F0 solid; padding:0px; vertical-align: top; background-color: white\"><td style=\"vertical-align: top; text-align : left; background-color: white; border: 0px #F0F0F0 solid; padding:0px 4px 0px 4px; white-space: nowrap; background-image: url(tbl_bck10.png)\" class=\"hierarchy\"><img src=\"tbl_spacer.png\" alt=\".\" style=\"background-color: inherit\" class=\"hierarchy\"/><img src=\"tbl_vjoin.png\" alt=\".\" style=\"background-color: inherit\" class=\"hierarchy\"/><img src=\"icon_primitive.png\" alt=\".\" style=\"background-color: white; background-color: inherit\" title=\"Primitive Data Type\" class=\"hierarchy\"/> <a href=\"StructureDefinition-MedicationOrderIHEPWP-definitions.html#MedicationOrderIHEPWP.date\" title=\"When prescription was initially made\">date</a><a name=\"MedicationOrderIHEPWP.date\"> </a></td><td style=\"vertical-align: top; text-align : left; background-color: white; border: 0px #F0F0F0 solid; padding:0px 4px 0px 4px\" class=\"hierarchy\"/><td style=\"vertical-align: top; text-align : left; background-color: white; border: 0px #F0F0F0 solid; padding:0px 4px 0px 4px\" class=\"hierarchy\">0..1</td><td style=\"vertical-align: top; text-align : left; background-color: white; border: 0px #F0F0F0 solid; padding:0px 4px 0px 4px\" class=\"hierarchy\"><a href=\"http://hl7.org/fhir/R4/datatypes.html#dateTime\">dateTime</a></td><td style=\"vertical-align: top; text-align : left; background-color: white; border: 0px #F0F0F0 solid; padding:0px 4px 0px 4px\" class=\"hierarchy\">When prescription was initially made</td></tr>\r\n<tr style=\"border: 0px #F0F0F0 solid; padding:0px; vertical-align: top; background-color: #F7F7F7\"><td style=\"vertical-align: top; text-align : left; background-color: #F7F7F7; border: 0px #F0F0F0 solid; padding:0px 4px 0px 4px; white-space: nowrap; background-image: url(tbl_bck10.png)\" class=\"hierarchy\"><img src=\"tbl_spacer.png\" alt=\".\" style=\"background-color: inherit\" class=\"hierarchy\"/><img src=\"tbl_vjoin.png\" alt=\".\" style=\"background-color: inherit\" class=\"hierarchy\"/><img src=\"icon_reference.png\" alt=\".\" style=\"background-color: #F7F7F7; background-color: inherit\" title=\"Reference to another Resource\" class=\"hierarchy\"/> <a href=\"StructureDefinition-MedicationOrderIHEPWP-definitions.html#MedicationOrderIHEPWP.patient\" title=\"The person for which the medication is prescribed.\">patient</a><a name=\"MedicationOrderIHEPWP.patient\"> </a></td><td style=\"vertical-align: top; text-align : left; background-color: #F7F7F7; border: 0px #F0F0F0 solid; padding:0px 4px 0px 4px\" class=\"hierarchy\"/><td style=\"vertical-align: top; text-align : left; background-color: #F7F7F7; border: 0px #F0F0F0 solid; padding:0px 4px 0px 4px\" class=\"hierarchy\">1..1</td><td style=\"vertical-align: top; text-align : left; background-color: #F7F7F7; border: 0px #F0F0F0 solid; padding:0px 4px 0px 4px\" class=\"hierarchy\"><a href=\"http://hl7.org/fhir/R4/references.html\">Reference</a>(<a href=\"http://hl7.org/fhir/R4/patient.html\">Patient</a>)</td><td style=\"vertical-align: top; text-align : left; background-color: #F7F7F7; border: 0px #F0F0F0 solid; padding:0px 4px 0px 4px\" class=\"hierarchy\">The person for which the medication is prescribed.</td></tr>\r\n<tr style=\"border: 0px #F0F0F0 solid; padding:0px; vertical-align: top; background-color: white\"><td style=\"vertical-align: top; text-align : left; background-color: white; border: 0px #F0F0F0 solid; padding:0px 4px 0px 4px; white-space: nowrap; background-image: url(tbl_bck10.png)\" class=\"hierarchy\"><img src=\"tbl_spacer.png\" alt=\".\" style=\"background-color: inherit\" class=\"hierarchy\"/><img src=\"tbl_vjoin.png\" alt=\".\" style=\"background-color: inherit\" class=\"hierarchy\"/><img src=\"icon_reference.png\" alt=\".\" style=\"background-color: white; background-color: inherit\" title=\"Reference to another Resource\" class=\"hierarchy\"/> <a href=\"StructureDefinition-MedicationOrderIHEPWP-definitions.html#MedicationOrderIHEPWP.reason\" title=\"Reason for prescribing (e.g. diagnosis, prognosis, protocol, clinical assessment …)(may or may not be explicitly stated)\">reason</a><a name=\"MedicationOrderIHEPWP.reason\"> </a></td><td style=\"vertical-align: top; text-align : left; background-color: white; border: 0px #F0F0F0 solid; padding:0px 4px 0px 4px\" class=\"hierarchy\"/><td style=\"vertical-align: top; text-align : left; background-color: white; border: 0px #F0F0F0 solid; padding:0px 4px 0px 4px\" class=\"hierarchy\">0..*</td><td style=\"vertical-align: top; text-align : left; background-color: white; border: 0px #F0F0F0 solid; padding:0px 4px 0px 4px\" class=\"hierarchy\"><a href=\"http://hl7.org/fhir/R4/references.html\">Reference</a>(<a href=\"http://hl7.org/fhir/R4/condition.html\">Condition</a> | <a href=\"http://hl7.org/fhir/R4/observation.html\">Observation</a>)</td><td style=\"vertical-align: top; text-align : left; background-color: white; border: 0px #F0F0F0 solid; padding:0px 4px 0px 4px\" class=\"hierarchy\">Reason for prescribing (e.g. diagnosis, prognosis, protocol, clinical assessment …)(may or may not be explicitly stated)<br/></td></tr>\r\n<tr style=\"border: 0px #F0F0F0 solid; padding:0px; vertical-align: top; background-color: #F7F7F7\"><td style=\"vertical-align: top; text-align : left; background-color: #F7F7F7; border: 0px #F0F0F0 solid; padding:0px 4px 0px 4px; white-space: nowrap; background-image: url(tbl_bck10.png)\" class=\"hierarchy\"><img src=\"tbl_spacer.png\" alt=\".\" style=\"background-color: inherit\" class=\"hierarchy\"/><img src=\"tbl_vjoin.png\" alt=\".\" style=\"background-color: inherit\" class=\"hierarchy\"/><img src=\"icon_datatype.gif\" alt=\".\" style=\"background-color: #F7F7F7; background-color: inherit\" title=\"Data Type\" class=\"hierarchy\"/> <a href=\"StructureDefinition-MedicationOrderIHEPWP-definitions.html#MedicationOrderIHEPWP.note\" title=\"Additional Information about the prescription\">note</a><a name=\"MedicationOrderIHEPWP.note\"> </a></td><td style=\"vertical-align: top; text-align : left; background-color: #F7F7F7; border: 0px #F0F0F0 solid; padding:0px 4px 0px 4px\" class=\"hierarchy\"/><td style=\"vertical-align: top; text-align : left; background-color: #F7F7F7; border: 0px #F0F0F0 solid; padding:0px 4px 0px 4px\" class=\"hierarchy\">0..*</td><td style=\"vertical-align: top; text-align : left; background-color: #F7F7F7; border: 0px #F0F0F0 solid; padding:0px 4px 0px 4px\" class=\"hierarchy\"><a href=\"http://hl7.org/fhir/R4/datatypes.html#Annotation\">Annotation</a></td><td style=\"vertical-align: top; text-align : left; background-color: #F7F7F7; border: 0px #F0F0F0 solid; padding:0px 4px 0px 4px\" class=\"hierarchy\">Additional Information about the prescription<br/></td></tr>\r\n<tr style=\"border: 0px #F0F0F0 solid; padding:0px; vertical-align: top; background-color: white\"><td style=\"vertical-align: top; text-align : left; background-color: white; border: 0px #F0F0F0 solid; padding:0px 4px 0px 4px; white-space: nowrap; background-image: url(tbl_bck10.png)\" class=\"hierarchy\"><img src=\"tbl_spacer.png\" alt=\".\" style=\"background-color: inherit\" class=\"hierarchy\"/><img src=\"tbl_vjoin.png\" alt=\".\" style=\"background-color: inherit\" class=\"hierarchy\"/><img src=\"icon_reference.png\" alt=\".\" style=\"background-color: white; background-color: inherit\" title=\"Reference to another Resource\" class=\"hierarchy\"/> <a href=\"StructureDefinition-MedicationOrderIHEPWP-definitions.html#MedicationOrderIHEPWP.requester\" title=\"Who made the prescription\">requester</a><a name=\"MedicationOrderIHEPWP.requester\"> </a></td><td style=\"vertical-align: top; text-align : left; background-color: white; border: 0px #F0F0F0 solid; padding:0px 4px 0px 4px\" class=\"hierarchy\"/><td style=\"vertical-align: top; text-align : left; background-color: white; border: 0px #F0F0F0 solid; padding:0px 4px 0px 4px\" class=\"hierarchy\">0..1</td><td style=\"vertical-align: top; text-align : left; background-color: white; border: 0px #F0F0F0 solid; padding:0px 4px 0px 4px\" class=\"hierarchy\"><a href=\"http://hl7.org/fhir/R4/references.html\">Reference</a>(<a href=\"http://hl7.org/fhir/R4/practitioner.html\">Practitioner</a>)</td><td style=\"vertical-align: top; text-align : left; background-color: white; border: 0px #F0F0F0 solid; padding:0px 4px 0px 4px\" class=\"hierarchy\">Who made the prescription</td></tr>\r\n<tr style=\"border: 0px #F0F0F0 solid; padding:0px; vertical-align: top; background-color: #F7F7F7\"><td style=\"vertical-align: top; text-align : left; background-color: #F7F7F7; border: 0px #F0F0F0 solid; padding:0px 4px 0px 4px; white-space: nowrap; background-image: url(tbl_bck10.png)\" class=\"hierarchy\"><img src=\"tbl_spacer.png\" alt=\".\" style=\"background-color: inherit\" class=\"hierarchy\"/><img src=\"tbl_vjoin.png\" alt=\".\" style=\"background-color: inherit\" class=\"hierarchy\"/><img src=\"icon_primitive.png\" alt=\".\" style=\"background-color: #F7F7F7; background-color: inherit\" title=\"Primitive Data Type\" class=\"hierarchy\"/> <a href=\"StructureDefinition-MedicationOrderIHEPWP-definitions.html#MedicationOrderIHEPWP.status\" title=\"Status of the prescription ORDERED|PLACED|IN PROGRESS|COMPLETED|CANCELLED|DISCONTINUED|SUSPENDED\">status</a><a name=\"MedicationOrderIHEPWP.status\"> </a></td><td style=\"vertical-align: top; text-align : left; background-color: #F7F7F7; border: 0px #F0F0F0 solid; padding:0px 4px 0px 4px\" class=\"hierarchy\"/><td style=\"vertical-align: top; text-align : left; background-color: #F7F7F7; border: 0px #F0F0F0 solid; padding:0px 4px 0px 4px\" class=\"hierarchy\">1..1</td><td style=\"vertical-align: top; text-align : left; background-color: #F7F7F7; border: 0px #F0F0F0 solid; padding:0px 4px 0px 4px\" class=\"hierarchy\"><a href=\"http://hl7.org/fhir/R4/datatypes.html#code\">code</a></td><td style=\"vertical-align: top; text-align : left; background-color: #F7F7F7; border: 0px #F0F0F0 solid; padding:0px 4px 0px 4px\" class=\"hierarchy\">Status of the prescription ORDERED|PLACED|IN PROGRESS|COMPLETED|CANCELLED|DISCONTINUED|SUSPENDED</td></tr>\r\n<tr style=\"border: 0px #F0F0F0 solid; padding:0px; vertical-align: top; background-color: white\"><td style=\"vertical-align: top; text-align : left; background-color: white; border: 0px #F0F0F0 solid; padding:0px 4px 0px 4px; white-space: nowrap; background-image: url(tbl_bck01.png)\" class=\"hierarchy\"><img src=\"tbl_spacer.png\" alt=\".\" style=\"background-color: inherit\" class=\"hierarchy\"/><img src=\"tbl_vjoin_end.png\" alt=\".\" style=\"background-color: inherit\" class=\"hierarchy\"/><img src=\"icon_datatype.gif\" alt=\".\" style=\"background-color: white; background-color: inherit\" title=\"Data Type\" class=\"hierarchy\"/> <a href=\"StructureDefinition-MedicationOrderIHEPWP-definitions.html#MedicationOrderIHEPWP.prescriptionItem\" title=\"A prescription item belongs to one prescription and represents one prescribed medication. It may  be associated with one or more observations. Prescription Item is the atomic entity for logistics, distribution and billing.\">prescriptionItem</a><a name=\"MedicationOrderIHEPWP.prescriptionItem\"> </a></td><td style=\"vertical-align: top; text-align : left; background-color: white; border: 0px #F0F0F0 solid; padding:0px 4px 0px 4px\" class=\"hierarchy\"/><td style=\"vertical-align: top; text-align : left; background-color: white; border: 0px #F0F0F0 solid; padding:0px 4px 0px 4px\" class=\"hierarchy\">0..*</td><td style=\"vertical-align: top; text-align : left; background-color: white; border: 0px #F0F0F0 solid; padding:0px 4px 0px 4px\" class=\"hierarchy\"><a href=\"http://hl7.org/fhir/R4/datatypes.html#BackboneElement\">BackboneElement</a></td><td style=\"vertical-align: top; text-align : left; background-color: white; border: 0px #F0F0F0 solid; padding:0px 4px 0px 4px\" class=\"hierarchy\">A prescription item belongs to one prescription and represents one prescribed medication. It may  be associated with one or more observations. Prescription Item is the atomic entity for logistics, distribution and billing.<br/></td></tr>\r\n<tr style=\"border: 0px #F0F0F0 solid; padding:0px; vertical-align: top; background-color: #F7F7F7\"><td style=\"vertical-align: top; text-align : left; background-color: #F7F7F7; border: 0px #F0F0F0 solid; padding:0px 4px 0px 4px; white-space: nowrap; background-image: url(tbl_bck010.png)\" class=\"hierarchy\"><img src=\"tbl_spacer.png\" alt=\".\" style=\"background-color: inherit\" class=\"hierarchy\"/><img src=\"tbl_blank.png\" alt=\".\" style=\"background-color: inherit\" class=\"hierarchy\"/><img src=\"tbl_vjoin.png\" alt=\".\" style=\"background-color: inherit\" class=\"hierarchy\"/><img src=\"icon_datatype.gif\" alt=\".\" style=\"background-color: #F7F7F7; background-color: inherit\" title=\"Data Type\" class=\"hierarchy\"/> <a href=\"StructureDefinition-MedicationOrderIHEPWP-definitions.html#MedicationOrderIHEPWP.prescriptionItem.prescriptionItemID\" title=\" Prescription Item ID \">prescriptionItemID</a><a name=\"MedicationOrderIHEPWP.prescriptionItem.prescriptionItemID\"> </a></td><td style=\"vertical-align: top; text-align : left; background-color: #F7F7F7; border: 0px #F0F0F0 solid; padding:0px 4px 0px 4px\" class=\"hierarchy\"/><td style=\"vertical-align: top; text-align : left; background-color: #F7F7F7; border: 0px #F0F0F0 solid; padding:0px 4px 0px 4px\" class=\"hierarchy\">1..1</td><td style=\"vertical-align: top; text-align : left; background-color: #F7F7F7; border: 0px #F0F0F0 solid; padding:0px 4px 0px 4px\" class=\"hierarchy\"><a href=\"http://hl7.org/fhir/R4/datatypes.html#Identifier\">Identifier</a></td><td style=\"vertical-align: top; text-align : left; background-color: #F7F7F7; border: 0px #F0F0F0 solid; padding:0px 4px 0px 4px\" class=\"hierarchy\"> Prescription Item ID </td></tr>\r\n<tr style=\"border: 0px #F0F0F0 solid; padding:0px; vertical-align: top; background-color: white\"><td style=\"vertical-align: top; text-align : left; background-color: white; border: 0px #F0F0F0 solid; padding:0px 4px 0px 4px; white-space: nowrap; background-image: url(tbl_bck010.png)\" class=\"hierarchy\"><img src=\"tbl_spacer.png\" alt=\".\" style=\"background-color: inherit\" class=\"hierarchy\"/><img src=\"tbl_blank.png\" alt=\".\" style=\"background-color: inherit\" class=\"hierarchy\"/><img src=\"tbl_vjoin.png\" alt=\".\" style=\"background-color: inherit\" class=\"hierarchy\"/><img src=\"icon_datatype.gif\" alt=\".\" style=\"background-color: white; background-color: inherit\" title=\"Data Type\" class=\"hierarchy\"/> <a href=\"StructureDefinition-MedicationOrderIHEPWP-definitions.html#MedicationOrderIHEPWP.prescriptionItem.treatmentDate\" title=\"Beginning date of treatment / length of treatment / End of treatment date ( the date the treatment is due to end) and/or number of renewals\">treatmentDate</a><a name=\"MedicationOrderIHEPWP.prescriptionItem.treatmentDate\"> </a></td><td style=\"vertical-align: top; text-align : left; background-color: white; border: 0px #F0F0F0 solid; padding:0px 4px 0px 4px\" class=\"hierarchy\"/><td style=\"vertical-align: top; text-align : left; background-color: white; border: 0px #F0F0F0 solid; padding:0px 4px 0px 4px\" class=\"hierarchy\">0..1</td><td style=\"vertical-align: top; text-align : left; background-color: white; border: 0px #F0F0F0 solid; padding:0px 4px 0px 4px\" class=\"hierarchy\"><a href=\"http://hl7.org/fhir/R4/datatypes.html#Duration\">Duration</a></td><td style=\"vertical-align: top; text-align : left; background-color: white; border: 0px #F0F0F0 solid; padding:0px 4px 0px 4px\" class=\"hierarchy\">Beginning date of treatment / length of treatment / End of treatment date ( the date the treatment is due to end) and/or number of renewals </td></tr>\r\n<tr style=\"border: 0px #F0F0F0 solid; padding:0px; vertical-align: top; background-color: #F7F7F7\"><td style=\"vertical-align: top; text-align : left; background-color: #F7F7F7; border: 0px #F0F0F0 solid; padding:0px 4px 0px 4px; white-space: nowrap; background-image: url(tbl_bck010.png)\" class=\"hierarchy\"><img src=\"tbl_spacer.png\" alt=\".\" style=\"background-color: inherit\" class=\"hierarchy\"/><img src=\"tbl_blank.png\" alt=\".\" style=\"background-color: inherit\" class=\"hierarchy\"/><img src=\"tbl_vjoin.png\" alt=\".\" style=\"background-color: inherit\" class=\"hierarchy\"/><img src=\"icon_primitive.png\" alt=\".\" style=\"background-color: #F7F7F7; background-color: inherit\" title=\"Primitive Data Type\" class=\"hierarchy\"/> <a href=\"StructureDefinition-MedicationOrderIHEPWP-definitions.html#MedicationOrderIHEPWP.prescriptionItem.reasonForPrescribing\" title=\"Reason for prescribing (e.g. diagnosis, prognosis, protocol, clinical assessment …)\">reasonForPrescribing</a><a name=\"MedicationOrderIHEPWP.prescriptionItem.reasonForPrescribing\"> </a></td><td style=\"vertical-align: top; text-align : left; background-color: #F7F7F7; border: 0px #F0F0F0 solid; padding:0px 4px 0px 4px\" class=\"hierarchy\"/><td style=\"vertical-align: top; text-align : left; background-color: #F7F7F7; border: 0px #F0F0F0 solid; padding:0px 4px 0px 4px\" class=\"hierarchy\">0..1</td><td style=\"vertical-align: top; text-align : left; background-color: #F7F7F7; border: 0px #F0F0F0 solid; padding:0px 4px 0px 4px\" class=\"hierarchy\"><a href=\"http://hl7.org/fhir/R4/datatypes.html#string\">string</a></td><td style=\"vertical-align: top; text-align : left; background-color: #F7F7F7; border: 0px #F0F0F0 solid; padding:0px 4px 0px 4px\" class=\"hierarchy\">Reason for prescribing (e.g. diagnosis, prognosis, protocol, clinical assessment …)</td></tr>\r\n<tr style=\"border: 0px #F0F0F0 solid; padding:0px; vertical-align: top; background-color: white\"><td style=\"vertical-align: top; text-align : left; background-color: white; border: 0px #F0F0F0 solid; padding:0px 4px 0px 4px; white-space: nowrap; background-image: url(tbl_bck010.png)\" class=\"hierarchy\"><img src=\"tbl_spacer.png\" alt=\".\" style=\"background-color: inherit\" class=\"hierarchy\"/><img src=\"tbl_blank.png\" alt=\".\" style=\"background-color: inherit\" class=\"hierarchy\"/><img src=\"tbl_vjoin.png\" alt=\".\" style=\"background-color: inherit\" class=\"hierarchy\"/><img src=\"icon_primitive.png\" alt=\".\" style=\"background-color: white; background-color: inherit\" title=\"Primitive Data Type\" class=\"hierarchy\"/> <a href=\"StructureDefinition-MedicationOrderIHEPWP-definitions.html#MedicationOrderIHEPWP.prescriptionItem.Frequency\">Frequency</a><a name=\"MedicationOrderIHEPWP.prescriptionItem.Frequency\"> </a></td><td style=\"vertical-align: top; text-align : left; background-color: white; border: 0px #F0F0F0 solid; padding:0px 4px 0px 4px\" class=\"hierarchy\"/><td style=\"vertical-align: top; text-align : left; background-color: white; border: 0px #F0F0F0 solid; padding:0px 4px 0px 4px\" class=\"hierarchy\">0..1</td><td style=\"vertical-align: top; text-align : left; background-color: white; border: 0px #F0F0F0 solid; padding:0px 4px 0px 4px\" class=\"hierarchy\"><a href=\"http://hl7.org/fhir/R4/datatypes.html#string\">string</a></td><td style=\"vertical-align: top; text-align : left; background-color: white; border: 0px #F0F0F0 solid; padding:0px 4px 0px 4px\" class=\"hierarchy\"/></tr>\r\n<tr style=\"border: 0px #F0F0F0 solid; padding:0px; vertical-align: top; background-color: #F7F7F7\"><td style=\"vertical-align: top; text-align : left; background-color: #F7F7F7; border: 0px #F0F0F0 solid; padding:0px 4px 0px 4px; white-space: nowrap; background-image: url(tbl_bck010.png)\" class=\"hierarchy\"><img src=\"tbl_spacer.png\" alt=\".\" style=\"background-color: inherit\" class=\"hierarchy\"/><img src=\"tbl_blank.png\" alt=\".\" style=\"background-color: inherit\" class=\"hierarchy\"/><img src=\"tbl_vjoin.png\" alt=\".\" style=\"background-color: inherit\" class=\"hierarchy\"/><img src=\"icon_primitive.png\" alt=\".\" style=\"background-color: #F7F7F7; background-color: inherit\" title=\"Primitive Data Type\" class=\"hierarchy\"/> <a href=\"StructureDefinition-MedicationOrderIHEPWP-definitions.html#MedicationOrderIHEPWP.prescriptionItem.substitutionAllowed\" title=\"Substitution allowed or not (can the pharmacist do a substitution of medication?)\">substitutionAllowed</a><a name=\"MedicationOrderIHEPWP.prescriptionItem.substitutionAllowed\"> </a></td><td style=\"vertical-align: top; text-align : left; background-color: #F7F7F7; border: 0px #F0F0F0 solid; padding:0px 4px 0px 4px\" class=\"hierarchy\"/><td style=\"vertical-align: top; text-align : left; background-color: #F7F7F7; border: 0px #F0F0F0 solid; padding:0px 4px 0px 4px\" class=\"hierarchy\">0..1</td><td style=\"vertical-align: top; text-align : left; background-color: #F7F7F7; border: 0px #F0F0F0 solid; padding:0px 4px 0px 4px\" class=\"hierarchy\"><a href=\"http://hl7.org/fhir/R4/datatypes.html#string\">string</a></td><td style=\"vertical-align: top; text-align : left; background-color: #F7F7F7; border: 0px #F0F0F0 solid; padding:0px 4px 0px 4px\" class=\"hierarchy\">Substitution allowed or not (can the pharmacist do a substitution of medication?)</td></tr>\r\n<tr style=\"border: 0px #F0F0F0 solid; padding:0px; vertical-align: top; background-color: white\"><td style=\"vertical-align: top; text-align : left; background-color: white; border: 0px #F0F0F0 solid; padding:0px 4px 0px 4px; white-space: nowrap; background-image: url(tbl_bck010.png)\" class=\"hierarchy\"><img src=\"tbl_spacer.png\" alt=\".\" style=\"background-color: inherit\" class=\"hierarchy\"/><img src=\"tbl_blank.png\" alt=\".\" style=\"background-color: inherit\" class=\"hierarchy\"/><img src=\"tbl_vjoin.png\" alt=\".\" style=\"background-color: inherit\" class=\"hierarchy\"/><img src=\"icon_primitive.png\" alt=\".\" style=\"background-color: white; background-color: inherit\" title=\"Primitive Data Type\" class=\"hierarchy\"/> <a href=\"StructureDefinition-MedicationOrderIHEPWP-definitions.html#MedicationOrderIHEPWP.prescriptionItem.route\" title=\"Route of administration\">route</a><a name=\"MedicationOrderIHEPWP.prescriptionItem.route\"> </a></td><td style=\"vertical-align: top; text-align : left; background-color: white; border: 0px #F0F0F0 solid; padding:0px 4px 0px 4px\" class=\"hierarchy\"/><td style=\"vertical-align: top; text-align : left; background-color: white; border: 0px #F0F0F0 solid; padding:0px 4px 0px 4px\" class=\"hierarchy\">0..1</td><td style=\"vertical-align: top; text-align : left; background-color: white; border: 0px #F0F0F0 solid; padding:0px 4px 0px 4px\" class=\"hierarchy\"><a href=\"http://hl7.org/fhir/R4/datatypes.html#string\">string</a></td><td style=\"vertical-align: top; text-align : left; background-color: white; border: 0px #F0F0F0 solid; padding:0px 4px 0px 4px\" class=\"hierarchy\">Route of administration</td></tr>\r\n<tr style=\"border: 0px #F0F0F0 solid; padding:0px; vertical-align: top; background-color: #F7F7F7\"><td style=\"vertical-align: top; text-align : left; background-color: #F7F7F7; border: 0px #F0F0F0 solid; padding:0px 4px 0px 4px; white-space: nowrap; background-image: url(tbl_bck010.png)\" class=\"hierarchy\"><img src=\"tbl_spacer.png\" alt=\".\" style=\"background-color: inherit\" class=\"hierarchy\"/><img src=\"tbl_blank.png\" alt=\".\" style=\"background-color: inherit\" class=\"hierarchy\"/><img src=\"tbl_vjoin.png\" alt=\".\" style=\"background-color: inherit\" class=\"hierarchy\"/><img src=\"icon_primitive.png\" alt=\".\" style=\"background-color: #F7F7F7; background-color: inherit\" title=\"Primitive Data Type\" class=\"hierarchy\"/> <a href=\"StructureDefinition-MedicationOrderIHEPWP-definitions.html#MedicationOrderIHEPWP.prescriptionItem.Dosage\">Dosage</a><a name=\"MedicationOrderIHEPWP.prescriptionItem.Dosage\"> </a></td><td style=\"vertical-align: top; text-align : left; background-color: #F7F7F7; border: 0px #F0F0F0 solid; padding:0px 4px 0px 4px\" class=\"hierarchy\"/><td style=\"vertical-align: top; text-align : left; background-color: #F7F7F7; border: 0px #F0F0F0 solid; padding:0px 4px 0px 4px\" class=\"hierarchy\">0..1</td><td style=\"vertical-align: top; text-align : left; background-color: #F7F7F7; border: 0px #F0F0F0 solid; padding:0px 4px 0px 4px\" class=\"hierarchy\"><a href=\"http://hl7.org/fhir/R4/datatypes.html#string\">string</a></td><td style=\"vertical-align: top; text-align : left; background-color: #F7F7F7; border: 0px #F0F0F0 solid; padding:0px 4px 0px 4px\" class=\"hierarchy\"/></tr>\r\n<tr style=\"border: 0px #F0F0F0 solid; padding:0px; vertical-align: top; background-color: white\"><td style=\"vertical-align: top; text-align : left; background-color: white; border: 0px #F0F0F0 solid; padding:0px 4px 0px 4px; white-space: nowrap; background-image: url(tbl_bck010.png)\" class=\"hierarchy\"><img src=\"tbl_spacer.png\" alt=\".\" style=\"background-color: inherit\" class=\"hierarchy\"/><img src=\"tbl_blank.png\" alt=\".\" style=\"background-color: inherit\" class=\"hierarchy\"/><img src=\"tbl_vjoin.png\" alt=\".\" style=\"background-color: inherit\" class=\"hierarchy\"/><img src=\"icon_primitive.png\" alt=\".\" style=\"background-color: white; background-color: inherit\" title=\"Primitive Data Type\" class=\"hierarchy\"/> <a href=\"StructureDefinition-MedicationOrderIHEPWP-definitions.html#MedicationOrderIHEPWP.prescriptionItem.intakePattern\" title=\"Intake pattern for the medication\">intakePattern</a><a name=\"MedicationOrderIHEPWP.prescriptionItem.intakePattern\"> </a></td><td style=\"vertical-align: top; text-align : left; background-color: white; border: 0px #F0F0F0 solid; padding:0px 4px 0px 4px\" class=\"hierarchy\"/><td style=\"vertical-align: top; text-align : left; background-color: white; border: 0px #F0F0F0 solid; padding:0px 4px 0px 4px\" class=\"hierarchy\">0..1</td><td style=\"vertical-align: top; text-align : left; background-color: white; border: 0px #F0F0F0 solid; padding:0px 4px 0px 4px\" class=\"hierarchy\"><a href=\"http://hl7.org/fhir/R4/datatypes.html#string\">string</a></td><td style=\"vertical-align: top; text-align : left; background-color: white; border: 0px #F0F0F0 solid; padding:0px 4px 0px 4px\" class=\"hierarchy\">Intake pattern for the medication</td></tr>\r\n<tr style=\"border: 0px #F0F0F0 solid; padding:0px; vertical-align: top; background-color: #F7F7F7\"><td style=\"vertical-align: top; text-align : left; background-color: #F7F7F7; border: 0px #F0F0F0 solid; padding:0px 4px 0px 4px; white-space: nowrap; background-image: url(tbl_bck010.png)\" class=\"hierarchy\"><img src=\"tbl_spacer.png\" alt=\".\" style=\"background-color: inherit\" class=\"hierarchy\"/><img src=\"tbl_blank.png\" alt=\".\" style=\"background-color: inherit\" class=\"hierarchy\"/><img src=\"tbl_vjoin.png\" alt=\".\" style=\"background-color: inherit\" class=\"hierarchy\"/><img src=\"icon_primitive.png\" alt=\".\" style=\"background-color: #F7F7F7; background-color: inherit\" title=\"Primitive Data Type\" class=\"hierarchy\"/> <a href=\"StructureDefinition-MedicationOrderIHEPWP-definitions.html#MedicationOrderIHEPWP.prescriptionItem.medicalInstructions\" title=\"Diagnosis or reason for prescribing is this similar the 3rd bullet point?\">medicalInstructions</a><a name=\"MedicationOrderIHEPWP.prescriptionItem.medicalInstructions\"> </a></td><td style=\"vertical-align: top; text-align : left; background-color: #F7F7F7; border: 0px #F0F0F0 solid; padding:0px 4px 0px 4px\" class=\"hierarchy\"/><td style=\"vertical-align: top; text-align : left; background-color: #F7F7F7; border: 0px #F0F0F0 solid; padding:0px 4px 0px 4px\" class=\"hierarchy\">0..1</td><td style=\"vertical-align: top; text-align : left; background-color: #F7F7F7; border: 0px #F0F0F0 solid; padding:0px 4px 0px 4px\" class=\"hierarchy\"><a href=\"http://hl7.org/fhir/R4/datatypes.html#string\">string</a></td><td style=\"vertical-align: top; text-align : left; background-color: #F7F7F7; border: 0px #F0F0F0 solid; padding:0px 4px 0px 4px\" class=\"hierarchy\">Diagnosis or reason for prescribing is this similar the 3rd bullet point?</td></tr>\r\n<tr style=\"border: 0px #F0F0F0 solid; padding:0px; vertical-align: top; background-color: white\"><td style=\"vertical-align: top; text-align : left; background-color: white; border: 0px #F0F0F0 solid; padding:0px 4px 0px 4px; white-space: nowrap; background-image: url(tbl_bck010.png)\" class=\"hierarchy\"><img src=\"tbl_spacer.png\" alt=\".\" style=\"background-color: inherit\" class=\"hierarchy\"/><img src=\"tbl_blank.png\" alt=\".\" style=\"background-color: inherit\" class=\"hierarchy\"/><img src=\"tbl_vjoin.png\" alt=\".\" style=\"background-color: inherit\" class=\"hierarchy\"/><img src=\"icon_primitive.png\" alt=\".\" style=\"background-color: white; background-color: inherit\" title=\"Primitive Data Type\" class=\"hierarchy\"/> <a href=\"StructureDefinition-MedicationOrderIHEPWP-definitions.html#MedicationOrderIHEPWP.prescriptionItem.alertAboutRestrictions\" title=\"Alert about prescribing restrictions\">alertAboutRestrictions</a><a name=\"MedicationOrderIHEPWP.prescriptionItem.alertAboutRestrictions\"> </a></td><td style=\"vertical-align: top; text-align : left; background-color: white; border: 0px #F0F0F0 solid; padding:0px 4px 0px 4px\" class=\"hierarchy\"/><td style=\"vertical-align: top; text-align : left; background-color: white; border: 0px #F0F0F0 solid; padding:0px 4px 0px 4px\" class=\"hierarchy\">0..1</td><td style=\"vertical-align: top; text-align : left; background-color: white; border: 0px #F0F0F0 solid; padding:0px 4px 0px 4px\" class=\"hierarchy\"><a href=\"http://hl7.org/fhir/R4/datatypes.html#string\">string</a></td><td style=\"vertical-align: top; text-align : left; background-color: white; border: 0px #F0F0F0 solid; padding:0px 4px 0px 4px\" class=\"hierarchy\">Alert about prescribing restrictions</td></tr>\r\n<tr style=\"border: 0px #F0F0F0 solid; padding:0px; vertical-align: top; background-color: #F7F7F7\"><td style=\"vertical-align: top; text-align : left; background-color: #F7F7F7; border: 0px #F0F0F0 solid; padding:0px 4px 0px 4px; white-space: nowrap; background-image: url(tbl_bck010.png)\" class=\"hierarchy\"><img src=\"tbl_spacer.png\" alt=\".\" style=\"background-color: inherit\" class=\"hierarchy\"/><img src=\"tbl_blank.png\" alt=\".\" style=\"background-color: inherit\" class=\"hierarchy\"/><img src=\"tbl_vjoin.png\" alt=\".\" style=\"background-color: inherit\" class=\"hierarchy\"/><img src=\"icon_primitive.png\" alt=\".\" style=\"background-color: #F7F7F7; background-color: inherit\" title=\"Primitive Data Type\" class=\"hierarchy\"/> <a href=\"StructureDefinition-MedicationOrderIHEPWP-definitions.html#MedicationOrderIHEPWP.prescriptionItem.relatedtoChronic\" title=\"Related to a chronic disease or not (listed or unlisted)\">relatedtoChronic</a><a name=\"MedicationOrderIHEPWP.prescriptionItem.relatedtoChronic\"> </a></td><td style=\"vertical-align: top; text-align : left; background-color: #F7F7F7; border: 0px #F0F0F0 solid; padding:0px 4px 0px 4px\" class=\"hierarchy\"/><td style=\"vertical-align: top; text-align : left; background-color: #F7F7F7; border: 0px #F0F0F0 solid; padding:0px 4px 0px 4px\" class=\"hierarchy\">0..1</td><td style=\"vertical-align: top; text-align : left; background-color: #F7F7F7; border: 0px #F0F0F0 solid; padding:0px 4px 0px 4px\" class=\"hierarchy\"><a href=\"http://hl7.org/fhir/R4/datatypes.html#string\">string</a></td><td style=\"vertical-align: top; text-align : left; background-color: #F7F7F7; border: 0px #F0F0F0 solid; padding:0px 4px 0px 4px\" class=\"hierarchy\">Related to a chronic disease or not (listed or unlisted)</td></tr>\r\n<tr style=\"border: 0px #F0F0F0 solid; padding:0px; vertical-align: top; background-color: white\"><td style=\"vertical-align: top; text-align : left; background-color: white; border: 0px #F0F0F0 solid; padding:0px 4px 0px 4px; white-space: nowrap; background-image: url(tbl_bck010.png)\" class=\"hierarchy\"><img src=\"tbl_spacer.png\" alt=\".\" style=\"background-color: inherit\" class=\"hierarchy\"/><img src=\"tbl_blank.png\" alt=\".\" style=\"background-color: inherit\" class=\"hierarchy\"/><img src=\"tbl_vjoin.png\" alt=\".\" style=\"background-color: inherit\" class=\"hierarchy\"/><img src=\"icon_primitive.png\" alt=\".\" style=\"background-color: white; background-color: inherit\" title=\"Primitive Data Type\" class=\"hierarchy\"/> <a href=\"StructureDefinition-MedicationOrderIHEPWP-definitions.html#MedicationOrderIHEPWP.prescriptionItem.specificFollowUp\" title=\"Specific follow-up elements\">specificFollowUp</a><a name=\"MedicationOrderIHEPWP.prescriptionItem.specificFollowUp\"> </a></td><td style=\"vertical-align: top; text-align : left; background-color: white; border: 0px #F0F0F0 solid; padding:0px 4px 0px 4px\" class=\"hierarchy\"/><td style=\"vertical-align: top; text-align : left; background-color: white; border: 0px #F0F0F0 solid; padding:0px 4px 0px 4px\" class=\"hierarchy\">0..1</td><td style=\"vertical-align: top; text-align : left; background-color: white; border: 0px #F0F0F0 solid; padding:0px 4px 0px 4px\" class=\"hierarchy\"><a href=\"http://hl7.org/fhir/R4/datatypes.html#string\">string</a></td><td style=\"vertical-align: top; text-align : left; background-color: white; border: 0px #F0F0F0 solid; padding:0px 4px 0px 4px\" class=\"hierarchy\">Specific follow-up elements</td></tr>\r\n<tr style=\"border: 0px #F0F0F0 solid; padding:0px; vertical-align: top; background-color: #F7F7F7\"><td style=\"vertical-align: top; text-align : left; background-color: #F7F7F7; border: 0px #F0F0F0 solid; padding:0px 4px 0px 4px; white-space: nowrap; background-image: url(tbl_bck010.png)\" class=\"hierarchy\"><img src=\"tbl_spacer.png\" alt=\".\" style=\"background-color: inherit\" class=\"hierarchy\"/><img src=\"tbl_blank.png\" alt=\".\" style=\"background-color: inherit\" class=\"hierarchy\"/><img src=\"tbl_vjoin.png\" alt=\".\" style=\"background-color: inherit\" class=\"hierarchy\"/><img src=\"icon_primitive.png\" alt=\".\" style=\"background-color: #F7F7F7; background-color: inherit\" title=\"Primitive Data Type\" class=\"hierarchy\"/> <a href=\"StructureDefinition-MedicationOrderIHEPWP-definitions.html#MedicationOrderIHEPWP.prescriptionItem.additionalComment\" title=\"Additional comment (may be used by the prescriber to inform the pharmacist that he is aware of a potential ICA)\">additionalComment</a><a name=\"MedicationOrderIHEPWP.prescriptionItem.additionalComment\"> </a></td><td style=\"vertical-align: top; text-align : left; background-color: #F7F7F7; border: 0px #F0F0F0 solid; padding:0px 4px 0px 4px\" class=\"hierarchy\"/><td style=\"vertical-align: top; text-align : left; background-color: #F7F7F7; border: 0px #F0F0F0 solid; padding:0px 4px 0px 4px\" class=\"hierarchy\">0..1</td><td style=\"vertical-align: top; text-align : left; background-color: #F7F7F7; border: 0px #F0F0F0 solid; padding:0px 4px 0px 4px\" class=\"hierarchy\"><a href=\"http://hl7.org/fhir/R4/datatypes.html#string\">string</a></td><td style=\"vertical-align: top; text-align : left; background-color: #F7F7F7; border: 0px #F0F0F0 solid; padding:0px 4px 0px 4px\" class=\"hierarchy\">Additional comment (may be used by the prescriber to inform the pharmacist that he is aware of a potential ICA)</td></tr>\r\n<tr style=\"border: 0px #F0F0F0 solid; padding:0px; vertical-align: top; background-color: white\"><td style=\"vertical-align: top; text-align : left; background-color: white; border: 0px #F0F0F0 solid; padding:0px 4px 0px 4px; white-space: nowrap; background-image: url(tbl_bck000.png)\" class=\"hierarchy\"><img src=\"tbl_spacer.png\" alt=\".\" style=\"background-color: inherit\" class=\"hierarchy\"/><img src=\"tbl_blank.png\" alt=\".\" style=\"background-color: inherit\" class=\"hierarchy\"/><img src=\"tbl_vjoin_end.png\" alt=\".\" style=\"background-color: inherit\" class=\"hierarchy\"/><img src=\"icon_primitive.png\" alt=\".\" style=\"background-color: white; background-color: inherit\" title=\"Primitive Data Type\" class=\"hierarchy\"/> <a href=\"StructureDefinition-MedicationOrderIHEPWP-definitions.html#MedicationOrderIHEPWP.prescriptionItem.status\" title=\"Status (see the “Relevant Standards” chapter)\">status</a><a name=\"MedicationOrderIHEPWP.prescriptionItem.status\"> </a></td><td style=\"vertical-align: top; text-align : left; background-color: white; border: 0px #F0F0F0 solid; padding:0px 4px 0px 4px\" class=\"hierarchy\"/><td style=\"vertical-align: top; text-align : left; background-color: white; border: 0px #F0F0F0 solid; padding:0px 4px 0px 4px\" class=\"hierarchy\">0..1</td><td style=\"vertical-align: top; text-align : left; background-color: white; border: 0px #F0F0F0 solid; padding:0px 4px 0px 4px\" class=\"hierarchy\"><a href=\"http://hl7.org/fhir/R4/datatypes.html#string\">string</a></td><td style=\"vertical-align: top; text-align : left; background-color: white; border: 0px #F0F0F0 solid; padding:0px 4px 0px 4px\" class=\"hierarchy\">Status (see the “Relevant Standards” chapter)</td></tr>\r\n<tr><td colspan=\"5\" class=\"hierarchy\"><br/><a href=\"https://build.fhir.org/ig/FHIR/ig-guidance/readingIgs.html#table-views\" title=\"Legend for this format\"><img src=\"http://hl7.org/fhir/R4/help16.png\" alt=\"doco\" style=\"background-color: inherit\"/> Documentation for this format</a></td></tr></table></div>"
  },
  "url" : "http://profiles.ihe.net/PHARM/ihe.pharm.mpd/StructureDefinition/MedicationOrderIHEPWP",
  "version" : "0.1.0",
  "name" : "MedicationOrderIHEPWP",
  "title" : "[IHE PHARM White Paper] Logical Model for order",
  "status" : "active",
  "date" : "2023-02-04T16:51:07+00:00",
  "publisher" : "Integrating the Healthcare Enterprise (IHE)",
  "contact" : [{
    "name" : "Integrating the Healthcare Enterprise (IHE)",
    "telecom" : [{
      "system" : "url",
      "value" : "http://ihe.net"
    },
    {
      "system" : "email",
      "value" : "secretary@ihe.net"
    }]
  },
  {
    "name" : "Jose Costa Teixeira",
    "telecom" : [{
      "system" : "email",
      "value" : "jose.a.teixeira@gmail.com",
      "use" : "work"
    }]
  }],
  "description" : "A prescription is issued by one ordering healthcare professional for one patient, in the context of zero or one encounter (between the patient and the ordering physician and/or the healthcare institution).",
  "jurisdiction" : [{
    "coding" : [{
      "system" : "http://unstats.un.org/unsd/methods/m49/m49.htm",
      "code" : "001"
    }]
  }],
  "copyright" : "IHE http://www.ihe.net/Governance/#Intellectual_Property",
  "fhirVersion" : "4.0.1",
  "mapping" : [{
    "identity" : "rim",
    "uri" : "http://hl7.org/v3",
    "name" : "RIM Mapping"
  }],
  "kind" : "logical",
  "abstract" : false,
  "type" : "http://profiles.ihe.net/PHARM/ihe.pharm.mpd/StructureDefinition/MedicationOrderIHEPWP",
  "baseDefinition" : "http://hl7.org/fhir/StructureDefinition/Base",
  "derivation" : "specialization",
  "snapshot" : {
    "element" : [{
      "id" : "MedicationOrderIHEPWP",
      "path" : "MedicationOrderIHEPWP",
      "short" : "[IHE PHARM White Paper] Logical Model for order",
      "definition" : "A prescription is issued by one ordering healthcare professional for one patient, in the context of zero or one encounter (between the patient and the ordering physician and/or the healthcare institution).",
      "min" : 0,
      "max" : "*",
      "base" : {
        "path" : "Base",
        "min" : 0,
        "max" : "*"
      },
      "isModifier" : false
    },
    {
      "id" : "MedicationOrderIHEPWP.identifier",
      "path" : "MedicationOrderIHEPWP.identifier",
      "short" : "The business identifier(s) for the medication Order",
      "definition" : "The business identifier(s) for the medication order",
      "min" : 0,
      "max" : "1",
      "base" : {
        "path" : "MedicationOrderIHEPWP.identifier",
        "min" : 0,
        "max" : "1"
      },
      "type" : [{
        "code" : "Identifier"
      }]
    },
    {
      "id" : "MedicationOrderIHEPWP.date",
      "path" : "MedicationOrderIHEPWP.date",
      "short" : "When prescription was initially made",
      "definition" : "When prescription was initially made",
      "min" : 0,
      "max" : "1",
      "base" : {
        "path" : "MedicationOrderIHEPWP.date",
        "min" : 0,
        "max" : "1"
      },
      "type" : [{
        "code" : "dateTime"
      }]
    },
    {
      "id" : "MedicationOrderIHEPWP.patient",
      "path" : "MedicationOrderIHEPWP.patient",
      "short" : "The person for which the medication is prescribed.",
      "definition" : "The person for which the medication is prescribed.",
      "min" : 1,
      "max" : "1",
      "base" : {
        "path" : "MedicationOrderIHEPWP.patient",
        "min" : 1,
        "max" : "1"
      },
      "type" : [{
        "code" : "Reference",
        "targetProfile" : ["http://hl7.org/fhir/StructureDefinition/Patient"]
      }]
    },
    {
      "id" : "MedicationOrderIHEPWP.reason",
      "path" : "MedicationOrderIHEPWP.reason",
      "short" : "Reason for prescribing (e.g. diagnosis, prognosis, protocol, clinical assessment …)(may or may not be explicitly stated)",
      "definition" : "Reason for prescribing (e.g. diagnosis, prognosis, protocol, clinical assessment …)(may or may not be explicitly stated)",
      "min" : 0,
      "max" : "*",
      "base" : {
        "path" : "MedicationOrderIHEPWP.reason",
        "min" : 0,
        "max" : "*"
      },
      "type" : [{
        "code" : "Reference",
        "targetProfile" : ["http://hl7.org/fhir/StructureDefinition/Condition",
        "http://hl7.org/fhir/StructureDefinition/Observation"]
      }]
    },
    {
      "id" : "MedicationOrderIHEPWP.note",
      "path" : "MedicationOrderIHEPWP.note",
      "short" : "Additional Information about the prescription",
      "definition" : "Additional Information about the prescription",
      "min" : 0,
      "max" : "*",
      "base" : {
        "path" : "MedicationOrderIHEPWP.note",
        "min" : 0,
        "max" : "*"
      },
      "type" : [{
        "code" : "Annotation"
      }]
    },
    {
      "id" : "MedicationOrderIHEPWP.requester",
      "path" : "MedicationOrderIHEPWP.requester",
      "short" : "Who made the prescription",
      "definition" : "Who made the prescription",
      "min" : 0,
      "max" : "1",
      "base" : {
        "path" : "MedicationOrderIHEPWP.requester",
        "min" : 0,
        "max" : "1"
      },
      "type" : [{
        "code" : "Reference",
        "targetProfile" : ["http://hl7.org/fhir/StructureDefinition/Practitioner"]
      }]
    },
    {
      "id" : "MedicationOrderIHEPWP.status",
      "path" : "MedicationOrderIHEPWP.status",
      "short" : "Status of the prescription ORDERED|PLACED|IN PROGRESS|COMPLETED|CANCELLED|DISCONTINUED|SUSPENDED",
      "definition" : "Status of the prescription ORDERED|PLACED|IN PROGRESS|COMPLETED|CANCELLED|DISCONTINUED|SUSPENDED",
      "min" : 1,
      "max" : "1",
      "base" : {
        "path" : "MedicationOrderIHEPWP.status",
        "min" : 1,
        "max" : "1"
      },
      "type" : [{
        "code" : "code"
      }]
    },
    {
      "id" : "MedicationOrderIHEPWP.prescriptionItem",
      "path" : "MedicationOrderIHEPWP.prescriptionItem",
      "short" : "A prescription item belongs to one prescription and represents one prescribed medication. It may  be associated with one or more observations. Prescription Item is the atomic entity for logistics, distribution and billing.",
      "definition" : "A prescription item belongs to one prescription and represents one prescribed medication. It may  be associated with one or more observations. Prescription Item is the atomic entity for logistics, distribution and billing.",
      "min" : 0,
      "max" : "*",
      "base" : {
        "path" : "MedicationOrderIHEPWP.prescriptionItem",
        "min" : 0,
        "max" : "*"
      },
      "type" : [{
        "code" : "BackboneElement"
      }],
      "constraint" : [{
        "key" : "ele-1",
        "severity" : "error",
        "human" : "All FHIR elements must have a @value or children",
        "expression" : "hasValue() or (children().count() > id.count())",
        "xpath" : "@value|f:*|h:div",
        "source" : "http://hl7.org/fhir/StructureDefinition/Element"
      }]
    },
    {
      "id" : "MedicationOrderIHEPWP.prescriptionItem.id",
      "path" : "MedicationOrderIHEPWP.prescriptionItem.id",
      "representation" : ["xmlAttr"],
      "short" : "Unique id for inter-element referencing",
      "definition" : "Unique id for the element within a resource (for internal references). This may be any string value that does not contain spaces.",
      "min" : 0,
      "max" : "1",
      "base" : {
        "path" : "Element.id",
        "min" : 0,
        "max" : "1"
      },
      "type" : [{
        "extension" : [{
          "url" : "http://hl7.org/fhir/StructureDefinition/structuredefinition-fhir-type",
          "valueUrl" : "string"
        }],
        "code" : "http://hl7.org/fhirpath/System.String"
      }],
      "isModifier" : false,
      "isSummary" : false,
      "mapping" : [{
        "identity" : "rim",
        "map" : "n/a"
      }]
    },
    {
      "id" : "MedicationOrderIHEPWP.prescriptionItem.extension",
      "path" : "MedicationOrderIHEPWP.prescriptionItem.extension",
      "slicing" : {
        "discriminator" : [{
          "type" : "value",
          "path" : "url"
        }],
        "description" : "Extensions are always sliced by (at least) url",
        "rules" : "open"
      },
      "short" : "Additional content defined by implementations",
      "definition" : "May be used to represent additional information that is not part of the basic definition of the element. To make the use of extensions safe and manageable, there is a strict set of governance  applied to the definition and use of extensions. Though any implementer can define an extension, there is a set of requirements that SHALL be met as part of the definition of the extension.",
      "comment" : "There can be no stigma associated with the use of extensions by any application, project, or standard - regardless of the institution or jurisdiction that uses or defines the extensions.  The use of extensions is what allows the FHIR specification to retain a core level of simplicity for everyone.",
      "alias" : ["extensions",
      "user content"],
      "min" : 0,
      "max" : "*",
      "base" : {
        "path" : "Element.extension",
        "min" : 0,
        "max" : "*"
      },
      "type" : [{
        "code" : "Extension"
      }],
      "constraint" : [{
        "key" : "ele-1",
        "severity" : "error",
        "human" : "All FHIR elements must have a @value or children",
        "expression" : "hasValue() or (children().count() > id.count())",
        "xpath" : "@value|f:*|h:div",
        "source" : "http://hl7.org/fhir/StructureDefinition/Element"
      },
      {
        "key" : "ext-1",
        "severity" : "error",
        "human" : "Must have either extensions or value[x], not both",
        "expression" : "extension.exists() != value.exists()",
        "xpath" : "exists(f:extension)!=exists(f:*[starts-with(local-name(.), \"value\")])",
        "source" : "http://hl7.org/fhir/StructureDefinition/Extension"
      }],
      "isModifier" : false,
      "isSummary" : false,
      "mapping" : [{
        "identity" : "rim",
        "map" : "n/a"
      }]
    },
    {
      "id" : "MedicationOrderIHEPWP.prescriptionItem.modifierExtension",
      "path" : "MedicationOrderIHEPWP.prescriptionItem.modifierExtension",
      "short" : "Extensions that cannot be ignored even if unrecognized",
      "definition" : "May be used to represent additional information that is not part of the basic definition of the element and that modifies the understanding of the element in which it is contained and/or the understanding of the containing element's descendants. Usually modifier elements provide negation or qualification. To make the use of extensions safe and manageable, there is a strict set of governance applied to the definition and use of extensions. Though any implementer can define an extension, there is a set of requirements that SHALL be met as part of the definition of the extension. Applications processing a resource are required to check for modifier extensions.\n\nModifier extensions SHALL NOT change the meaning of any elements on Resource or DomainResource (including cannot change the meaning of modifierExtension itself).",
      "comment" : "There can be no stigma associated with the use of extensions by any application, project, or standard - regardless of the institution or jurisdiction that uses or defines the extensions.  The use of extensions is what allows the FHIR specification to retain a core level of simplicity for everyone.",
      "requirements" : "Modifier extensions allow for extensions that *cannot* be safely ignored to be clearly distinguished from the vast majority of extensions which can be safely ignored.  This promotes interoperability by eliminating the need for implementers to prohibit the presence of extensions. For further information, see the [definition of modifier extensions](http://hl7.org/fhir/R4/extensibility.html#modifierExtension).",
      "alias" : ["extensions",
      "user content",
      "modifiers"],
      "min" : 0,
      "max" : "*",
      "base" : {
        "path" : "BackboneElement.modifierExtension",
        "min" : 0,
        "max" : "*"
      },
      "type" : [{
        "code" : "Extension"
      }],
      "constraint" : [{
        "key" : "ele-1",
        "severity" : "error",
        "human" : "All FHIR elements must have a @value or children",
        "expression" : "hasValue() or (children().count() > id.count())",
        "xpath" : "@value|f:*|h:div",
        "source" : "http://hl7.org/fhir/StructureDefinition/Element"
      },
      {
        "key" : "ext-1",
        "severity" : "error",
        "human" : "Must have either extensions or value[x], not both",
        "expression" : "extension.exists() != value.exists()",
        "xpath" : "exists(f:extension)!=exists(f:*[starts-with(local-name(.), \"value\")])",
        "source" : "http://hl7.org/fhir/StructureDefinition/Extension"
      }],
      "isModifier" : true,
      "isModifierReason" : "Modifier extensions are expected to modify the meaning or interpretation of the element that contains them",
      "isSummary" : true,
      "mapping" : [{
        "identity" : "rim",
        "map" : "N/A"
      }]
    },
    {
      "id" : "MedicationOrderIHEPWP.prescriptionItem.prescriptionItemID",
      "path" : "MedicationOrderIHEPWP.prescriptionItem.prescriptionItemID",
      "short" : " Prescription Item ID ",
      "definition" : " Prescription Item ID ",
      "min" : 1,
      "max" : "1",
      "base" : {
        "path" : "MedicationOrderIHEPWP.prescriptionItem.prescriptionItemID",
        "min" : 1,
        "max" : "1"
      },
      "type" : [{
        "code" : "Identifier"
      }]
    },
    {
      "id" : "MedicationOrderIHEPWP.prescriptionItem.treatmentDate",
      "path" : "MedicationOrderIHEPWP.prescriptionItem.treatmentDate",
      "short" : "Beginning date of treatment / length of treatment / End of treatment date ( the date the treatment is due to end) and/or number of renewals ",
      "definition" : "Beginning date of treatment / length of treatment / End of treatment date ( the date the treatment is due to end) and/or number of renewals",
      "min" : 0,
      "max" : "1",
      "base" : {
        "path" : "MedicationOrderIHEPWP.prescriptionItem.treatmentDate",
        "min" : 0,
        "max" : "1"
      },
      "type" : [{
        "code" : "Duration"
      }]
    },
    {
      "id" : "MedicationOrderIHEPWP.prescriptionItem.reasonForPrescribing",
      "path" : "MedicationOrderIHEPWP.prescriptionItem.reasonForPrescribing",
      "short" : "Reason for prescribing (e.g. diagnosis, prognosis, protocol, clinical assessment …)",
      "definition" : "Reason for prescribing (e.g. diagnosis, prognosis, protocol, clinical assessment …)",
      "min" : 0,
      "max" : "1",
      "base" : {
        "path" : "MedicationOrderIHEPWP.prescriptionItem.reasonForPrescribing",
        "min" : 0,
        "max" : "1"
      },
      "type" : [{
        "code" : "string"
      }]
    },
    {
      "id" : "MedicationOrderIHEPWP.prescriptionItem.Frequency",
      "path" : "MedicationOrderIHEPWP.prescriptionItem.Frequency",
      "min" : 0,
      "max" : "1",
      "base" : {
        "path" : "MedicationOrderIHEPWP.prescriptionItem.Frequency",
        "min" : 0,
        "max" : "1"
      },
      "type" : [{
        "code" : "string"
      }]
    },
    {
      "id" : "MedicationOrderIHEPWP.prescriptionItem.substitutionAllowed",
      "path" : "MedicationOrderIHEPWP.prescriptionItem.substitutionAllowed",
      "short" : "Substitution allowed or not (can the pharmacist do a substitution of medication?)",
      "definition" : "Substitution allowed or not (can the pharmacist do a substitution of medication?)",
      "min" : 0,
      "max" : "1",
      "base" : {
        "path" : "MedicationOrderIHEPWP.prescriptionItem.substitutionAllowed",
        "min" : 0,
        "max" : "1"
      },
      "type" : [{
        "code" : "string"
      }]
    },
    {
      "id" : "MedicationOrderIHEPWP.prescriptionItem.route",
      "path" : "MedicationOrderIHEPWP.prescriptionItem.route",
      "short" : "Route of administration",
      "definition" : "Route of administration",
      "min" : 0,
      "max" : "1",
      "base" : {
        "path" : "MedicationOrderIHEPWP.prescriptionItem.route",
        "min" : 0,
        "max" : "1"
      },
      "type" : [{
        "code" : "string"
      }]
    },
    {
      "id" : "MedicationOrderIHEPWP.prescriptionItem.Dosage",
      "path" : "MedicationOrderIHEPWP.prescriptionItem.Dosage",
      "min" : 0,
      "max" : "1",
      "base" : {
        "path" : "MedicationOrderIHEPWP.prescriptionItem.Dosage",
        "min" : 0,
        "max" : "1"
      },
      "type" : [{
        "code" : "string"
      }]
    },
    {
      "id" : "MedicationOrderIHEPWP.prescriptionItem.intakePattern",
      "path" : "MedicationOrderIHEPWP.prescriptionItem.intakePattern",
      "short" : "Intake pattern for the medication",
      "definition" : "Intake pattern for the medication",
      "min" : 0,
      "max" : "1",
      "base" : {
        "path" : "MedicationOrderIHEPWP.prescriptionItem.intakePattern",
        "min" : 0,
        "max" : "1"
      },
      "type" : [{
        "code" : "string"
      }]
    },
    {
      "id" : "MedicationOrderIHEPWP.prescriptionItem.medicalInstructions",
      "path" : "MedicationOrderIHEPWP.prescriptionItem.medicalInstructions",
      "short" : "Diagnosis or reason for prescribing is this similar the 3rd bullet point?",
      "definition" : "Diagnosis or reason for prescribing is this similar the 3rd bullet point?",
      "min" : 0,
      "max" : "1",
      "base" : {
        "path" : "MedicationOrderIHEPWP.prescriptionItem.medicalInstructions",
        "min" : 0,
        "max" : "1"
      },
      "type" : [{
        "code" : "string"
      }]
    },
    {
      "id" : "MedicationOrderIHEPWP.prescriptionItem.alertAboutRestrictions",
      "path" : "MedicationOrderIHEPWP.prescriptionItem.alertAboutRestrictions",
      "short" : "Alert about prescribing restrictions",
      "definition" : "Alert about prescribing restrictions",
      "min" : 0,
      "max" : "1",
      "base" : {
        "path" : "MedicationOrderIHEPWP.prescriptionItem.alertAboutRestrictions",
        "min" : 0,
        "max" : "1"
      },
      "type" : [{
        "code" : "string"
      }]
    },
    {
      "id" : "MedicationOrderIHEPWP.prescriptionItem.relatedtoChronic",
      "path" : "MedicationOrderIHEPWP.prescriptionItem.relatedtoChronic",
      "short" : "Related to a chronic disease or not (listed or unlisted)",
      "definition" : "Related to a chronic disease or not (listed or unlisted)",
      "min" : 0,
      "max" : "1",
      "base" : {
        "path" : "MedicationOrderIHEPWP.prescriptionItem.relatedtoChronic",
        "min" : 0,
        "max" : "1"
      },
      "type" : [{
        "code" : "string"
      }]
    },
    {
      "id" : "MedicationOrderIHEPWP.prescriptionItem.specificFollowUp",
      "path" : "MedicationOrderIHEPWP.prescriptionItem.specificFollowUp",
      "short" : "Specific follow-up elements",
      "definition" : "Specific follow-up elements",
      "min" : 0,
      "max" : "1",
      "base" : {
        "path" : "MedicationOrderIHEPWP.prescriptionItem.specificFollowUp",
        "min" : 0,
        "max" : "1"
      },
      "type" : [{
        "code" : "string"
      }]
    },
    {
      "id" : "MedicationOrderIHEPWP.prescriptionItem.additionalComment",
      "path" : "MedicationOrderIHEPWP.prescriptionItem.additionalComment",
      "short" : "Additional comment (may be used by the prescriber to inform the pharmacist that he is aware of a potential ICA)",
      "definition" : "Additional comment (may be used by the prescriber to inform the pharmacist that he is aware of a potential ICA)",
      "min" : 0,
      "max" : "1",
      "base" : {
        "path" : "MedicationOrderIHEPWP.prescriptionItem.additionalComment",
        "min" : 0,
        "max" : "1"
      },
      "type" : [{
        "code" : "string"
      }]
    },
    {
      "id" : "MedicationOrderIHEPWP.prescriptionItem.status",
      "path" : "MedicationOrderIHEPWP.prescriptionItem.status",
      "short" : "Status (see the “Relevant Standards” chapter)",
      "definition" : "Status (see the “Relevant Standards” chapter)",
      "min" : 0,
      "max" : "1",
      "base" : {
        "path" : "MedicationOrderIHEPWP.prescriptionItem.status",
        "min" : 0,
        "max" : "1"
      },
      "type" : [{
        "code" : "string"
      }]
    }]
  },
  "differential" : {
    "element" : [{
      "id" : "MedicationOrderIHEPWP",
      "path" : "MedicationOrderIHEPWP",
      "short" : "[IHE PHARM White Paper] Logical Model for order",
      "definition" : "A prescription is issued by one ordering healthcare professional for one patient, in the context of zero or one encounter (between the patient and the ordering physician and/or the healthcare institution)."
    },
    {
      "id" : "MedicationOrderIHEPWP.identifier",
      "path" : "MedicationOrderIHEPWP.identifier",
      "short" : "The business identifier(s) for the medication Order",
      "definition" : "The business identifier(s) for the medication order",
      "min" : 0,
      "max" : "1",
      "type" : [{
        "code" : "Identifier"
      }]
    },
    {
      "id" : "MedicationOrderIHEPWP.date",
      "path" : "MedicationOrderIHEPWP.date",
      "short" : "When prescription was initially made",
      "definition" : "When prescription was initially made",
      "min" : 0,
      "max" : "1",
      "type" : [{
        "code" : "dateTime"
      }]
    },
    {
      "id" : "MedicationOrderIHEPWP.patient",
      "path" : "MedicationOrderIHEPWP.patient",
      "short" : "The person for which the medication is prescribed.",
      "definition" : "The person for which the medication is prescribed.",
      "min" : 1,
      "max" : "1",
      "type" : [{
        "code" : "Reference",
        "targetProfile" : ["http://hl7.org/fhir/StructureDefinition/Patient"]
      }]
    },
    {
      "id" : "MedicationOrderIHEPWP.reason",
      "path" : "MedicationOrderIHEPWP.reason",
      "short" : "Reason for prescribing (e.g. diagnosis, prognosis, protocol, clinical assessment …)(may or may not be explicitly stated)",
      "definition" : "Reason for prescribing (e.g. diagnosis, prognosis, protocol, clinical assessment …)(may or may not be explicitly stated)",
      "min" : 0,
      "max" : "*",
      "type" : [{
        "code" : "Reference",
        "targetProfile" : ["http://hl7.org/fhir/StructureDefinition/Condition",
        "http://hl7.org/fhir/StructureDefinition/Observation"]
      }]
    },
    {
      "id" : "MedicationOrderIHEPWP.note",
      "path" : "MedicationOrderIHEPWP.note",
      "short" : "Additional Information about the prescription",
      "definition" : "Additional Information about the prescription",
      "min" : 0,
      "max" : "*",
      "type" : [{
        "code" : "Annotation"
      }]
    },
    {
      "id" : "MedicationOrderIHEPWP.requester",
      "path" : "MedicationOrderIHEPWP.requester",
      "short" : "Who made the prescription",
      "definition" : "Who made the prescription",
      "min" : 0,
      "max" : "1",
      "type" : [{
        "code" : "Reference",
        "targetProfile" : ["http://hl7.org/fhir/StructureDefinition/Practitioner"]
      }]
    },
    {
      "id" : "MedicationOrderIHEPWP.status",
      "path" : "MedicationOrderIHEPWP.status",
      "short" : "Status of the prescription ORDERED|PLACED|IN PROGRESS|COMPLETED|CANCELLED|DISCONTINUED|SUSPENDED",
      "definition" : "Status of the prescription ORDERED|PLACED|IN PROGRESS|COMPLETED|CANCELLED|DISCONTINUED|SUSPENDED",
      "min" : 1,
      "max" : "1",
      "type" : [{
        "code" : "code"
      }]
    },
    {
      "id" : "MedicationOrderIHEPWP.prescriptionItem",
      "path" : "MedicationOrderIHEPWP.prescriptionItem",
      "short" : "A prescription item belongs to one prescription and represents one prescribed medication. It may  be associated with one or more observations. Prescription Item is the atomic entity for logistics, distribution and billing.",
      "definition" : "A prescription item belongs to one prescription and represents one prescribed medication. It may  be associated with one or more observations. Prescription Item is the atomic entity for logistics, distribution and billing.",
      "min" : 0,
      "max" : "*",
      "type" : [{
        "code" : "BackboneElement"
      }]
    },
    {
      "id" : "MedicationOrderIHEPWP.prescriptionItem.prescriptionItemID",
      "path" : "MedicationOrderIHEPWP.prescriptionItem.prescriptionItemID",
      "short" : " Prescription Item ID ",
      "definition" : " Prescription Item ID ",
      "min" : 1,
      "max" : "1",
      "type" : [{
        "code" : "Identifier"
      }]
    },
    {
      "id" : "MedicationOrderIHEPWP.prescriptionItem.treatmentDate",
      "path" : "MedicationOrderIHEPWP.prescriptionItem.treatmentDate",
      "short" : "Beginning date of treatment / length of treatment / End of treatment date ( the date the treatment is due to end) and/or number of renewals ",
      "definition" : "Beginning date of treatment / length of treatment / End of treatment date ( the date the treatment is due to end) and/or number of renewals",
      "min" : 0,
      "max" : "1",
      "type" : [{
        "code" : "Duration"
      }]
    },
    {
      "id" : "MedicationOrderIHEPWP.prescriptionItem.reasonForPrescribing",
      "path" : "MedicationOrderIHEPWP.prescriptionItem.reasonForPrescribing",
      "short" : "Reason for prescribing (e.g. diagnosis, prognosis, protocol, clinical assessment …)",
      "definition" : "Reason for prescribing (e.g. diagnosis, prognosis, protocol, clinical assessment …)",
      "min" : 0,
      "max" : "1",
      "type" : [{
        "code" : "string"
      }]
    },
    {
      "id" : "MedicationOrderIHEPWP.prescriptionItem.Frequency",
      "path" : "MedicationOrderIHEPWP.prescriptionItem.Frequency",
      "min" : 0,
      "max" : "1",
      "type" : [{
        "code" : "string"
      }]
    },
    {
      "id" : "MedicationOrderIHEPWP.prescriptionItem.substitutionAllowed",
      "path" : "MedicationOrderIHEPWP.prescriptionItem.substitutionAllowed",
      "short" : "Substitution allowed or not (can the pharmacist do a substitution of medication?)",
      "definition" : "Substitution allowed or not (can the pharmacist do a substitution of medication?)",
      "min" : 0,
      "max" : "1",
      "type" : [{
        "code" : "string"
      }]
    },
    {
      "id" : "MedicationOrderIHEPWP.prescriptionItem.route",
      "path" : "MedicationOrderIHEPWP.prescriptionItem.route",
      "short" : "Route of administration",
      "definition" : "Route of administration",
      "min" : 0,
      "max" : "1",
      "type" : [{
        "code" : "string"
      }]
    },
    {
      "id" : "MedicationOrderIHEPWP.prescriptionItem.Dosage",
      "path" : "MedicationOrderIHEPWP.prescriptionItem.Dosage",
      "min" : 0,
      "max" : "1",
      "type" : [{
        "code" : "string"
      }]
    },
    {
      "id" : "MedicationOrderIHEPWP.prescriptionItem.intakePattern",
      "path" : "MedicationOrderIHEPWP.prescriptionItem.intakePattern",
      "short" : "Intake pattern for the medication",
      "definition" : "Intake pattern for the medication",
      "min" : 0,
      "max" : "1",
      "type" : [{
        "code" : "string"
      }]
    },
    {
      "id" : "MedicationOrderIHEPWP.prescriptionItem.medicalInstructions",
      "path" : "MedicationOrderIHEPWP.prescriptionItem.medicalInstructions",
      "short" : "Diagnosis or reason for prescribing is this similar the 3rd bullet point?",
      "definition" : "Diagnosis or reason for prescribing is this similar the 3rd bullet point?",
      "min" : 0,
      "max" : "1",
      "type" : [{
        "code" : "string"
      }]
    },
    {
      "id" : "MedicationOrderIHEPWP.prescriptionItem.alertAboutRestrictions",
      "path" : "MedicationOrderIHEPWP.prescriptionItem.alertAboutRestrictions",
      "short" : "Alert about prescribing restrictions",
      "definition" : "Alert about prescribing restrictions",
      "min" : 0,
      "max" : "1",
      "type" : [{
        "code" : "string"
      }]
    },
    {
      "id" : "MedicationOrderIHEPWP.prescriptionItem.relatedtoChronic",
      "path" : "MedicationOrderIHEPWP.prescriptionItem.relatedtoChronic",
      "short" : "Related to a chronic disease or not (listed or unlisted)",
      "definition" : "Related to a chronic disease or not (listed or unlisted)",
      "min" : 0,
      "max" : "1",
      "type" : [{
        "code" : "string"
      }]
    },
    {
      "id" : "MedicationOrderIHEPWP.prescriptionItem.specificFollowUp",
      "path" : "MedicationOrderIHEPWP.prescriptionItem.specificFollowUp",
      "short" : "Specific follow-up elements",
      "definition" : "Specific follow-up elements",
      "min" : 0,
      "max" : "1",
      "type" : [{
        "code" : "string"
      }]
    },
    {
      "id" : "MedicationOrderIHEPWP.prescriptionItem.additionalComment",
      "path" : "MedicationOrderIHEPWP.prescriptionItem.additionalComment",
      "short" : "Additional comment (may be used by the prescriber to inform the pharmacist that he is aware of a potential ICA)",
      "definition" : "Additional comment (may be used by the prescriber to inform the pharmacist that he is aware of a potential ICA)",
      "min" : 0,
      "max" : "1",
      "type" : [{
        "code" : "string"
      }]
    },
    {
      "id" : "MedicationOrderIHEPWP.prescriptionItem.status",
      "path" : "MedicationOrderIHEPWP.prescriptionItem.status",
      "short" : "Status (see the “Relevant Standards” chapter)",
      "definition" : "Status (see the “Relevant Standards” chapter)",
      "min" : 0,
      "max" : "1",
      "type" : [{
        "code" : "string"
      }]
    }]
  }
}