"Id","Path","Slice Name","Alias(s)","Label","Min","Max","Must Support?","Is Modifier?","Is Summary?","Type(s)","Short","Definition","Comments","Requirements","Default Value","Meaning When Missing","Fixed Value","Pattern","Example","Minimum Value","Maximum Value","Maximum Length","Binding Strength","Binding Description","Binding Value Set","Code","Slicing Discriminator","Slicing Description","Slicing Ordered","Slicing Rules","Base Path","Base Min","Base Max","Condition(s)","Constraint(s)","Mapping: RIM Mapping"
"eHDSIePrescription","eHDSIePrescription","","","",0,*,"","","","null {[]} {[]}
","eHDSI ePrescription","","","","","","","","","","",,,,,"",,,,"Base",0,*,"",""
"eHDSIePrescription.patient","eHDSIePrescription.patient","","","",0,1,"","","","BackboneElement {[CanonicalType[http://profiles.ihe.net/PHARM/ihe.pharm.mpd/StructureDefinition/Class]]} {[]}
","","","","","","","","","","","",,,,,"",,,,"eHDSIePrescription.patient",0,1,"","ele-1:All FHIR elements must have a @value or children {hasValue() or (children().count() > id.count())}
"
"eHDSIePrescription.patient.id","eHDSIePrescription.patient.id","","","",0,1,"","","","string {[]} {[]}
","Unique id for inter-element referencing","Unique id for the element within a resource (for internal references). This may be any string value that does not contain spaces.","","","","","","","","","",,,,,"",,,,"Element.id",0,1,"","","n/a"
"eHDSIePrescription.patient.extension","eHDSIePrescription.patient.extension","","extensions
user content","",0,*,"","","","Extension {[]} {[]}
","Additional content defined by implementations","May be used to represent additional information that is not part of the basic definition of the element. To make the use of extensions safe and manageable, there is a strict set of governance  applied to the definition and use of extensions. Though any implementer can define an extension, there is a set of requirements that SHALL be met as part of the definition of the extension.","There can be no stigma associated with the use of extensions by any application, project, or standard - regardless of the institution or jurisdiction that uses or defines the extensions.  The use of extensions is what allows the FHIR specification to retain a core level of simplicity for everyone.","","","","","","","","",,,,,"","value:url}
","Extensions are always sliced by (at least) url",,"open","Element.extension",0,*,"","ele-1:All FHIR elements must have a @value or children {hasValue() or (children().count() > id.count())}
ext-1:Must have either extensions or value[x], not both {extension.exists() != value.exists()}","n/a"
"eHDSIePrescription.patient.modifierExtension","eHDSIePrescription.patient.modifierExtension","","extensions
user contentmodifiers","",0,*,"","Y","Y","Extension {[]} {[]}
","Extensions that cannot be ignored even if unrecognized","May be used to represent additional information that is not part of the basic definition of the element and that modifies the understanding of the element in which it is contained and/or the understanding of the containing element's descendants. Usually modifier elements provide negation or qualification. To make the use of extensions safe and manageable, there is a strict set of governance applied to the definition and use of extensions. Though any implementer can define an extension, there is a set of requirements that SHALL be met as part of the definition of the extension. Applications processing a resource are required to check for modifier extensions.

Modifier extensions SHALL NOT change the meaning of any elements on Resource or DomainResource (including cannot change the meaning of modifierExtension itself).","There can be no stigma associated with the use of extensions by any application, project, or standard - regardless of the institution or jurisdiction that uses or defines the extensions.  The use of extensions is what allows the FHIR specification to retain a core level of simplicity for everyone.","Modifier extensions allow for extensions that *cannot* be safely ignored to be clearly distinguished from the vast majority of extensions which can be safely ignored.  This promotes interoperability by eliminating the need for implementers to prohibit the presence of extensions. For further information, see the [definition of modifier extensions](http://hl7.org/fhir/R4/extensibility.html#modifierExtension).","","","","","","","",,,,,"",,,,"BackboneElement.modifierExtension",0,*,"","ele-1:All FHIR elements must have a @value or children {hasValue() or (children().count() > id.count())}
ext-1:Must have either extensions or value[x], not both {extension.exists() != value.exists()}","N/A"
"eHDSIePrescription.patient.identifier","eHDSIePrescription.patient.identifier","","","",1,*,"","","","Element {[CanonicalType[http://profiles.ihe.net/PHARM/ihe.pharm.mpd/StructureDefinition/II]]} {[]}
","Regional/National Health Identifier","If the patient has a regional or national Health Identification. This field is required by some national laws","","","","","","","","","",,,,,"",,,,"eHDSIePrescription.patient.identifier",1,*,"",""
"eHDSIePrescription.patient.personalInformation","eHDSIePrescription.patient.personalInformation","","","",0,1,"","","","BackboneElement {[CanonicalType[http://profiles.ihe.net/PHARM/ihe.pharm.mpd/StructureDefinition/Class]]} {[]}
","","","","","","","","","","","",,,,,"",,,,"eHDSIePrescription.patient.personalInformation",0,1,"","ele-1:All FHIR elements must have a @value or children {hasValue() or (children().count() > id.count())}
"
"eHDSIePrescription.patient.personalInformation.id","eHDSIePrescription.patient.personalInformation.id","","","",0,1,"","","","string {[]} {[]}
","Unique id for inter-element referencing","Unique id for the element within a resource (for internal references). This may be any string value that does not contain spaces.","","","","","","","","","",,,,,"",,,,"Element.id",0,1,"","","n/a"
"eHDSIePrescription.patient.personalInformation.extension","eHDSIePrescription.patient.personalInformation.extension","","extensions
user content","",0,*,"","","","Extension {[]} {[]}
","Additional content defined by implementations","May be used to represent additional information that is not part of the basic definition of the element. To make the use of extensions safe and manageable, there is a strict set of governance  applied to the definition and use of extensions. Though any implementer can define an extension, there is a set of requirements that SHALL be met as part of the definition of the extension.","There can be no stigma associated with the use of extensions by any application, project, or standard - regardless of the institution or jurisdiction that uses or defines the extensions.  The use of extensions is what allows the FHIR specification to retain a core level of simplicity for everyone.","","","","","","","","",,,,,"","value:url}
","Extensions are always sliced by (at least) url",,"open","Element.extension",0,*,"","ele-1:All FHIR elements must have a @value or children {hasValue() or (children().count() > id.count())}
ext-1:Must have either extensions or value[x], not both {extension.exists() != value.exists()}","n/a"
"eHDSIePrescription.patient.personalInformation.modifierExtension","eHDSIePrescription.patient.personalInformation.modifierExtension","","extensions
user contentmodifiers","",0,*,"","Y","Y","Extension {[]} {[]}
","Extensions that cannot be ignored even if unrecognized","May be used to represent additional information that is not part of the basic definition of the element and that modifies the understanding of the element in which it is contained and/or the understanding of the containing element's descendants. Usually modifier elements provide negation or qualification. To make the use of extensions safe and manageable, there is a strict set of governance applied to the definition and use of extensions. Though any implementer can define an extension, there is a set of requirements that SHALL be met as part of the definition of the extension. Applications processing a resource are required to check for modifier extensions.

Modifier extensions SHALL NOT change the meaning of any elements on Resource or DomainResource (including cannot change the meaning of modifierExtension itself).","There can be no stigma associated with the use of extensions by any application, project, or standard - regardless of the institution or jurisdiction that uses or defines the extensions.  The use of extensions is what allows the FHIR specification to retain a core level of simplicity for everyone.","Modifier extensions allow for extensions that *cannot* be safely ignored to be clearly distinguished from the vast majority of extensions which can be safely ignored.  This promotes interoperability by eliminating the need for implementers to prohibit the presence of extensions. For further information, see the [definition of modifier extensions](http://hl7.org/fhir/R4/extensibility.html#modifierExtension).","","","","","","","",,,,,"",,,,"BackboneElement.modifierExtension",0,*,"","ele-1:All FHIR elements must have a @value or children {hasValue() or (children().count() > id.count())}
ext-1:Must have either extensions or value[x], not both {extension.exists() != value.exists()}","N/A"
"eHDSIePrescription.patient.personalInformation.fullName","eHDSIePrescription.patient.personalInformation.fullName","","","",1,*,"","","","Element {[CanonicalType[http://profiles.ihe.net/PHARM/ihe.pharm.mpd/StructureDefinition/EN]]} {[]}
","The subject's identifying name(s) within the family group or by which the subject is uniquely socially identified [ISO TS 22220].","The subject's identifying name(s) within the family group or by which the subject is uniquely socially identified [ISO TS 22220].","","","","","","","","","",,,,,"",,,,"eHDSIePrescription.patient.personalInformation.fullName",1,*,"","ele-1:All FHIR elements must have a @value or children {hasValue() or (children().count() > id.count())}
"
"eHDSIePrescription.patient.personalInformation.fullName.id","eHDSIePrescription.patient.personalInformation.fullName.id","","","",0,1,"","","","string {[]} {[]}
","Unique id for inter-element referencing","Unique id for the element within a resource (for internal references). This may be any string value that does not contain spaces.","","","","","","","","","",,,,,"",,,,"Element.id",0,1,"","","n/a"
"eHDSIePrescription.patient.personalInformation.fullName.extension","eHDSIePrescription.patient.personalInformation.fullName.extension","","extensions
user content","",0,*,"","","","Extension {[]} {[]}
","Additional content defined by implementations","May be used to represent additional information that is not part of the basic definition of the element. To make the use of extensions safe and manageable, there is a strict set of governance  applied to the definition and use of extensions. Though any implementer can define an extension, there is a set of requirements that SHALL be met as part of the definition of the extension.","There can be no stigma associated with the use of extensions by any application, project, or standard - regardless of the institution or jurisdiction that uses or defines the extensions.  The use of extensions is what allows the FHIR specification to retain a core level of simplicity for everyone.","","","","","","","","",,,,,"","value:url}
","Extensions are always sliced by (at least) url",,"open","Element.extension",0,*,"","ele-1:All FHIR elements must have a @value or children {hasValue() or (children().count() > id.count())}
ext-1:Must have either extensions or value[x], not both {extension.exists() != value.exists()}","n/a"
"eHDSIePrescription.patient.personalInformation.fullName.givenName","eHDSIePrescription.patient.personalInformation.fullName.givenName","","","",1,*,"","","","Element {[CanonicalType[http://profiles.ihe.net/PHARM/ihe.pharm.mpd/StructureDefinition/ST]]} {[]}
","Given Name","The first name of the patient. This field can contain more than one element.","","","","","","","<valueString xmlns=""http://hl7.org/fhir"" value=""Manuel""/>","","",,,,,"",,,,"eHDSIePrescription.patient.personalInformation.fullName.givenName",1,*,"",""
"eHDSIePrescription.patient.personalInformation.fullName.familyName","eHDSIePrescription.patient.personalInformation.fullName.familyName","","","",1,*,"","","","Element {[CanonicalType[http://profiles.ihe.net/PHARM/ihe.pharm.mpd/StructureDefinition/ST]]} {[]}
","Family Name","The surname/s of the patient. This field can contain more than one element.","","","","","","","","","",,,,,"",,,,"eHDSIePrescription.patient.personalInformation.fullName.familyName",1,*,"",""
"eHDSIePrescription.patient.personalInformation.gender","eHDSIePrescription.patient.personalInformation.gender","","","",1,1,"","","","Element {[CanonicalType[http://profiles.ihe.net/PHARM/ihe.pharm.mpd/StructureDefinition/CD]]} {[]}
","Gender","The gender of the patient. Gender is the biological distinction between male and female [ISO TS 22220]. The gender of the patient may be noted on the prescription since this can be important for gender specific effects of drugs, contra-indications etc.","","","","","","","","","",,,,,"",,,,"eHDSIePrescription.patient.personalInformation.gender",1,1,"",""
"eHDSIePrescription.patient.personalInformation.dateOfBirth","eHDSIePrescription.patient.personalInformation.dateOfBirth","","","",1,1,"","","","Element {[CanonicalType[http://profiles.ihe.net/PHARM/ihe.pharm.mpd/StructureDefinition/DT]]} {[]}
","Date of Birth","The date of birth of the patient. Since age affects drug ADMET (absorption, distribution, metabolism, excretion and toxicity) parameters, this is important for the choice of drug and drug dosage. This field may contain only the year, if day and month are not available.","","","","","","","","","",,,,,"",,,,"eHDSIePrescription.patient.personalInformation.dateOfBirth",1,1,"",""
"eHDSIePrescription.patient.insurance","eHDSIePrescription.patient.insurance","","","",0,1,"","","","BackboneElement {[CanonicalType[http://profiles.ihe.net/PHARM/ihe.pharm.mpd/StructureDefinition/Class]]} {[]}
","","","","","","","","","","","",,,,,"",,,,"eHDSIePrescription.patient.insurance",0,1,"","ele-1:All FHIR elements must have a @value or children {hasValue() or (children().count() > id.count())}
"
"eHDSIePrescription.patient.insurance.id","eHDSIePrescription.patient.insurance.id","","","",0,1,"","","","string {[]} {[]}
","Unique id for inter-element referencing","Unique id for the element within a resource (for internal references). This may be any string value that does not contain spaces.","","","","","","","","","",,,,,"",,,,"Element.id",0,1,"","","n/a"
"eHDSIePrescription.patient.insurance.extension","eHDSIePrescription.patient.insurance.extension","","extensions
user content","",0,*,"","","","Extension {[]} {[]}
","Additional content defined by implementations","May be used to represent additional information that is not part of the basic definition of the element. To make the use of extensions safe and manageable, there is a strict set of governance  applied to the definition and use of extensions. Though any implementer can define an extension, there is a set of requirements that SHALL be met as part of the definition of the extension.","There can be no stigma associated with the use of extensions by any application, project, or standard - regardless of the institution or jurisdiction that uses or defines the extensions.  The use of extensions is what allows the FHIR specification to retain a core level of simplicity for everyone.","","","","","","","","",,,,,"","value:url}
","Extensions are always sliced by (at least) url",,"open","Element.extension",0,*,"","ele-1:All FHIR elements must have a @value or children {hasValue() or (children().count() > id.count())}
ext-1:Must have either extensions or value[x], not both {extension.exists() != value.exists()}","n/a"
"eHDSIePrescription.patient.insurance.modifierExtension","eHDSIePrescription.patient.insurance.modifierExtension","","extensions
user contentmodifiers","",0,*,"","Y","Y","Extension {[]} {[]}
","Extensions that cannot be ignored even if unrecognized","May be used to represent additional information that is not part of the basic definition of the element and that modifies the understanding of the element in which it is contained and/or the understanding of the containing element's descendants. Usually modifier elements provide negation or qualification. To make the use of extensions safe and manageable, there is a strict set of governance applied to the definition and use of extensions. Though any implementer can define an extension, there is a set of requirements that SHALL be met as part of the definition of the extension. Applications processing a resource are required to check for modifier extensions.

Modifier extensions SHALL NOT change the meaning of any elements on Resource or DomainResource (including cannot change the meaning of modifierExtension itself).","There can be no stigma associated with the use of extensions by any application, project, or standard - regardless of the institution or jurisdiction that uses or defines the extensions.  The use of extensions is what allows the FHIR specification to retain a core level of simplicity for everyone.","Modifier extensions allow for extensions that *cannot* be safely ignored to be clearly distinguished from the vast majority of extensions which can be safely ignored.  This promotes interoperability by eliminating the need for implementers to prohibit the presence of extensions. For further information, see the [definition of modifier extensions](http://hl7.org/fhir/R4/extensibility.html#modifierExtension).","","","","","","","",,,,,"",,,,"BackboneElement.modifierExtension",0,*,"","ele-1:All FHIR elements must have a @value or children {hasValue() or (children().count() > id.count())}
ext-1:Must have either extensions or value[x], not both {extension.exists() != value.exists()}","N/A"
"eHDSIePrescription.patient.insurance.socialorInsuranceNumber","eHDSIePrescription.patient.insurance.socialorInsuranceNumber","","","",0,1,"","","","Element {[CanonicalType[http://profiles.ihe.net/PHARM/ihe.pharm.mpd/StructureDefinition/Untyped]]} {[]}
","Social/Insurance Number","If a patient has both Regional /National Health ID and Social /Insurance Number, only the Regional/National Health ID is required by law. If the only identification the patient has is the Social /Insurance Number, then this one is considered as the Regional/National Health ID. This field is required by some national laws","Maps to CDA as identifier","","","","","","","","",,,,,"",,,,"eHDSIePrescription.patient.insurance.socialorInsuranceNumber",0,1,"",""
"eHDSIePrescription.patient.prescribingHealthProfessional","eHDSIePrescription.patient.prescribingHealthProfessional","","","",1,*,"","","","BackboneElement {[CanonicalType[http://profiles.ihe.net/PHARM/ihe.pharm.mpd/StructureDefinition/Class]]} {[]}
","HP prescribing the medicine","HP prescribing the medicine","","","","","","","","","",,,,,"",,,,"eHDSIePrescription.patient.prescribingHealthProfessional",1,*,"","ele-1:All FHIR elements must have a @value or children {hasValue() or (children().count() > id.count())}
"
"eHDSIePrescription.patient.prescribingHealthProfessional.id","eHDSIePrescription.patient.prescribingHealthProfessional.id","","","",0,1,"","","","string {[]} {[]}
","Unique id for inter-element referencing","Unique id for the element within a resource (for internal references). This may be any string value that does not contain spaces.","","","","","","","","","",,,,,"",,,,"Element.id",0,1,"","","n/a"
"eHDSIePrescription.patient.prescribingHealthProfessional.extension","eHDSIePrescription.patient.prescribingHealthProfessional.extension","","extensions
user content","",0,*,"","","","Extension {[]} {[]}
","Additional content defined by implementations","May be used to represent additional information that is not part of the basic definition of the element. To make the use of extensions safe and manageable, there is a strict set of governance  applied to the definition and use of extensions. Though any implementer can define an extension, there is a set of requirements that SHALL be met as part of the definition of the extension.","There can be no stigma associated with the use of extensions by any application, project, or standard - regardless of the institution or jurisdiction that uses or defines the extensions.  The use of extensions is what allows the FHIR specification to retain a core level of simplicity for everyone.","","","","","","","","",,,,,"","value:url}
","Extensions are always sliced by (at least) url",,"open","Element.extension",0,*,"","ele-1:All FHIR elements must have a @value or children {hasValue() or (children().count() > id.count())}
ext-1:Must have either extensions or value[x], not both {extension.exists() != value.exists()}","n/a"
"eHDSIePrescription.patient.prescribingHealthProfessional.modifierExtension","eHDSIePrescription.patient.prescribingHealthProfessional.modifierExtension","","extensions
user contentmodifiers","",0,*,"","Y","Y","Extension {[]} {[]}
","Extensions that cannot be ignored even if unrecognized","May be used to represent additional information that is not part of the basic definition of the element and that modifies the understanding of the element in which it is contained and/or the understanding of the containing element's descendants. Usually modifier elements provide negation or qualification. To make the use of extensions safe and manageable, there is a strict set of governance applied to the definition and use of extensions. Though any implementer can define an extension, there is a set of requirements that SHALL be met as part of the definition of the extension. Applications processing a resource are required to check for modifier extensions.

Modifier extensions SHALL NOT change the meaning of any elements on Resource or DomainResource (including cannot change the meaning of modifierExtension itself).","There can be no stigma associated with the use of extensions by any application, project, or standard - regardless of the institution or jurisdiction that uses or defines the extensions.  The use of extensions is what allows the FHIR specification to retain a core level of simplicity for everyone.","Modifier extensions allow for extensions that *cannot* be safely ignored to be clearly distinguished from the vast majority of extensions which can be safely ignored.  This promotes interoperability by eliminating the need for implementers to prohibit the presence of extensions. For further information, see the [definition of modifier extensions](http://hl7.org/fhir/R4/extensibility.html#modifierExtension).","","","","","","","",,,,,"",,,,"BackboneElement.modifierExtension",0,*,"","ele-1:All FHIR elements must have a @value or children {hasValue() or (children().count() > id.count())}
ext-1:Must have either extensions or value[x], not both {extension.exists() != value.exists()}","N/A"
"eHDSIePrescription.patient.prescribingHealthProfessional.identifier","eHDSIePrescription.patient.prescribingHealthProfessional.identifier","","","",1,*,"","","","Element {[CanonicalType[http://profiles.ihe.net/PHARM/ihe.pharm.mpd/StructureDefinition/II]]} {[]}
","HP Identifier","The identification of the person as health professional (the HP prescribing the medicine to the patient). A unique number or code issued for the purpose of identifying a health care provider [ISO/TS 27527: 2010]; this may be a licence or registration number which can be used to trace the HP and to check whether a drug was prescribed by the right person according to the law.","","","","","","","","","",,,,,"",,,,"eHDSIePrescription.patient.prescribingHealthProfessional.identifier",1,*,"",""
"eHDSIePrescription.patient.prescribingHealthProfessional.personalInformation","eHDSIePrescription.patient.prescribingHealthProfessional.personalInformation","","","",0,1,"","","","BackboneElement {[CanonicalType[http://profiles.ihe.net/PHARM/ihe.pharm.mpd/StructureDefinition/Class]]} {[]}
","","","","","","","","","","","",,,,,"",,,,"eHDSIePrescription.patient.prescribingHealthProfessional.personalInformation",0,1,"","ele-1:All FHIR elements must have a @value or children {hasValue() or (children().count() > id.count())}
"
"eHDSIePrescription.patient.prescribingHealthProfessional.personalInformation.id","eHDSIePrescription.patient.prescribingHealthProfessional.personalInformation.id","","","",0,1,"","","","string {[]} {[]}
","Unique id for inter-element referencing","Unique id for the element within a resource (for internal references). This may be any string value that does not contain spaces.","","","","","","","","","",,,,,"",,,,"Element.id",0,1,"","","n/a"
"eHDSIePrescription.patient.prescribingHealthProfessional.personalInformation.extension","eHDSIePrescription.patient.prescribingHealthProfessional.personalInformation.extension","","extensions
user content","",0,*,"","","","Extension {[]} {[]}
","Additional content defined by implementations","May be used to represent additional information that is not part of the basic definition of the element. To make the use of extensions safe and manageable, there is a strict set of governance  applied to the definition and use of extensions. Though any implementer can define an extension, there is a set of requirements that SHALL be met as part of the definition of the extension.","There can be no stigma associated with the use of extensions by any application, project, or standard - regardless of the institution or jurisdiction that uses or defines the extensions.  The use of extensions is what allows the FHIR specification to retain a core level of simplicity for everyone.","","","","","","","","",,,,,"","value:url}
","Extensions are always sliced by (at least) url",,"open","Element.extension",0,*,"","ele-1:All FHIR elements must have a @value or children {hasValue() or (children().count() > id.count())}
ext-1:Must have either extensions or value[x], not both {extension.exists() != value.exists()}","n/a"
"eHDSIePrescription.patient.prescribingHealthProfessional.personalInformation.modifierExtension","eHDSIePrescription.patient.prescribingHealthProfessional.personalInformation.modifierExtension","","extensions
user contentmodifiers","",0,*,"","Y","Y","Extension {[]} {[]}
","Extensions that cannot be ignored even if unrecognized","May be used to represent additional information that is not part of the basic definition of the element and that modifies the understanding of the element in which it is contained and/or the understanding of the containing element's descendants. Usually modifier elements provide negation or qualification. To make the use of extensions safe and manageable, there is a strict set of governance applied to the definition and use of extensions. Though any implementer can define an extension, there is a set of requirements that SHALL be met as part of the definition of the extension. Applications processing a resource are required to check for modifier extensions.

Modifier extensions SHALL NOT change the meaning of any elements on Resource or DomainResource (including cannot change the meaning of modifierExtension itself).","There can be no stigma associated with the use of extensions by any application, project, or standard - regardless of the institution or jurisdiction that uses or defines the extensions.  The use of extensions is what allows the FHIR specification to retain a core level of simplicity for everyone.","Modifier extensions allow for extensions that *cannot* be safely ignored to be clearly distinguished from the vast majority of extensions which can be safely ignored.  This promotes interoperability by eliminating the need for implementers to prohibit the presence of extensions. For further information, see the [definition of modifier extensions](http://hl7.org/fhir/R4/extensibility.html#modifierExtension).","","","","","","","",,,,,"",,,,"BackboneElement.modifierExtension",0,*,"","ele-1:All FHIR elements must have a @value or children {hasValue() or (children().count() > id.count())}
ext-1:Must have either extensions or value[x], not both {extension.exists() != value.exists()}","N/A"
"eHDSIePrescription.patient.prescribingHealthProfessional.personalInformation.fullName","eHDSIePrescription.patient.prescribingHealthProfessional.personalInformation.fullName","","","",1,1,"","","","Element {[CanonicalType[http://profiles.ihe.net/PHARM/ihe.pharm.mpd/StructureDefinition/EN]]} {[]}
","The subject's identifying name(s) within the family group or by which the subject is uniquely socially identified [ISO TS 22220].","The subject's identifying name(s) within the family group or by which the subject is uniquely socially identified [ISO TS 22220].","","","","","","","","","",,,,,"",,,,"eHDSIePrescription.patient.prescribingHealthProfessional.personalInformation.fullName",1,1,"","ele-1:All FHIR elements must have a @value or children {hasValue() or (children().count() > id.count())}
"
"eHDSIePrescription.patient.prescribingHealthProfessional.personalInformation.fullName.id","eHDSIePrescription.patient.prescribingHealthProfessional.personalInformation.fullName.id","","","",0,1,"","","","string {[]} {[]}
","Unique id for inter-element referencing","Unique id for the element within a resource (for internal references). This may be any string value that does not contain spaces.","","","","","","","","","",,,,,"",,,,"Element.id",0,1,"","","n/a"
"eHDSIePrescription.patient.prescribingHealthProfessional.personalInformation.fullName.extension","eHDSIePrescription.patient.prescribingHealthProfessional.personalInformation.fullName.extension","","extensions
user content","",0,*,"","","","Extension {[]} {[]}
","Additional content defined by implementations","May be used to represent additional information that is not part of the basic definition of the element. To make the use of extensions safe and manageable, there is a strict set of governance  applied to the definition and use of extensions. Though any implementer can define an extension, there is a set of requirements that SHALL be met as part of the definition of the extension.","There can be no stigma associated with the use of extensions by any application, project, or standard - regardless of the institution or jurisdiction that uses or defines the extensions.  The use of extensions is what allows the FHIR specification to retain a core level of simplicity for everyone.","","","","","","","","",,,,,"","value:url}
","Extensions are always sliced by (at least) url",,"open","Element.extension",0,*,"","ele-1:All FHIR elements must have a @value or children {hasValue() or (children().count() > id.count())}
ext-1:Must have either extensions or value[x], not both {extension.exists() != value.exists()}","n/a"
"eHDSIePrescription.patient.prescribingHealthProfessional.personalInformation.fullName.givenName","eHDSIePrescription.patient.prescribingHealthProfessional.personalInformation.fullName.givenName","","","",1,*,"","","","Element {[CanonicalType[http://profiles.ihe.net/PHARM/ihe.pharm.mpd/StructureDefinition/ST]]} {[]}
","Given Name","The first name of the HP prescribing the medicine to the patient. This field can contain more than one element.","","","","","","","<valueString xmlns=""http://hl7.org/fhir"" value=""Oscar""/>","","",,,,,"",,,,"eHDSIePrescription.patient.prescribingHealthProfessional.personalInformation.fullName.givenName",1,*,"",""
"eHDSIePrescription.patient.prescribingHealthProfessional.personalInformation.fullName.familyName","eHDSIePrescription.patient.prescribingHealthProfessional.personalInformation.fullName.familyName","","","",1,*,"","","","Element {[CanonicalType[http://profiles.ihe.net/PHARM/ihe.pharm.mpd/StructureDefinition/ST]]} {[]}
","Family Name","The surname/s of the HP prescribing the medicine to the patient. This  field  can  contain  more than one element.","","","","","","","","","",,,,,"",,,,"eHDSIePrescription.patient.prescribingHealthProfessional.personalInformation.fullName.familyName",1,*,"",""
"eHDSIePrescription.patient.prescribingHealthProfessional.personalInformation.professionOrSpecialty","eHDSIePrescription.patient.prescribingHealthProfessional.personalInformation.professionOrSpecialty","","","",1,1,"","","","Element {[CanonicalType[http://profiles.ihe.net/PHARM/ihe.pharm.mpd/StructureDefinition/CD]]} {[]}
","Profession or Specialty","The profession or field of practice of the HP prescribing the medicine.","","","","","","","<valueString xmlns=""http://hl7.org/fhir"" value=""Dentists""/>","","",,,,,"",,,,"eHDSIePrescription.patient.prescribingHealthProfessional.personalInformation.professionOrSpecialty",1,1,"",""
"eHDSIePrescription.patient.prescribingHealthProfessional.hpFacilityAddress","eHDSIePrescription.patient.prescribingHealthProfessional.hpFacilityAddress","","","",1,*,"","","","Element {[CanonicalType[http://profiles.ihe.net/PHARM/ihe.pharm.mpd/StructureDefinition/AD]]} {[]}
","HP Facility Address","The place where the HP prescribing the medicine made the prescription","","","","","","","","","",,,,,"",,,,"eHDSIePrescription.patient.prescribingHealthProfessional.hpFacilityAddress",1,*,"","ele-1:All FHIR elements must have a @value or children {hasValue() or (children().count() > id.count())}
"
"eHDSIePrescription.patient.prescribingHealthProfessional.hpFacilityAddress.id","eHDSIePrescription.patient.prescribingHealthProfessional.hpFacilityAddress.id","","","",0,1,"","","","string {[]} {[]}
","Unique id for inter-element referencing","Unique id for the element within a resource (for internal references). This may be any string value that does not contain spaces.","","","","","","","","","",,,,,"",,,,"Element.id",0,1,"","","n/a"
"eHDSIePrescription.patient.prescribingHealthProfessional.hpFacilityAddress.extension","eHDSIePrescription.patient.prescribingHealthProfessional.hpFacilityAddress.extension","","extensions
user content","",0,*,"","","","Extension {[]} {[]}
","Additional content defined by implementations","May be used to represent additional information that is not part of the basic definition of the element. To make the use of extensions safe and manageable, there is a strict set of governance  applied to the definition and use of extensions. Though any implementer can define an extension, there is a set of requirements that SHALL be met as part of the definition of the extension.","There can be no stigma associated with the use of extensions by any application, project, or standard - regardless of the institution or jurisdiction that uses or defines the extensions.  The use of extensions is what allows the FHIR specification to retain a core level of simplicity for everyone.","","","","","","","","",,,,,"","value:url}
","Extensions are always sliced by (at least) url",,"open","Element.extension",0,*,"","ele-1:All FHIR elements must have a @value or children {hasValue() or (children().count() > id.count())}
ext-1:Must have either extensions or value[x], not both {extension.exists() != value.exists()}","n/a"
"eHDSIePrescription.patient.prescribingHealthProfessional.hpFacilityAddress.streetAddress","eHDSIePrescription.patient.prescribingHealthProfessional.hpFacilityAddress.streetAddress","","","",0,1,"","","","Element {[CanonicalType[http://profiles.ihe.net/PHARM/ihe.pharm.mpd/StructureDefinition/ST]]} {[]}
","Street Address","The street of the place where the HP prescribing the medicine made the prescription.","","","","","","","","","",,,,,"",,,,"eHDSIePrescription.patient.prescribingHealthProfessional.hpFacilityAddress.streetAddress",0,1,"",""
"eHDSIePrescription.patient.prescribingHealthProfessional.hpFacilityAddress.city","eHDSIePrescription.patient.prescribingHealthProfessional.hpFacilityAddress.city","","","",0,1,"","","","Element {[CanonicalType[http://profiles.ihe.net/PHARM/ihe.pharm.mpd/StructureDefinition/ST]]} {[]}
","City","The city of the place where the HP prescribing the medicine made the prescription.","","","","","","","","","",,,,,"",,,,"eHDSIePrescription.patient.prescribingHealthProfessional.hpFacilityAddress.city",0,1,"",""
"eHDSIePrescription.patient.prescribingHealthProfessional.hpFacilityAddress.postalCode","eHDSIePrescription.patient.prescribingHealthProfessional.hpFacilityAddress.postalCode","","","",0,1,"","","","Element {[CanonicalType[http://profiles.ihe.net/PHARM/ihe.pharm.mpd/StructureDefinition/ST]]} {[]}
","ZIP or Postal Code","The postal code of the place where the HP prescribing the medicine made the prescription","","","","","","","","","",,,,,"",,,,"eHDSIePrescription.patient.prescribingHealthProfessional.hpFacilityAddress.postalCode",0,1,"",""
"eHDSIePrescription.patient.prescribingHealthProfessional.hpFacilityAddress.stateProvince","eHDSIePrescription.patient.prescribingHealthProfessional.hpFacilityAddress.stateProvince","","","",0,1,"","","","Element {[CanonicalType[http://profiles.ihe.net/PHARM/ihe.pharm.mpd/StructureDefinition/ST]]} {[]}
","State or Province","The province of the place where the HP prescribing the medicine made the prescription.","","","","","","","","","",,,,,"",,,,"eHDSIePrescription.patient.prescribingHealthProfessional.hpFacilityAddress.stateProvince",0,1,"",""
"eHDSIePrescription.patient.prescribingHealthProfessional.hpFacilityAddress.country","eHDSIePrescription.patient.prescribingHealthProfessional.hpFacilityAddress.country","","","",1,1,"","","","Element {[CanonicalType[http://profiles.ihe.net/PHARM/ihe.pharm.mpd/StructureDefinition/ST]]} {[]}
","Country","The country where the prescription was made.","","","","","","","","","",,,,,"",,,,"eHDSIePrescription.patient.prescribingHealthProfessional.hpFacilityAddress.country",1,1,"",""
"eHDSIePrescription.patient.prescribingHealthProfessional.hpFacilityAddress.telephone","eHDSIePrescription.patient.prescribingHealthProfessional.hpFacilityAddress.telephone","","","",0,1,"","","","Element {[CanonicalType[http://profiles.ihe.net/PHARM/ihe.pharm.mpd/StructureDefinition/ST]]} {[]}
","Telephone","Telephone","","","","","","","","","",,,,,"",,,,"eHDSIePrescription.patient.prescribingHealthProfessional.hpFacilityAddress.telephone",0,1,"",""
"eHDSIePrescription.patient.prescribingHealthProfessional.hpFacilityAddress.email","eHDSIePrescription.patient.prescribingHealthProfessional.hpFacilityAddress.email","","","",0,*,"","","","Element {[CanonicalType[http://profiles.ihe.net/PHARM/ihe.pharm.mpd/StructureDefinition/ST]]} {[]}
","E-mail","The contact e-mail of the facility or of the HP prescribing the medicine.","","","","","","","","","",,,,,"",,,,"eHDSIePrescription.patient.prescribingHealthProfessional.hpFacilityAddress.email",0,*,"",""
"eHDSIePrescription.patient.prescribingHealthProfessional.organization","eHDSIePrescription.patient.prescribingHealthProfessional.organization","","","",1,1,"","","","BackboneElement {[CanonicalType[http://profiles.ihe.net/PHARM/ihe.pharm.mpd/StructureDefinition/Class]]} {[]}
","Healthcare provider organization (HCPO)","The healthcare provider organization of the HP prescribing the medicine.","","","","","","","","","",,,,,"",,,,"eHDSIePrescription.patient.prescribingHealthProfessional.organization",1,1,"","ele-1:All FHIR elements must have a @value or children {hasValue() or (children().count() > id.count())}
"
"eHDSIePrescription.patient.prescribingHealthProfessional.organization.id","eHDSIePrescription.patient.prescribingHealthProfessional.organization.id","","","",0,1,"","","","string {[]} {[]}
","Unique id for inter-element referencing","Unique id for the element within a resource (for internal references). This may be any string value that does not contain spaces.","","","","","","","","","",,,,,"",,,,"Element.id",0,1,"","","n/a"
"eHDSIePrescription.patient.prescribingHealthProfessional.organization.extension","eHDSIePrescription.patient.prescribingHealthProfessional.organization.extension","","extensions
user content","",0,*,"","","","Extension {[]} {[]}
","Additional content defined by implementations","May be used to represent additional information that is not part of the basic definition of the element. To make the use of extensions safe and manageable, there is a strict set of governance  applied to the definition and use of extensions. Though any implementer can define an extension, there is a set of requirements that SHALL be met as part of the definition of the extension.","There can be no stigma associated with the use of extensions by any application, project, or standard - regardless of the institution or jurisdiction that uses or defines the extensions.  The use of extensions is what allows the FHIR specification to retain a core level of simplicity for everyone.","","","","","","","","",,,,,"","value:url}
","Extensions are always sliced by (at least) url",,"open","Element.extension",0,*,"","ele-1:All FHIR elements must have a @value or children {hasValue() or (children().count() > id.count())}
ext-1:Must have either extensions or value[x], not both {extension.exists() != value.exists()}","n/a"
"eHDSIePrescription.patient.prescribingHealthProfessional.organization.modifierExtension","eHDSIePrescription.patient.prescribingHealthProfessional.organization.modifierExtension","","extensions
user contentmodifiers","",0,*,"","Y","Y","Extension {[]} {[]}
","Extensions that cannot be ignored even if unrecognized","May be used to represent additional information that is not part of the basic definition of the element and that modifies the understanding of the element in which it is contained and/or the understanding of the containing element's descendants. Usually modifier elements provide negation or qualification. To make the use of extensions safe and manageable, there is a strict set of governance applied to the definition and use of extensions. Though any implementer can define an extension, there is a set of requirements that SHALL be met as part of the definition of the extension. Applications processing a resource are required to check for modifier extensions.

Modifier extensions SHALL NOT change the meaning of any elements on Resource or DomainResource (including cannot change the meaning of modifierExtension itself).","There can be no stigma associated with the use of extensions by any application, project, or standard - regardless of the institution or jurisdiction that uses or defines the extensions.  The use of extensions is what allows the FHIR specification to retain a core level of simplicity for everyone.","Modifier extensions allow for extensions that *cannot* be safely ignored to be clearly distinguished from the vast majority of extensions which can be safely ignored.  This promotes interoperability by eliminating the need for implementers to prohibit the presence of extensions. For further information, see the [definition of modifier extensions](http://hl7.org/fhir/R4/extensibility.html#modifierExtension).","","","","","","","",,,,,"",,,,"BackboneElement.modifierExtension",0,*,"","ele-1:All FHIR elements must have a @value or children {hasValue() or (children().count() > id.count())}
ext-1:Must have either extensions or value[x], not both {extension.exists() != value.exists()}","N/A"
"eHDSIePrescription.patient.prescribingHealthProfessional.organization.name","eHDSIePrescription.patient.prescribingHealthProfessional.organization.name","","","",1,1,"","","","Element {[CanonicalType[http://profiles.ihe.net/PHARM/ihe.pharm.mpd/StructureDefinition/ST]]} {[]}
","Organization Name","The name of the healthcare provider organization of the HP prescribing the medicine.","Note: This is not a field, but a block of information made up of the following fields. This might not be in the data set, but this information needs to be available for the process traceability.","","","","","","","","",,,,,"",,,,"eHDSIePrescription.patient.prescribingHealthProfessional.organization.name",1,1,"",""
"eHDSIePrescription.patient.prescribingHealthProfessional.organization.identifier","eHDSIePrescription.patient.prescribingHealthProfessional.organization.identifier","","","",1,1,"","","","Element {[CanonicalType[http://profiles.ihe.net/PHARM/ihe.pharm.mpd/StructureDefinition/II]]} {[]}
","Organization Identifier","The identification of the healthcare provider organization of the HP prescribing the medicine. This filed can be numbers and/or letters.","","","","","","","","","",,,,,"",,,,"eHDSIePrescription.patient.prescribingHealthProfessional.organization.identifier",1,1,"",""
"eHDSIePrescription.prescriptionClinicalData","eHDSIePrescription.prescriptionClinicalData","","","",1,1,"","","","BackboneElement {[CanonicalType[http://profiles.ihe.net/PHARM/ihe.pharm.mpd/StructureDefinition/Class]]} {[]}
","Prescription","PRESCRIPTION CLINICAL DATA","","","","","","","","","",,,,,"",,,,"eHDSIePrescription.prescriptionClinicalData",1,1,"","ele-1:All FHIR elements must have a @value or children {hasValue() or (children().count() > id.count())}
"
"eHDSIePrescription.prescriptionClinicalData.id","eHDSIePrescription.prescriptionClinicalData.id","","","",0,1,"","","","string {[]} {[]}
","Unique id for inter-element referencing","Unique id for the element within a resource (for internal references). This may be any string value that does not contain spaces.","","","","","","","","","",,,,,"",,,,"Element.id",0,1,"","","n/a"
"eHDSIePrescription.prescriptionClinicalData.extension","eHDSIePrescription.prescriptionClinicalData.extension","","extensions
user content","",0,*,"","","","Extension {[]} {[]}
","Additional content defined by implementations","May be used to represent additional information that is not part of the basic definition of the element. To make the use of extensions safe and manageable, there is a strict set of governance  applied to the definition and use of extensions. Though any implementer can define an extension, there is a set of requirements that SHALL be met as part of the definition of the extension.","There can be no stigma associated with the use of extensions by any application, project, or standard - regardless of the institution or jurisdiction that uses or defines the extensions.  The use of extensions is what allows the FHIR specification to retain a core level of simplicity for everyone.","","","","","","","","",,,,,"","value:url}
","Extensions are always sliced by (at least) url",,"open","Element.extension",0,*,"","ele-1:All FHIR elements must have a @value or children {hasValue() or (children().count() > id.count())}
ext-1:Must have either extensions or value[x], not both {extension.exists() != value.exists()}","n/a"
"eHDSIePrescription.prescriptionClinicalData.modifierExtension","eHDSIePrescription.prescriptionClinicalData.modifierExtension","","extensions
user contentmodifiers","",0,*,"","Y","Y","Extension {[]} {[]}
","Extensions that cannot be ignored even if unrecognized","May be used to represent additional information that is not part of the basic definition of the element and that modifies the understanding of the element in which it is contained and/or the understanding of the containing element's descendants. Usually modifier elements provide negation or qualification. To make the use of extensions safe and manageable, there is a strict set of governance applied to the definition and use of extensions. Though any implementer can define an extension, there is a set of requirements that SHALL be met as part of the definition of the extension. Applications processing a resource are required to check for modifier extensions.

Modifier extensions SHALL NOT change the meaning of any elements on Resource or DomainResource (including cannot change the meaning of modifierExtension itself).","There can be no stigma associated with the use of extensions by any application, project, or standard - regardless of the institution or jurisdiction that uses or defines the extensions.  The use of extensions is what allows the FHIR specification to retain a core level of simplicity for everyone.","Modifier extensions allow for extensions that *cannot* be safely ignored to be clearly distinguished from the vast majority of extensions which can be safely ignored.  This promotes interoperability by eliminating the need for implementers to prohibit the presence of extensions. For further information, see the [definition of modifier extensions](http://hl7.org/fhir/R4/extensibility.html#modifierExtension).","","","","","","","",,,,,"",,,,"BackboneElement.modifierExtension",0,*,"","ele-1:All FHIR elements must have a @value or children {hasValue() or (children().count() > id.count())}
ext-1:Must have either extensions or value[x], not both {extension.exists() != value.exists()}","N/A"
"eHDSIePrescription.prescriptionClinicalData.prescriptionIdentifier","eHDSIePrescription.prescriptionClinicalData.prescriptionIdentifier","","","",1,1,"","","","Element {[CanonicalType[http://profiles.ihe.net/PHARM/ihe.pharm.mpd/StructureDefinition/II]]} {[]}
","Prescription identifier","Identification of the prescription.","","","","","","","","","",,,,,"",,,,"eHDSIePrescription.prescriptionClinicalData.prescriptionIdentifier",1,1,"",""
"eHDSIePrescription.prescriptionClinicalData.medicinalProduct","eHDSIePrescription.prescriptionClinicalData.medicinalProduct","","","",0,1,"","","","BackboneElement {[CanonicalType[http://profiles.ihe.net/PHARM/ihe.pharm.mpd/StructureDefinition/Class]]} {[]}
","","","The attribute can be used to contain the MPID (Medicinal Product Identifier), the EMA PMS ID of the ISO IDMP Standards or an (inter)national equivalent code. Some countries like Denmark and Sweden might have the same medicinal product identifier","","","","","","","","",,,,,"",,,,"eHDSIePrescription.prescriptionClinicalData.medicinalProduct",0,1,"","ele-1:All FHIR elements must have a @value or children {hasValue() or (children().count() > id.count())}
"
"eHDSIePrescription.prescriptionClinicalData.medicinalProduct.id","eHDSIePrescription.prescriptionClinicalData.medicinalProduct.id","","","",0,1,"","","","string {[]} {[]}
","Unique id for inter-element referencing","Unique id for the element within a resource (for internal references). This may be any string value that does not contain spaces.","","","","","","","","","",,,,,"",,,,"Element.id",0,1,"","","n/a"
"eHDSIePrescription.prescriptionClinicalData.medicinalProduct.extension","eHDSIePrescription.prescriptionClinicalData.medicinalProduct.extension","","extensions
user content","",0,*,"","","","Extension {[]} {[]}
","Additional content defined by implementations","May be used to represent additional information that is not part of the basic definition of the element. To make the use of extensions safe and manageable, there is a strict set of governance  applied to the definition and use of extensions. Though any implementer can define an extension, there is a set of requirements that SHALL be met as part of the definition of the extension.","There can be no stigma associated with the use of extensions by any application, project, or standard - regardless of the institution or jurisdiction that uses or defines the extensions.  The use of extensions is what allows the FHIR specification to retain a core level of simplicity for everyone.","","","","","","","","",,,,,"","value:url}
","Extensions are always sliced by (at least) url",,"open","Element.extension",0,*,"","ele-1:All FHIR elements must have a @value or children {hasValue() or (children().count() > id.count())}
ext-1:Must have either extensions or value[x], not both {extension.exists() != value.exists()}","n/a"
"eHDSIePrescription.prescriptionClinicalData.medicinalProduct.modifierExtension","eHDSIePrescription.prescriptionClinicalData.medicinalProduct.modifierExtension","","extensions
user contentmodifiers","",0,*,"","Y","Y","Extension {[]} {[]}
","Extensions that cannot be ignored even if unrecognized","May be used to represent additional information that is not part of the basic definition of the element and that modifies the understanding of the element in which it is contained and/or the understanding of the containing element's descendants. Usually modifier elements provide negation or qualification. To make the use of extensions safe and manageable, there is a strict set of governance applied to the definition and use of extensions. Though any implementer can define an extension, there is a set of requirements that SHALL be met as part of the definition of the extension. Applications processing a resource are required to check for modifier extensions.

Modifier extensions SHALL NOT change the meaning of any elements on Resource or DomainResource (including cannot change the meaning of modifierExtension itself).","There can be no stigma associated with the use of extensions by any application, project, or standard - regardless of the institution or jurisdiction that uses or defines the extensions.  The use of extensions is what allows the FHIR specification to retain a core level of simplicity for everyone.","Modifier extensions allow for extensions that *cannot* be safely ignored to be clearly distinguished from the vast majority of extensions which can be safely ignored.  This promotes interoperability by eliminating the need for implementers to prohibit the presence of extensions. For further information, see the [definition of modifier extensions](http://hl7.org/fhir/R4/extensibility.html#modifierExtension).","","","","","","","",,,,,"",,,,"BackboneElement.modifierExtension",0,*,"","ele-1:All FHIR elements must have a @value or children {hasValue() or (children().count() > id.count())}
ext-1:Must have either extensions or value[x], not both {extension.exists() != value.exists()}","N/A"
"eHDSIePrescription.prescriptionClinicalData.medicinalProduct.medicinalProduct","eHDSIePrescription.prescriptionClinicalData.medicinalProduct.medicinalProduct","","","",0,1,"","","","BackboneElement {[CanonicalType[http://profiles.ihe.net/PHARM/ihe.pharm.mpd/StructureDefinition/Class]]} {[]}
","Medicinal Product","Medicinal Product","","","","","","","","","",,,,,"",,,,"eHDSIePrescription.prescriptionClinicalData.medicinalProduct.medicinalProduct",0,1,"","ele-1:All FHIR elements must have a @value or children {hasValue() or (children().count() > id.count())}
"
"eHDSIePrescription.prescriptionClinicalData.medicinalProduct.medicinalProduct.id","eHDSIePrescription.prescriptionClinicalData.medicinalProduct.medicinalProduct.id","","","",0,1,"","","","string {[]} {[]}
","Unique id for inter-element referencing","Unique id for the element within a resource (for internal references). This may be any string value that does not contain spaces.","","","","","","","","","",,,,,"",,,,"Element.id",0,1,"","","n/a"
"eHDSIePrescription.prescriptionClinicalData.medicinalProduct.medicinalProduct.extension","eHDSIePrescription.prescriptionClinicalData.medicinalProduct.medicinalProduct.extension","","extensions
user content","",0,*,"","","","Extension {[]} {[]}
","Additional content defined by implementations","May be used to represent additional information that is not part of the basic definition of the element. To make the use of extensions safe and manageable, there is a strict set of governance  applied to the definition and use of extensions. Though any implementer can define an extension, there is a set of requirements that SHALL be met as part of the definition of the extension.","There can be no stigma associated with the use of extensions by any application, project, or standard - regardless of the institution or jurisdiction that uses or defines the extensions.  The use of extensions is what allows the FHIR specification to retain a core level of simplicity for everyone.","","","","","","","","",,,,,"","value:url}
","Extensions are always sliced by (at least) url",,"open","Element.extension",0,*,"","ele-1:All FHIR elements must have a @value or children {hasValue() or (children().count() > id.count())}
ext-1:Must have either extensions or value[x], not both {extension.exists() != value.exists()}","n/a"
"eHDSIePrescription.prescriptionClinicalData.medicinalProduct.medicinalProduct.modifierExtension","eHDSIePrescription.prescriptionClinicalData.medicinalProduct.medicinalProduct.modifierExtension","","extensions
user contentmodifiers","",0,*,"","Y","Y","Extension {[]} {[]}
","Extensions that cannot be ignored even if unrecognized","May be used to represent additional information that is not part of the basic definition of the element and that modifies the understanding of the element in which it is contained and/or the understanding of the containing element's descendants. Usually modifier elements provide negation or qualification. To make the use of extensions safe and manageable, there is a strict set of governance applied to the definition and use of extensions. Though any implementer can define an extension, there is a set of requirements that SHALL be met as part of the definition of the extension. Applications processing a resource are required to check for modifier extensions.

Modifier extensions SHALL NOT change the meaning of any elements on Resource or DomainResource (including cannot change the meaning of modifierExtension itself).","There can be no stigma associated with the use of extensions by any application, project, or standard - regardless of the institution or jurisdiction that uses or defines the extensions.  The use of extensions is what allows the FHIR specification to retain a core level of simplicity for everyone.","Modifier extensions allow for extensions that *cannot* be safely ignored to be clearly distinguished from the vast majority of extensions which can be safely ignored.  This promotes interoperability by eliminating the need for implementers to prohibit the presence of extensions. For further information, see the [definition of modifier extensions](http://hl7.org/fhir/R4/extensibility.html#modifierExtension).","","","","","","","",,,,,"",,,,"BackboneElement.modifierExtension",0,*,"","ele-1:All FHIR elements must have a @value or children {hasValue() or (children().count() > id.count())}
ext-1:Must have either extensions or value[x], not both {extension.exists() != value.exists()}","N/A"
"eHDSIePrescription.prescriptionClinicalData.medicinalProduct.medicinalProduct.identifier","eHDSIePrescription.prescriptionClinicalData.medicinalProduct.medicinalProduct.identifier","","","",0,1,"","","","Element {[CanonicalType[http://profiles.ihe.net/PHARM/ihe.pharm.mpd/StructureDefinition/ST]]} {[]}
","Medicinal Product Identifier","Identifier of a medicinal product refers to the product inside the package, not the packaged item as such.","","","","","","","","","",,,,,"",,,,"eHDSIePrescription.prescriptionClinicalData.medicinalProduct.medicinalProduct.identifier",0,1,"",""
"eHDSIePrescription.prescriptionClinicalData.medicinalProduct.medicinalProduct.brandName","eHDSIePrescription.prescriptionClinicalData.medicinalProduct.medicinalProduct.brandName","","","",0,1,"","","","Element {[CanonicalType[http://profiles.ihe.net/PHARM/ihe.pharm.mpd/StructureDefinition/Untyped]]} {[]}
","Medicinal Product Brand Name","The name, which may be either an invented name not liable to confusion with the common name, or a common or scientific name accompanied by a trade mark or the name of the marketing authorization holder","","","","","","","","","",,,,,"",,,,"eHDSIePrescription.prescriptionClinicalData.medicinalProduct.medicinalProduct.brandName",0,1,"",""
"eHDSIePrescription.prescriptionClinicalData.medicinalProduct.medicinalProduct.Classification","eHDSIePrescription.prescriptionClinicalData.medicinalProduct.medicinalProduct.Classification","","","",0,1,"","","","Element {[CanonicalType[http://profiles.ihe.net/PHARM/ihe.pharm.mpd/StructureDefinition/Untyped]]} {[]}
","Medicinal Product Classification","Standardized code corresponding to the product classification","","","","","","","","","",,,,,"",,,,"eHDSIePrescription.prescriptionClinicalData.medicinalProduct.medicinalProduct.Classification",0,1,"",""
"eHDSIePrescription.prescriptionClinicalData.medicinalProduct.medicinalProduct.activeIngredients","eHDSIePrescription.prescriptionClinicalData.medicinalProduct.medicinalProduct.activeIngredients","","","",0,1,"","","","Element {[CanonicalType[http://profiles.ihe.net/PHARM/ihe.pharm.mpd/StructureDefinition/Untyped]]} {[]}
","Active Ingredient(s)","Substance that alone or in combination with one or more other ingredients produces the intended activity of a medicinal product. Country of treatment translates (does not change) the active ingredient from Country of affiliation to Country of treatment units (single concept), but it is the same active ingredient.","","","","","","","","","",,,,,"",,,,"eHDSIePrescription.prescriptionClinicalData.medicinalProduct.medicinalProduct.activeIngredients",0,1,"","ele-1:All FHIR elements must have a @value or children {hasValue() or (children().count() > id.count())}
"
"eHDSIePrescription.prescriptionClinicalData.medicinalProduct.medicinalProduct.activeIngredients.id","eHDSIePrescription.prescriptionClinicalData.medicinalProduct.medicinalProduct.activeIngredients.id","","","",0,1,"","","","string {[]} {[]}
","Unique id for inter-element referencing","Unique id for the element within a resource (for internal references). This may be any string value that does not contain spaces.","","","","","","","","","",,,,,"",,,,"Element.id",0,1,"","","n/a"
"eHDSIePrescription.prescriptionClinicalData.medicinalProduct.medicinalProduct.activeIngredients.extension","eHDSIePrescription.prescriptionClinicalData.medicinalProduct.medicinalProduct.activeIngredients.extension","","extensions
user content","",0,*,"","","","Extension {[]} {[]}
","Additional content defined by implementations","May be used to represent additional information that is not part of the basic definition of the element. To make the use of extensions safe and manageable, there is a strict set of governance  applied to the definition and use of extensions. Though any implementer can define an extension, there is a set of requirements that SHALL be met as part of the definition of the extension.","There can be no stigma associated with the use of extensions by any application, project, or standard - regardless of the institution or jurisdiction that uses or defines the extensions.  The use of extensions is what allows the FHIR specification to retain a core level of simplicity for everyone.","","","","","","","","",,,,,"","value:url}
","Extensions are always sliced by (at least) url",,"open","Element.extension",0,*,"","ele-1:All FHIR elements must have a @value or children {hasValue() or (children().count() > id.count())}
ext-1:Must have either extensions or value[x], not both {extension.exists() != value.exists()}","n/a"
"eHDSIePrescription.prescriptionClinicalData.medicinalProduct.medicinalProduct.activeIngredients.substance","eHDSIePrescription.prescriptionClinicalData.medicinalProduct.medicinalProduct.activeIngredients.substance","","","",0,1,"","","","Element {[CanonicalType[http://profiles.ihe.net/PHARM/ihe.pharm.mpd/StructureDefinition/Untyped]]} {[]}
","","","","","","","","","","","",,,,,"",,,,"eHDSIePrescription.prescriptionClinicalData.medicinalProduct.medicinalProduct.activeIngredients.substance",0,1,"",""
"eHDSIePrescription.prescriptionClinicalData.medicinalProduct.medicinalProduct.activeIngredients.role","eHDSIePrescription.prescriptionClinicalData.medicinalProduct.medicinalProduct.activeIngredients.role","","","",0,1,"","","","Element {[CanonicalType[http://profiles.ihe.net/PHARM/ihe.pharm.mpd/StructureDefinition/Untyped]]} {[]}
","","","","","","","","","","","",,,,,"",,,,"eHDSIePrescription.prescriptionClinicalData.medicinalProduct.medicinalProduct.activeIngredients.role",0,1,"",""
"eHDSIePrescription.prescriptionClinicalData.medicinalProduct.medicinalProduct.activeIngredients.strength","eHDSIePrescription.prescriptionClinicalData.medicinalProduct.medicinalProduct.activeIngredients.strength","","","",0,1,"","","","Element {[CanonicalType[http://profiles.ihe.net/PHARM/ihe.pharm.mpd/StructureDefinition/Untyped]]} {[]}
","","","","","","","","","","","",,,,,"",,,,"eHDSIePrescription.prescriptionClinicalData.medicinalProduct.medicinalProduct.activeIngredients.strength",0,1,"",""
"eHDSIePrescription.prescriptionClinicalData.medicinalProduct.medicinalProduct.activeIngredients.pharmDoseForm","eHDSIePrescription.prescriptionClinicalData.medicinalProduct.medicinalProduct.activeIngredients.pharmDoseForm","","","",0,1,"","","","Element {[CanonicalType[http://profiles.ihe.net/PHARM/ihe.pharm.mpd/StructureDefinition/Untyped]]} {[]}
","","","","","","","","","","","",,,,,"",,,,"eHDSIePrescription.prescriptionClinicalData.medicinalProduct.medicinalProduct.activeIngredients.pharmDoseForm",0,1,"",""
"eHDSIePrescription.prescriptionClinicalData.medicinalProduct.package","eHDSIePrescription.prescriptionClinicalData.medicinalProduct.package","","","",0,1,"","","","BackboneElement {[CanonicalType[http://profiles.ihe.net/PHARM/ihe.pharm.mpd/StructureDefinition/Class]]} {[]}
","","","","","","","","","","","",,,,,"",,,,"eHDSIePrescription.prescriptionClinicalData.medicinalProduct.package",0,1,"","ele-1:All FHIR elements must have a @value or children {hasValue() or (children().count() > id.count())}
"
"eHDSIePrescription.prescriptionClinicalData.medicinalProduct.package.id","eHDSIePrescription.prescriptionClinicalData.medicinalProduct.package.id","","","",0,1,"","","","string {[]} {[]}
","Unique id for inter-element referencing","Unique id for the element within a resource (for internal references). This may be any string value that does not contain spaces.","","","","","","","","","",,,,,"",,,,"Element.id",0,1,"","","n/a"
"eHDSIePrescription.prescriptionClinicalData.medicinalProduct.package.extension","eHDSIePrescription.prescriptionClinicalData.medicinalProduct.package.extension","","extensions
user content","",0,*,"","","","Extension {[]} {[]}
","Additional content defined by implementations","May be used to represent additional information that is not part of the basic definition of the element. To make the use of extensions safe and manageable, there is a strict set of governance  applied to the definition and use of extensions. Though any implementer can define an extension, there is a set of requirements that SHALL be met as part of the definition of the extension.","There can be no stigma associated with the use of extensions by any application, project, or standard - regardless of the institution or jurisdiction that uses or defines the extensions.  The use of extensions is what allows the FHIR specification to retain a core level of simplicity for everyone.","","","","","","","","",,,,,"","value:url}
","Extensions are always sliced by (at least) url",,"open","Element.extension",0,*,"","ele-1:All FHIR elements must have a @value or children {hasValue() or (children().count() > id.count())}
ext-1:Must have either extensions or value[x], not both {extension.exists() != value.exists()}","n/a"
"eHDSIePrescription.prescriptionClinicalData.medicinalProduct.package.modifierExtension","eHDSIePrescription.prescriptionClinicalData.medicinalProduct.package.modifierExtension","","extensions
user contentmodifiers","",0,*,"","Y","Y","Extension {[]} {[]}
","Extensions that cannot be ignored even if unrecognized","May be used to represent additional information that is not part of the basic definition of the element and that modifies the understanding of the element in which it is contained and/or the understanding of the containing element's descendants. Usually modifier elements provide negation or qualification. To make the use of extensions safe and manageable, there is a strict set of governance applied to the definition and use of extensions. Though any implementer can define an extension, there is a set of requirements that SHALL be met as part of the definition of the extension. Applications processing a resource are required to check for modifier extensions.

Modifier extensions SHALL NOT change the meaning of any elements on Resource or DomainResource (including cannot change the meaning of modifierExtension itself).","There can be no stigma associated with the use of extensions by any application, project, or standard - regardless of the institution or jurisdiction that uses or defines the extensions.  The use of extensions is what allows the FHIR specification to retain a core level of simplicity for everyone.","Modifier extensions allow for extensions that *cannot* be safely ignored to be clearly distinguished from the vast majority of extensions which can be safely ignored.  This promotes interoperability by eliminating the need for implementers to prohibit the presence of extensions. For further information, see the [definition of modifier extensions](http://hl7.org/fhir/R4/extensibility.html#modifierExtension).","","","","","","","",,,,,"",,,,"BackboneElement.modifierExtension",0,*,"","ele-1:All FHIR elements must have a @value or children {hasValue() or (children().count() > id.count())}
ext-1:Must have either extensions or value[x], not both {extension.exists() != value.exists()}","N/A"
"eHDSIePrescription.prescriptionClinicalData.medicinalProduct.package.packageDescription","eHDSIePrescription.prescriptionClinicalData.medicinalProduct.package.packageDescription","","","",0,1,"","","","Element {[CanonicalType[http://profiles.ihe.net/PHARM/ihe.pharm.mpd/StructureDefinition/Untyped]]} {[]}
","","","","","","","","","","","",,,,,"",,,,"eHDSIePrescription.prescriptionClinicalData.medicinalProduct.package.packageDescription",0,1,"",""
"eHDSIePrescription.prescriptionClinicalData.medicinalProduct.package.packageId","eHDSIePrescription.prescriptionClinicalData.medicinalProduct.package.packageId","","","",0,1,"","","","Element {[CanonicalType[http://profiles.ihe.net/PHARM/ihe.pharm.mpd/StructureDefinition/Untyped]]} {[]}
","","","","","","","","","","","",,,,,"",,,,"eHDSIePrescription.prescriptionClinicalData.medicinalProduct.package.packageId",0,1,"",""
"eHDSIePrescription.prescriptionClinicalData.medicinalProduct.package.packageType","eHDSIePrescription.prescriptionClinicalData.medicinalProduct.package.packageType","","","",0,1,"","","","Element {[CanonicalType[http://profiles.ihe.net/PHARM/ihe.pharm.mpd/StructureDefinition/Untyped]]} {[]}
","","","","","","","","","","","",,,,,"",,,,"eHDSIePrescription.prescriptionClinicalData.medicinalProduct.package.packageType",0,1,"",""
"eHDSIePrescription.prescriptionClinicalData.medicinalProduct.package.packageSize","eHDSIePrescription.prescriptionClinicalData.medicinalProduct.package.packageSize","","","",0,1,"","","","Element {[CanonicalType[http://profiles.ihe.net/PHARM/ihe.pharm.mpd/StructureDefinition/Untyped]]} {[]}
","","","","","","","","","","","",,,,,"",,,,"eHDSIePrescription.prescriptionClinicalData.medicinalProduct.package.packageSize",0,1,"",""
"eHDSIePrescription.prescriptionClinicalData.medicinalProduct.package.package","eHDSIePrescription.prescriptionClinicalData.medicinalProduct.package.package","","","",0,1,"","","","Element {[CanonicalType[http://profiles.ihe.net/PHARM/ihe.pharm.mpd/StructureDefinition/Untyped]]} {[]}
","","","","","","","","","","","",,,,,"",,,,"eHDSIePrescription.prescriptionClinicalData.medicinalProduct.package.package",0,1,"",""
"eHDSIePrescription.prescriptionClinicalData.medicinalProduct.routeOfAdministration","eHDSIePrescription.prescriptionClinicalData.medicinalProduct.routeOfAdministration","","","",0,1,"","","","Element {[CanonicalType[http://profiles.ihe.net/PHARM/ihe.pharm.mpd/StructureDefinition/Untyped]]} {[]}
","","","","","","","","","","","",,,,,"",,,,"eHDSIePrescription.prescriptionClinicalData.medicinalProduct.routeOfAdministration",0,1,"",""
"eHDSIePrescription.prescriptionClinicalData.medicinalProduct.marketingAuthorizationHolder","eHDSIePrescription.prescriptionClinicalData.medicinalProduct.marketingAuthorizationHolder","","","",0,1,"","","","Element {[CanonicalType[http://profiles.ihe.net/PHARM/ihe.pharm.mpd/StructureDefinition/Untyped]]} {[]}
","","","","","","","","","","","",,,,,"",,,,"eHDSIePrescription.prescriptionClinicalData.medicinalProduct.marketingAuthorizationHolder",0,1,"",""
"eHDSIePrescription.prescriptionClinicalData.medicinalProduct.substitution","eHDSIePrescription.prescriptionClinicalData.medicinalProduct.substitution","","","",0,1,"","","","Element {[CanonicalType[http://profiles.ihe.net/PHARM/ihe.pharm.mpd/StructureDefinition/Untyped]]} {[]}
","","","","","","","","","","","",,,,,"",,,,"eHDSIePrescription.prescriptionClinicalData.medicinalProduct.substitution",0,1,"",""
"eHDSIePrescription.prescriptionClinicalData.medicinalProduct.numberOfPackages","eHDSIePrescription.prescriptionClinicalData.medicinalProduct.numberOfPackages","","","",0,1,"","","","Element {[CanonicalType[http://profiles.ihe.net/PHARM/ihe.pharm.mpd/StructureDefinition/Untyped]]} {[]}
","","","","","","","","","","","",,,,,"",,,,"eHDSIePrescription.prescriptionClinicalData.medicinalProduct.numberOfPackages",0,1,"",""
"eHDSIePrescription.prescriptionClinicalData.medicinalProduct.posology","eHDSIePrescription.prescriptionClinicalData.medicinalProduct.posology","","","",0,1,"","","","BackboneElement {[CanonicalType[http://profiles.ihe.net/PHARM/ihe.pharm.mpd/StructureDefinition/Class]]} {[]}
","","","","","","","","","","","",,,,,"",,,,"eHDSIePrescription.prescriptionClinicalData.medicinalProduct.posology",0,1,"","ele-1:All FHIR elements must have a @value or children {hasValue() or (children().count() > id.count())}
"
"eHDSIePrescription.prescriptionClinicalData.medicinalProduct.posology.id","eHDSIePrescription.prescriptionClinicalData.medicinalProduct.posology.id","","","",0,1,"","","","string {[]} {[]}
","Unique id for inter-element referencing","Unique id for the element within a resource (for internal references). This may be any string value that does not contain spaces.","","","","","","","","","",,,,,"",,,,"Element.id",0,1,"","","n/a"
"eHDSIePrescription.prescriptionClinicalData.medicinalProduct.posology.extension","eHDSIePrescription.prescriptionClinicalData.medicinalProduct.posology.extension","","extensions
user content","",0,*,"","","","Extension {[]} {[]}
","Additional content defined by implementations","May be used to represent additional information that is not part of the basic definition of the element. To make the use of extensions safe and manageable, there is a strict set of governance  applied to the definition and use of extensions. Though any implementer can define an extension, there is a set of requirements that SHALL be met as part of the definition of the extension.","There can be no stigma associated with the use of extensions by any application, project, or standard - regardless of the institution or jurisdiction that uses or defines the extensions.  The use of extensions is what allows the FHIR specification to retain a core level of simplicity for everyone.","","","","","","","","",,,,,"","value:url}
","Extensions are always sliced by (at least) url",,"open","Element.extension",0,*,"","ele-1:All FHIR elements must have a @value or children {hasValue() or (children().count() > id.count())}
ext-1:Must have either extensions or value[x], not both {extension.exists() != value.exists()}","n/a"
"eHDSIePrescription.prescriptionClinicalData.medicinalProduct.posology.modifierExtension","eHDSIePrescription.prescriptionClinicalData.medicinalProduct.posology.modifierExtension","","extensions
user contentmodifiers","",0,*,"","Y","Y","Extension {[]} {[]}
","Extensions that cannot be ignored even if unrecognized","May be used to represent additional information that is not part of the basic definition of the element and that modifies the understanding of the element in which it is contained and/or the understanding of the containing element's descendants. Usually modifier elements provide negation or qualification. To make the use of extensions safe and manageable, there is a strict set of governance applied to the definition and use of extensions. Though any implementer can define an extension, there is a set of requirements that SHALL be met as part of the definition of the extension. Applications processing a resource are required to check for modifier extensions.

Modifier extensions SHALL NOT change the meaning of any elements on Resource or DomainResource (including cannot change the meaning of modifierExtension itself).","There can be no stigma associated with the use of extensions by any application, project, or standard - regardless of the institution or jurisdiction that uses or defines the extensions.  The use of extensions is what allows the FHIR specification to retain a core level of simplicity for everyone.","Modifier extensions allow for extensions that *cannot* be safely ignored to be clearly distinguished from the vast majority of extensions which can be safely ignored.  This promotes interoperability by eliminating the need for implementers to prohibit the presence of extensions. For further information, see the [definition of modifier extensions](http://hl7.org/fhir/R4/extensibility.html#modifierExtension).","","","","","","","",,,,,"",,,,"BackboneElement.modifierExtension",0,*,"","ele-1:All FHIR elements must have a @value or children {hasValue() or (children().count() > id.count())}
ext-1:Must have either extensions or value[x], not both {extension.exists() != value.exists()}","N/A"
"eHDSIePrescription.prescriptionClinicalData.medicinalProduct.posology.posologyInstructions","eHDSIePrescription.prescriptionClinicalData.medicinalProduct.posology.posologyInstructions","","","",0,1,"","","","Element {[CanonicalType[http://profiles.ihe.net/PHARM/ihe.pharm.mpd/StructureDefinition/Untyped]]} {[]}
","","","","","","","","","","","",,,,,"",,,,"eHDSIePrescription.prescriptionClinicalData.medicinalProduct.posology.posologyInstructions",0,1,"",""
"eHDSIePrescription.prescriptionClinicalData.medicinalProduct.posology.unitsPerIntake","eHDSIePrescription.prescriptionClinicalData.medicinalProduct.posology.unitsPerIntake","","","",0,1,"","","","Element {[CanonicalType[http://profiles.ihe.net/PHARM/ihe.pharm.mpd/StructureDefinition/Untyped]]} {[]}
","","","","","","","","","","","",,,,,"",,,,"eHDSIePrescription.prescriptionClinicalData.medicinalProduct.posology.unitsPerIntake",0,1,"",""
"eHDSIePrescription.prescriptionClinicalData.medicinalProduct.posology.frequencyOfIntakes","eHDSIePrescription.prescriptionClinicalData.medicinalProduct.posology.frequencyOfIntakes","","","",0,1,"","","","Element {[CanonicalType[http://profiles.ihe.net/PHARM/ihe.pharm.mpd/StructureDefinition/Untyped]]} {[]}
","","","","","","","","","","","",,,,,"",,,,"eHDSIePrescription.prescriptionClinicalData.medicinalProduct.posology.frequencyOfIntakes",0,1,"",""
"eHDSIePrescription.prescriptionClinicalData.medicinalProduct.posology.timingOfIntakes","eHDSIePrescription.prescriptionClinicalData.medicinalProduct.posology.timingOfIntakes","","","",0,1,"","","","Element {[CanonicalType[http://profiles.ihe.net/PHARM/ihe.pharm.mpd/StructureDefinition/Untyped]]} {[]}
","","","","","","","","","","","",,,,,"",,,,"eHDSIePrescription.prescriptionClinicalData.medicinalProduct.posology.timingOfIntakes",0,1,"",""
"eHDSIePrescription.prescriptionClinicalData.medicinalProduct.posology.durationOfTreatment","eHDSIePrescription.prescriptionClinicalData.medicinalProduct.posology.durationOfTreatment","","","",0,1,"","","","Element {[CanonicalType[http://profiles.ihe.net/PHARM/ihe.pharm.mpd/StructureDefinition/Untyped]]} {[]}
","","","","","","","","","","","",,,,,"",,,,"eHDSIePrescription.prescriptionClinicalData.medicinalProduct.posology.durationOfTreatment",0,1,"",""
"eHDSIePrescription.prescriptionData","eHDSIePrescription.prescriptionData","","","",0,1,"","","","BackboneElement {[CanonicalType[http://profiles.ihe.net/PHARM/ihe.pharm.mpd/StructureDefinition/Class]]} {[]}
","","","","","","","","","","","",,,,,"",,,,"eHDSIePrescription.prescriptionData",0,1,"","ele-1:All FHIR elements must have a @value or children {hasValue() or (children().count() > id.count())}
"
"eHDSIePrescription.prescriptionData.id","eHDSIePrescription.prescriptionData.id","","","",0,1,"","","","string {[]} {[]}
","Unique id for inter-element referencing","Unique id for the element within a resource (for internal references). This may be any string value that does not contain spaces.","","","","","","","","","",,,,,"",,,,"Element.id",0,1,"","","n/a"
"eHDSIePrescription.prescriptionData.extension","eHDSIePrescription.prescriptionData.extension","","extensions
user content","",0,*,"","","","Extension {[]} {[]}
","Additional content defined by implementations","May be used to represent additional information that is not part of the basic definition of the element. To make the use of extensions safe and manageable, there is a strict set of governance  applied to the definition and use of extensions. Though any implementer can define an extension, there is a set of requirements that SHALL be met as part of the definition of the extension.","There can be no stigma associated with the use of extensions by any application, project, or standard - regardless of the institution or jurisdiction that uses or defines the extensions.  The use of extensions is what allows the FHIR specification to retain a core level of simplicity for everyone.","","","","","","","","",,,,,"","value:url}
","Extensions are always sliced by (at least) url",,"open","Element.extension",0,*,"","ele-1:All FHIR elements must have a @value or children {hasValue() or (children().count() > id.count())}
ext-1:Must have either extensions or value[x], not both {extension.exists() != value.exists()}","n/a"
"eHDSIePrescription.prescriptionData.modifierExtension","eHDSIePrescription.prescriptionData.modifierExtension","","extensions
user contentmodifiers","",0,*,"","Y","Y","Extension {[]} {[]}
","Extensions that cannot be ignored even if unrecognized","May be used to represent additional information that is not part of the basic definition of the element and that modifies the understanding of the element in which it is contained and/or the understanding of the containing element's descendants. Usually modifier elements provide negation or qualification. To make the use of extensions safe and manageable, there is a strict set of governance applied to the definition and use of extensions. Though any implementer can define an extension, there is a set of requirements that SHALL be met as part of the definition of the extension. Applications processing a resource are required to check for modifier extensions.

Modifier extensions SHALL NOT change the meaning of any elements on Resource or DomainResource (including cannot change the meaning of modifierExtension itself).","There can be no stigma associated with the use of extensions by any application, project, or standard - regardless of the institution or jurisdiction that uses or defines the extensions.  The use of extensions is what allows the FHIR specification to retain a core level of simplicity for everyone.","Modifier extensions allow for extensions that *cannot* be safely ignored to be clearly distinguished from the vast majority of extensions which can be safely ignored.  This promotes interoperability by eliminating the need for implementers to prohibit the presence of extensions. For further information, see the [definition of modifier extensions](http://hl7.org/fhir/R4/extensibility.html#modifierExtension).","","","","","","","",,,,,"",,,,"BackboneElement.modifierExtension",0,*,"","ele-1:All FHIR elements must have a @value or children {hasValue() or (children().count() > id.count())}
ext-1:Must have either extensions or value[x], not both {extension.exists() != value.exists()}","N/A"
"eHDSIePrescription.prescriptionData.prescription","eHDSIePrescription.prescriptionData.prescription","","","",0,1,"","","","BackboneElement {[CanonicalType[http://profiles.ihe.net/PHARM/ihe.pharm.mpd/StructureDefinition/Class]]} {[]}
","","","","","","","","","","","",,,,,"",,,,"eHDSIePrescription.prescriptionData.prescription",0,1,"","ele-1:All FHIR elements must have a @value or children {hasValue() or (children().count() > id.count())}
"
"eHDSIePrescription.prescriptionData.prescription.id","eHDSIePrescription.prescriptionData.prescription.id","","","",0,1,"","","","string {[]} {[]}
","Unique id for inter-element referencing","Unique id for the element within a resource (for internal references). This may be any string value that does not contain spaces.","","","","","","","","","",,,,,"",,,,"Element.id",0,1,"","","n/a"
"eHDSIePrescription.prescriptionData.prescription.extension","eHDSIePrescription.prescriptionData.prescription.extension","","extensions
user content","",0,*,"","","","Extension {[]} {[]}
","Additional content defined by implementations","May be used to represent additional information that is not part of the basic definition of the element. To make the use of extensions safe and manageable, there is a strict set of governance  applied to the definition and use of extensions. Though any implementer can define an extension, there is a set of requirements that SHALL be met as part of the definition of the extension.","There can be no stigma associated with the use of extensions by any application, project, or standard - regardless of the institution or jurisdiction that uses or defines the extensions.  The use of extensions is what allows the FHIR specification to retain a core level of simplicity for everyone.","","","","","","","","",,,,,"","value:url}
","Extensions are always sliced by (at least) url",,"open","Element.extension",0,*,"","ele-1:All FHIR elements must have a @value or children {hasValue() or (children().count() > id.count())}
ext-1:Must have either extensions or value[x], not both {extension.exists() != value.exists()}","n/a"
"eHDSIePrescription.prescriptionData.prescription.modifierExtension","eHDSIePrescription.prescriptionData.prescription.modifierExtension","","extensions
user contentmodifiers","",0,*,"","Y","Y","Extension {[]} {[]}
","Extensions that cannot be ignored even if unrecognized","May be used to represent additional information that is not part of the basic definition of the element and that modifies the understanding of the element in which it is contained and/or the understanding of the containing element's descendants. Usually modifier elements provide negation or qualification. To make the use of extensions safe and manageable, there is a strict set of governance applied to the definition and use of extensions. Though any implementer can define an extension, there is a set of requirements that SHALL be met as part of the definition of the extension. Applications processing a resource are required to check for modifier extensions.

Modifier extensions SHALL NOT change the meaning of any elements on Resource or DomainResource (including cannot change the meaning of modifierExtension itself).","There can be no stigma associated with the use of extensions by any application, project, or standard - regardless of the institution or jurisdiction that uses or defines the extensions.  The use of extensions is what allows the FHIR specification to retain a core level of simplicity for everyone.","Modifier extensions allow for extensions that *cannot* be safely ignored to be clearly distinguished from the vast majority of extensions which can be safely ignored.  This promotes interoperability by eliminating the need for implementers to prohibit the presence of extensions. For further information, see the [definition of modifier extensions](http://hl7.org/fhir/R4/extensibility.html#modifierExtension).","","","","","","","",,,,,"",,,,"BackboneElement.modifierExtension",0,*,"","ele-1:All FHIR elements must have a @value or children {hasValue() or (children().count() > id.count())}
ext-1:Must have either extensions or value[x], not both {extension.exists() != value.exists()}","N/A"
"eHDSIePrescription.prescriptionData.prescription.issueDate","eHDSIePrescription.prescriptionData.prescription.issueDate","","","",0,1,"","","","Element {[CanonicalType[http://profiles.ihe.net/PHARM/ihe.pharm.mpd/StructureDefinition/Untyped]]} {[]}
","","","","","","","","","","","",,,,,"",,,,"eHDSIePrescription.prescriptionData.prescription.issueDate",0,1,"",""
"eHDSIePrescription.prescriptionData.prescription.treatmentStart","eHDSIePrescription.prescriptionData.prescription.treatmentStart","","","",0,1,"","","","Element {[CanonicalType[http://profiles.ihe.net/PHARM/ihe.pharm.mpd/StructureDefinition/Untyped]]} {[]}
","","","","","","","","","","","",,,,,"",,,,"eHDSIePrescription.prescriptionData.prescription.treatmentStart",0,1,"",""
"eHDSIePrescription.prescriptionData.prescription.treatmentEnd","eHDSIePrescription.prescriptionData.prescription.treatmentEnd","","","",0,1,"","","","Element {[CanonicalType[http://profiles.ihe.net/PHARM/ihe.pharm.mpd/StructureDefinition/Untyped]]} {[]}
","","","","","","","","","","","",,,,,"",,,,"eHDSIePrescription.prescriptionData.prescription.treatmentEnd",0,1,"",""
"eHDSIePrescription.prescriptionData.prescription.patientInstructions","eHDSIePrescription.prescriptionData.prescription.patientInstructions","","","",0,1,"","","","Element {[CanonicalType[http://profiles.ihe.net/PHARM/ihe.pharm.mpd/StructureDefinition/Untyped]]} {[]}
","","","","","","","","","","","",,,,,"",,,,"eHDSIePrescription.prescriptionData.prescription.patientInstructions",0,1,"",""
"eHDSIePrescription.prescriptionData.prescription.advicetoDispenser","eHDSIePrescription.prescriptionData.prescription.advicetoDispenser","","","",0,1,"","","","Element {[CanonicalType[http://profiles.ihe.net/PHARM/ihe.pharm.mpd/StructureDefinition/Untyped]]} {[]}
","","","","","","","","","","","",,,,,"",,,,"eHDSIePrescription.prescriptionData.prescription.advicetoDispenser",0,1,"",""
"eHDSIePrescription.prescriptionData.legalEntity","eHDSIePrescription.prescriptionData.legalEntity","","","",0,1,"","","","Element {[CanonicalType[http://profiles.ihe.net/PHARM/ihe.pharm.mpd/StructureDefinition/Untyped]]} {[]}
","","","","","","","","","","","",,,,,"",,,,"eHDSIePrescription.prescriptionData.legalEntity",0,1,"",""
"eHDSIePrescription.prescriptionData.relatedDocument","eHDSIePrescription.prescriptionData.relatedDocument","","","",0,1,"","","","Element {[CanonicalType[http://profiles.ihe.net/PHARM/ihe.pharm.mpd/StructureDefinition/Untyped]]} {[]}
","","","","","","","","","","","",,,,,"",,,,"eHDSIePrescription.prescriptionData.relatedDocument",0,1,"",""
