"Id","Path","Slice Name","Alias(s)","Label","Min","Max","Must Support?","Is Modifier?","Is Summary?","Type(s)","Short","Definition","Comments","Requirements","Default Value","Meaning When Missing","Fixed Value","Pattern","Example","Minimum Value","Maximum Value","Maximum Length","Binding Strength","Binding Description","Binding Value Set","Code","Slicing Discriminator","Slicing Description","Slicing Ordered","Slicing Rules","Base Path","Base Min","Base Max","Condition(s)","Constraint(s)","Mapping: RIM Mapping"
"PrescribedProductModel","PrescribedProductModel","","","",0,*,"","","","null {[]} {[]}
","DRAFT: Medicinal Product in eP/eD","DRAFT. eP/eD/PS medicinal product as a implementation-agnostic logical model","","","","","","","","","",,,,,"",,,,"Base",0,*,"",""
"PrescribedProductModel.identifier","PrescribedProductModel.identifier","","","",0,*,"","","","BackboneElement {[CanonicalType[http://profiles.ihe.net/PHARM/ihe.pharm.mpd/StructureDefinition/Class]]} {[]}
","Identifier(s) for the product","Identifier(s) for the product","","","","","","","","","",,,,,"",,,,"PrescribedProductModel.identifier",0,*,"","ele-1:All FHIR elements must have a @value or children {hasValue() or (children().count() > id.count())}
"
"PrescribedProductModel.identifier.id","PrescribedProductModel.identifier.id","","","",0,1,"","","","string {[]} {[]}
","Unique id for inter-element referencing","Unique id for the element within a resource (for internal references). This may be any string value that does not contain spaces.","","","","","","","","","",,,,,"",,,,"Element.id",0,1,"","","n/a"
"PrescribedProductModel.identifier.extension","PrescribedProductModel.identifier.extension","","extensions
user content","",0,*,"","","","Extension {[]} {[]}
","Additional content defined by implementations","May be used to represent additional information that is not part of the basic definition of the element. To make the use of extensions safe and manageable, there is a strict set of governance  applied to the definition and use of extensions. Though any implementer can define an extension, there is a set of requirements that SHALL be met as part of the definition of the extension.","There can be no stigma associated with the use of extensions by any application, project, or standard - regardless of the institution or jurisdiction that uses or defines the extensions.  The use of extensions is what allows the FHIR specification to retain a core level of simplicity for everyone.","","","","","","","","",,,,,"","value:url}
","Extensions are always sliced by (at least) url",,"open","Element.extension",0,*,"","ele-1:All FHIR elements must have a @value or children {hasValue() or (children().count() > id.count())}
ext-1:Must have either extensions or value[x], not both {extension.exists() != value.exists()}","n/a"
"PrescribedProductModel.identifier.modifierExtension","PrescribedProductModel.identifier.modifierExtension","","extensions
user contentmodifiers","",0,*,"","Y","Y","Extension {[]} {[]}
","Extensions that cannot be ignored even if unrecognized","May be used to represent additional information that is not part of the basic definition of the element and that modifies the understanding of the element in which it is contained and/or the understanding of the containing element's descendants. Usually modifier elements provide negation or qualification. To make the use of extensions safe and manageable, there is a strict set of governance applied to the definition and use of extensions. Though any implementer can define an extension, there is a set of requirements that SHALL be met as part of the definition of the extension. Applications processing a resource are required to check for modifier extensions.

Modifier extensions SHALL NOT change the meaning of any elements on Resource or DomainResource (including cannot change the meaning of modifierExtension itself).","There can be no stigma associated with the use of extensions by any application, project, or standard - regardless of the institution or jurisdiction that uses or defines the extensions.  The use of extensions is what allows the FHIR specification to retain a core level of simplicity for everyone.","Modifier extensions allow for extensions that *cannot* be safely ignored to be clearly distinguished from the vast majority of extensions which can be safely ignored.  This promotes interoperability by eliminating the need for implementers to prohibit the presence of extensions. For further information, see the [definition of modifier extensions](http://hl7.org/fhir/R4/extensibility.html#modifierExtension).","","","","","","","",,,,,"",,,,"BackboneElement.modifierExtension",0,*,"","ele-1:All FHIR elements must have a @value or children {hasValue() or (children().count() > id.count())}
ext-1:Must have either extensions or value[x], not both {extension.exists() != value.exists()}","N/A"
"PrescribedProductModel.identifier.otherIdentifier","PrescribedProductModel.identifier.otherIdentifier","","","",0,*,"","","","Element {[CanonicalType[http://profiles.ihe.net/PHARM/ihe.pharm.mpd/StructureDefinition/II]]} {[]}
","national or any","national or any","","","","","","","","","",,,,,"",,,,"PrescribedProductModel.identifier.otherIdentifier",0,*,"","ele-1:All FHIR elements must have a @value or children {hasValue() or (children().count() > id.count())}
"
"PrescribedProductModel.identifier.otherIdentifier.id","PrescribedProductModel.identifier.otherIdentifier.id","","","",0,1,"","","","string {[]} {[]}
","Unique id for inter-element referencing","Unique id for the element within a resource (for internal references). This may be any string value that does not contain spaces.","","","","","","","","","",,,,,"",,,,"Element.id",0,1,"","","n/a"
"PrescribedProductModel.identifier.otherIdentifier.extension","PrescribedProductModel.identifier.otherIdentifier.extension","","extensions
user content","",0,*,"","","","Extension {[]} {[]}
","Additional content defined by implementations","May be used to represent additional information that is not part of the basic definition of the element. To make the use of extensions safe and manageable, there is a strict set of governance  applied to the definition and use of extensions. Though any implementer can define an extension, there is a set of requirements that SHALL be met as part of the definition of the extension.","There can be no stigma associated with the use of extensions by any application, project, or standard - regardless of the institution or jurisdiction that uses or defines the extensions.  The use of extensions is what allows the FHIR specification to retain a core level of simplicity for everyone.","","","","","","","","",,,,,"","value:url}
","Extensions are always sliced by (at least) url",,"open","Element.extension",0,*,"","ele-1:All FHIR elements must have a @value or children {hasValue() or (children().count() > id.count())}
ext-1:Must have either extensions or value[x], not both {extension.exists() != value.exists()}","n/a"
"PrescribedProductModel.identifier.otherIdentifier.type","PrescribedProductModel.identifier.otherIdentifier.type","","","",1,1,"","","","Element {[CanonicalType[http://profiles.ihe.net/PHARM/ihe.pharm.mpd/StructureDefinition/CD]]} {[]}
","Type of identifier, e.g. PCID, PhPID, MPID, VMP, VMPP, BE-VMPG...","Type of identifier, e.g. PCID, PhPID, MPID, VMP, VMPP, BE-VMPG...","","","","","","","","","",,,,,"",,,,"PrescribedProductModel.identifier.otherIdentifier.type",1,1,"",""
"PrescribedProductModel.identifier.otherIdentifier.value","PrescribedProductModel.identifier.otherIdentifier.value","","","",1,1,"","","","Element {[CanonicalType[http://profiles.ihe.net/PHARM/ihe.pharm.mpd/StructureDefinition/ST]]} {[]}
","Value of the identifier","Value of the identifier","","","","","","","","","",,,,,"",,,,"PrescribedProductModel.identifier.otherIdentifier.value",1,1,"",""
"PrescribedProductModel.marketingAuthorisationHolder","PrescribedProductModel.marketingAuthorisationHolder","","","",0,1,"","","","Element {[CanonicalType[http://profiles.ihe.net/PHARM/ihe.pharm.mpd/StructureDefinition/ST]]} {[]}
","MAH name - do we need more?","MAH name - do we need more?","","","","","","","","","",,,,,"",,,,"PrescribedProductModel.marketingAuthorisationHolder",0,1,"",""
"PrescribedProductModel.classification","PrescribedProductModel.classification","","","",0,*,"","","","BackboneElement {[CanonicalType[http://profiles.ihe.net/PHARM/ihe.pharm.mpd/StructureDefinition/Class]]} {[]}
","Classification","Classification","","","","","","","","","",,,,,"",,,,"PrescribedProductModel.classification",0,*,"","ele-1:All FHIR elements must have a @value or children {hasValue() or (children().count() > id.count())}
"
"PrescribedProductModel.classification.id","PrescribedProductModel.classification.id","","","",0,1,"","","","string {[]} {[]}
","Unique id for inter-element referencing","Unique id for the element within a resource (for internal references). This may be any string value that does not contain spaces.","","","","","","","","","",,,,,"",,,,"Element.id",0,1,"","","n/a"
"PrescribedProductModel.classification.extension","PrescribedProductModel.classification.extension","","extensions
user content","",0,*,"","","","Extension {[]} {[]}
","Additional content defined by implementations","May be used to represent additional information that is not part of the basic definition of the element. To make the use of extensions safe and manageable, there is a strict set of governance  applied to the definition and use of extensions. Though any implementer can define an extension, there is a set of requirements that SHALL be met as part of the definition of the extension.","There can be no stigma associated with the use of extensions by any application, project, or standard - regardless of the institution or jurisdiction that uses or defines the extensions.  The use of extensions is what allows the FHIR specification to retain a core level of simplicity for everyone.","","","","","","","","",,,,,"","value:url}
","Extensions are always sliced by (at least) url",,"open","Element.extension",0,*,"","ele-1:All FHIR elements must have a @value or children {hasValue() or (children().count() > id.count())}
ext-1:Must have either extensions or value[x], not both {extension.exists() != value.exists()}","n/a"
"PrescribedProductModel.classification.modifierExtension","PrescribedProductModel.classification.modifierExtension","","extensions
user contentmodifiers","",0,*,"","Y","Y","Extension {[]} {[]}
","Extensions that cannot be ignored even if unrecognized","May be used to represent additional information that is not part of the basic definition of the element and that modifies the understanding of the element in which it is contained and/or the understanding of the containing element's descendants. Usually modifier elements provide negation or qualification. To make the use of extensions safe and manageable, there is a strict set of governance applied to the definition and use of extensions. Though any implementer can define an extension, there is a set of requirements that SHALL be met as part of the definition of the extension. Applications processing a resource are required to check for modifier extensions.

Modifier extensions SHALL NOT change the meaning of any elements on Resource or DomainResource (including cannot change the meaning of modifierExtension itself).","There can be no stigma associated with the use of extensions by any application, project, or standard - regardless of the institution or jurisdiction that uses or defines the extensions.  The use of extensions is what allows the FHIR specification to retain a core level of simplicity for everyone.","Modifier extensions allow for extensions that *cannot* be safely ignored to be clearly distinguished from the vast majority of extensions which can be safely ignored.  This promotes interoperability by eliminating the need for implementers to prohibit the presence of extensions. For further information, see the [definition of modifier extensions](http://hl7.org/fhir/R4/extensibility.html#modifierExtension).","","","","","","","",,,,,"",,,,"BackboneElement.modifierExtension",0,*,"","ele-1:All FHIR elements must have a @value or children {hasValue() or (children().count() > id.count())}
ext-1:Must have either extensions or value[x], not both {extension.exists() != value.exists()}","N/A"
"PrescribedProductModel.classification.atc","PrescribedProductModel.classification.atc","","","",1,1,"","","","Element {[CanonicalType[http://profiles.ihe.net/PHARM/ihe.pharm.mpd/StructureDefinition/CD]]} {[]}
","ATC code","ATC code","","","","","","","","","",,,,,"",,,,"PrescribedProductModel.classification.atc",1,1,"",""
"PrescribedProductModel.classification.otherClasses","PrescribedProductModel.classification.otherClasses","","","",1,1,"","","","Element {[CanonicalType[http://profiles.ihe.net/PHARM/ihe.pharm.mpd/StructureDefinition/CD]]} {[]}
","ATC code","ATC code","","","","","","","","","",,,,,"",,,,"PrescribedProductModel.classification.otherClasses",1,1,"",""
"PrescribedProductModel.fullName","PrescribedProductModel.fullName","","","",0,*,"","","","Element {[CanonicalType[http://profiles.ihe.net/PHARM/ihe.pharm.mpd/StructureDefinition/ST]]} {[]}
","Name of the product","Name of the product","","","","","","","","","",,,,,"",,,,"PrescribedProductModel.fullName",0,*,"",""
"PrescribedProductModel.packSize","PrescribedProductModel.packSize","","","",1,*,"","","","Element {[CanonicalType[http://profiles.ihe.net/PHARM/ihe.pharm.mpd/StructureDefinition/QT]]} {[]}
","Overall amount (100ml; 20 tablets; 1 tube & 6 pessaries)","Overall amount (100ml; 20 tablets; 1 tube & 6 pessaries)","","","","","","","","","",,,,,"",,,,"PrescribedProductModel.packSize",1,*,"",""
"PrescribedProductModel.doseForm","PrescribedProductModel.doseForm","","","",1,1,"","","","Element {[CanonicalType[http://profiles.ihe.net/PHARM/ihe.pharm.mpd/StructureDefinition/CD]]} {[]}
","Authorised dose form for eD; authorised or pharmaceutical for eP","Authorised dose form for eD; authorised or pharmaceutical for eP","","","","","","","","","",,,,,"",,,,"PrescribedProductModel.doseForm",1,1,"",""
"PrescribedProductModel.routeOfAdministration","PrescribedProductModel.routeOfAdministration","","","",1,*,"","","","Element {[CanonicalType[http://profiles.ihe.net/PHARM/ihe.pharm.mpd/StructureDefinition/CD]]} {[]}
","Route of Administration - if we need it on product level","Route of Administration - if we need it on product level","","","","","","","","","",,,,,"",,,,"PrescribedProductModel.routeOfAdministration",1,*,"",""
"PrescribedProductModel.constitution","PrescribedProductModel.constitution","","","",0,*,"","","","BackboneElement {[CanonicalType[http://profiles.ihe.net/PHARM/ihe.pharm.mpd/StructureDefinition/Class]]} {[]}
","What's in it - straight to ingredients or listing manuf items","What's in it - straight to ingredients or listing manuf items","","","","","","","","","",,,,,"",,,,"PrescribedProductModel.constitution",0,*,"","ele-1:All FHIR elements must have a @value or children {hasValue() or (children().count() > id.count())}
"
"PrescribedProductModel.constitution.id","PrescribedProductModel.constitution.id","","","",0,1,"","","","string {[]} {[]}
","Unique id for inter-element referencing","Unique id for the element within a resource (for internal references). This may be any string value that does not contain spaces.","","","","","","","","","",,,,,"",,,,"Element.id",0,1,"","","n/a"
"PrescribedProductModel.constitution.extension","PrescribedProductModel.constitution.extension","","extensions
user content","",0,*,"","","","Extension {[]} {[]}
","Additional content defined by implementations","May be used to represent additional information that is not part of the basic definition of the element. To make the use of extensions safe and manageable, there is a strict set of governance  applied to the definition and use of extensions. Though any implementer can define an extension, there is a set of requirements that SHALL be met as part of the definition of the extension.","There can be no stigma associated with the use of extensions by any application, project, or standard - regardless of the institution or jurisdiction that uses or defines the extensions.  The use of extensions is what allows the FHIR specification to retain a core level of simplicity for everyone.","","","","","","","","",,,,,"","value:url}
","Extensions are always sliced by (at least) url",,"open","Element.extension",0,*,"","ele-1:All FHIR elements must have a @value or children {hasValue() or (children().count() > id.count())}
ext-1:Must have either extensions or value[x], not both {extension.exists() != value.exists()}","n/a"
"PrescribedProductModel.constitution.modifierExtension","PrescribedProductModel.constitution.modifierExtension","","extensions
user contentmodifiers","",0,*,"","Y","Y","Extension {[]} {[]}
","Extensions that cannot be ignored even if unrecognized","May be used to represent additional information that is not part of the basic definition of the element and that modifies the understanding of the element in which it is contained and/or the understanding of the containing element's descendants. Usually modifier elements provide negation or qualification. To make the use of extensions safe and manageable, there is a strict set of governance applied to the definition and use of extensions. Though any implementer can define an extension, there is a set of requirements that SHALL be met as part of the definition of the extension. Applications processing a resource are required to check for modifier extensions.

Modifier extensions SHALL NOT change the meaning of any elements on Resource or DomainResource (including cannot change the meaning of modifierExtension itself).","There can be no stigma associated with the use of extensions by any application, project, or standard - regardless of the institution or jurisdiction that uses or defines the extensions.  The use of extensions is what allows the FHIR specification to retain a core level of simplicity for everyone.","Modifier extensions allow for extensions that *cannot* be safely ignored to be clearly distinguished from the vast majority of extensions which can be safely ignored.  This promotes interoperability by eliminating the need for implementers to prohibit the presence of extensions. For further information, see the [definition of modifier extensions](http://hl7.org/fhir/R4/extensibility.html#modifierExtension).","","","","","","","",,,,,"",,,,"BackboneElement.modifierExtension",0,*,"","ele-1:All FHIR elements must have a @value or children {hasValue() or (children().count() > id.count())}
ext-1:Must have either extensions or value[x], not both {extension.exists() != value.exists()}","N/A"
"PrescribedProductModel.constitution.ingredient","PrescribedProductModel.constitution.ingredient","","","",0,*,"","","","BackboneElement {[CanonicalType[http://profiles.ihe.net/PHARM/ihe.pharm.mpd/StructureDefinition/Class]]} {[]}
","Active (/relevant?) ingredients","Active (/relevant?) ingredients","","","","","","","","","",,,,,"",,,,"PrescribedProductModel.constitution.ingredient",0,*,"","ele-1:All FHIR elements must have a @value or children {hasValue() or (children().count() > id.count())}
"
"PrescribedProductModel.constitution.ingredient.id","PrescribedProductModel.constitution.ingredient.id","","","",0,1,"","","","string {[]} {[]}
","Unique id for inter-element referencing","Unique id for the element within a resource (for internal references). This may be any string value that does not contain spaces.","","","","","","","","","",,,,,"",,,,"Element.id",0,1,"","","n/a"
"PrescribedProductModel.constitution.ingredient.extension","PrescribedProductModel.constitution.ingredient.extension","","extensions
user content","",0,*,"","","","Extension {[]} {[]}
","Additional content defined by implementations","May be used to represent additional information that is not part of the basic definition of the element. To make the use of extensions safe and manageable, there is a strict set of governance  applied to the definition and use of extensions. Though any implementer can define an extension, there is a set of requirements that SHALL be met as part of the definition of the extension.","There can be no stigma associated with the use of extensions by any application, project, or standard - regardless of the institution or jurisdiction that uses or defines the extensions.  The use of extensions is what allows the FHIR specification to retain a core level of simplicity for everyone.","","","","","","","","",,,,,"","value:url}
","Extensions are always sliced by (at least) url",,"open","Element.extension",0,*,"","ele-1:All FHIR elements must have a @value or children {hasValue() or (children().count() > id.count())}
ext-1:Must have either extensions or value[x], not both {extension.exists() != value.exists()}","n/a"
"PrescribedProductModel.constitution.ingredient.modifierExtension","PrescribedProductModel.constitution.ingredient.modifierExtension","","extensions
user contentmodifiers","",0,*,"","Y","Y","Extension {[]} {[]}
","Extensions that cannot be ignored even if unrecognized","May be used to represent additional information that is not part of the basic definition of the element and that modifies the understanding of the element in which it is contained and/or the understanding of the containing element's descendants. Usually modifier elements provide negation or qualification. To make the use of extensions safe and manageable, there is a strict set of governance applied to the definition and use of extensions. Though any implementer can define an extension, there is a set of requirements that SHALL be met as part of the definition of the extension. Applications processing a resource are required to check for modifier extensions.

Modifier extensions SHALL NOT change the meaning of any elements on Resource or DomainResource (including cannot change the meaning of modifierExtension itself).","There can be no stigma associated with the use of extensions by any application, project, or standard - regardless of the institution or jurisdiction that uses or defines the extensions.  The use of extensions is what allows the FHIR specification to retain a core level of simplicity for everyone.","Modifier extensions allow for extensions that *cannot* be safely ignored to be clearly distinguished from the vast majority of extensions which can be safely ignored.  This promotes interoperability by eliminating the need for implementers to prohibit the presence of extensions. For further information, see the [definition of modifier extensions](http://hl7.org/fhir/R4/extensibility.html#modifierExtension).","","","","","","","",,,,,"",,,,"BackboneElement.modifierExtension",0,*,"","ele-1:All FHIR elements must have a @value or children {hasValue() or (children().count() > id.count())}
ext-1:Must have either extensions or value[x], not both {extension.exists() != value.exists()}","N/A"
"PrescribedProductModel.constitution.ingredient.role","PrescribedProductModel.constitution.ingredient.role","","","",1,1,"","","","Element {[CanonicalType[http://profiles.ihe.net/PHARM/ihe.pharm.mpd/StructureDefinition/CD]]} {[]}
","Active ingredient, excipient,... If we only want active, then not needed","Active ingredient, excipient,... If we only want active, then not needed","","","","","","","","","",,,,,"",,,,"PrescribedProductModel.constitution.ingredient.role",1,1,"",""
"PrescribedProductModel.constitution.ingredient.substance","PrescribedProductModel.constitution.ingredient.substance","","","",1,1,"","","","Element {[CanonicalType[http://profiles.ihe.net/PHARM/ihe.pharm.mpd/StructureDefinition/CD]]} {[]}
","Substance","Substance","","","","","","","","","",,,,,"",,,,"PrescribedProductModel.constitution.ingredient.substance",1,1,"",""
"PrescribedProductModel.constitution.ingredient.strengthInfo","PrescribedProductModel.constitution.ingredient.strengthInfo","","","",1,*,"","","","BackboneElement {[CanonicalType[http://profiles.ihe.net/PHARM/ihe.pharm.mpd/StructureDefinition/Class]]} {[]}
","Concentration or presentation strength","Concentration or presentation strength","","","","","","","","","",,,,,"",,,,"PrescribedProductModel.constitution.ingredient.strengthInfo",1,*,"","ele-1:All FHIR elements must have a @value or children {hasValue() or (children().count() > id.count())}
"
"PrescribedProductModel.constitution.ingredient.strengthInfo.id","PrescribedProductModel.constitution.ingredient.strengthInfo.id","","","",0,1,"","","","string {[]} {[]}
","Unique id for inter-element referencing","Unique id for the element within a resource (for internal references). This may be any string value that does not contain spaces.","","","","","","","","","",,,,,"",,,,"Element.id",0,1,"","","n/a"
"PrescribedProductModel.constitution.ingredient.strengthInfo.extension","PrescribedProductModel.constitution.ingredient.strengthInfo.extension","","extensions
user content","",0,*,"","","","Extension {[]} {[]}
","Additional content defined by implementations","May be used to represent additional information that is not part of the basic definition of the element. To make the use of extensions safe and manageable, there is a strict set of governance  applied to the definition and use of extensions. Though any implementer can define an extension, there is a set of requirements that SHALL be met as part of the definition of the extension.","There can be no stigma associated with the use of extensions by any application, project, or standard - regardless of the institution or jurisdiction that uses or defines the extensions.  The use of extensions is what allows the FHIR specification to retain a core level of simplicity for everyone.","","","","","","","","",,,,,"","value:url}
","Extensions are always sliced by (at least) url",,"open","Element.extension",0,*,"","ele-1:All FHIR elements must have a @value or children {hasValue() or (children().count() > id.count())}
ext-1:Must have either extensions or value[x], not both {extension.exists() != value.exists()}","n/a"
"PrescribedProductModel.constitution.ingredient.strengthInfo.modifierExtension","PrescribedProductModel.constitution.ingredient.strengthInfo.modifierExtension","","extensions
user contentmodifiers","",0,*,"","Y","Y","Extension {[]} {[]}
","Extensions that cannot be ignored even if unrecognized","May be used to represent additional information that is not part of the basic definition of the element and that modifies the understanding of the element in which it is contained and/or the understanding of the containing element's descendants. Usually modifier elements provide negation or qualification. To make the use of extensions safe and manageable, there is a strict set of governance applied to the definition and use of extensions. Though any implementer can define an extension, there is a set of requirements that SHALL be met as part of the definition of the extension. Applications processing a resource are required to check for modifier extensions.

Modifier extensions SHALL NOT change the meaning of any elements on Resource or DomainResource (including cannot change the meaning of modifierExtension itself).","There can be no stigma associated with the use of extensions by any application, project, or standard - regardless of the institution or jurisdiction that uses or defines the extensions.  The use of extensions is what allows the FHIR specification to retain a core level of simplicity for everyone.","Modifier extensions allow for extensions that *cannot* be safely ignored to be clearly distinguished from the vast majority of extensions which can be safely ignored.  This promotes interoperability by eliminating the need for implementers to prohibit the presence of extensions. For further information, see the [definition of modifier extensions](http://hl7.org/fhir/R4/extensibility.html#modifierExtension).","","","","","","","",,,,,"",,,,"BackboneElement.modifierExtension",0,*,"","ele-1:All FHIR elements must have a @value or children {hasValue() or (children().count() > id.count())}
ext-1:Must have either extensions or value[x], not both {extension.exists() != value.exists()}","N/A"
"PrescribedProductModel.constitution.ingredient.strengthInfo.strength","PrescribedProductModel.constitution.ingredient.strengthInfo.strength","","","",1,*,"","","","Element {[CanonicalType[http://profiles.ihe.net/PHARM/ihe.pharm.mpd/StructureDefinition/RTO]]} {[]}
","Concentration or presentation strength of the precise active ingredient","Concentration or presentation strength of the precise active ingredient","","","","","","","","","",,,,,"",,,,"PrescribedProductModel.constitution.ingredient.strengthInfo.strength",1,*,"","ele-1:All FHIR elements must have a @value or children {hasValue() or (children().count() > id.count())}
"
"PrescribedProductModel.constitution.ingredient.strengthInfo.strength.id","PrescribedProductModel.constitution.ingredient.strengthInfo.strength.id","","","",0,1,"","","","string {[]} {[]}
","Unique id for inter-element referencing","Unique id for the element within a resource (for internal references). This may be any string value that does not contain spaces.","","","","","","","","","",,,,,"",,,,"Element.id",0,1,"","","n/a"
"PrescribedProductModel.constitution.ingredient.strengthInfo.strength.extension","PrescribedProductModel.constitution.ingredient.strengthInfo.strength.extension","","extensions
user content","",0,*,"","","","Extension {[]} {[]}
","Additional content defined by implementations","May be used to represent additional information that is not part of the basic definition of the element. To make the use of extensions safe and manageable, there is a strict set of governance  applied to the definition and use of extensions. Though any implementer can define an extension, there is a set of requirements that SHALL be met as part of the definition of the extension.","There can be no stigma associated with the use of extensions by any application, project, or standard - regardless of the institution or jurisdiction that uses or defines the extensions.  The use of extensions is what allows the FHIR specification to retain a core level of simplicity for everyone.","","","","","","","","",,,,,"","value:url}
","Extensions are always sliced by (at least) url",,"open","Element.extension",0,*,"","ele-1:All FHIR elements must have a @value or children {hasValue() or (children().count() > id.count())}
ext-1:Must have either extensions or value[x], not both {extension.exists() != value.exists()}","n/a"
"PrescribedProductModel.constitution.ingredient.strengthInfo.strength.referenceStrength","PrescribedProductModel.constitution.ingredient.strengthInfo.strength.referenceStrength","","","",0,*,"","","","BackboneElement {[CanonicalType[http://profiles.ihe.net/PHARM/ihe.pharm.mpd/StructureDefinition/Class]]} {[]}
","Reference strength; according to the substance+strength type above","Reference strength; according to the substance+strength type above","","","","","","","","","",,,,,"",,,,"PrescribedProductModel.constitution.ingredient.strengthInfo.strength.referenceStrength",0,*,"","ele-1:All FHIR elements must have a @value or children {hasValue() or (children().count() > id.count())}
"
"PrescribedProductModel.constitution.ingredient.strengthInfo.strength.referenceStrength.id","PrescribedProductModel.constitution.ingredient.strengthInfo.strength.referenceStrength.id","","","",0,1,"","","","string {[]} {[]}
","Unique id for inter-element referencing","Unique id for the element within a resource (for internal references). This may be any string value that does not contain spaces.","","","","","","","","","",,,,,"",,,,"Element.id",0,1,"","","n/a"
"PrescribedProductModel.constitution.ingredient.strengthInfo.strength.referenceStrength.extension","PrescribedProductModel.constitution.ingredient.strengthInfo.strength.referenceStrength.extension","","extensions
user content","",0,*,"","","","Extension {[]} {[]}
","Additional content defined by implementations","May be used to represent additional information that is not part of the basic definition of the element. To make the use of extensions safe and manageable, there is a strict set of governance  applied to the definition and use of extensions. Though any implementer can define an extension, there is a set of requirements that SHALL be met as part of the definition of the extension.","There can be no stigma associated with the use of extensions by any application, project, or standard - regardless of the institution or jurisdiction that uses or defines the extensions.  The use of extensions is what allows the FHIR specification to retain a core level of simplicity for everyone.","","","","","","","","",,,,,"","value:url}
","Extensions are always sliced by (at least) url",,"open","Element.extension",0,*,"","ele-1:All FHIR elements must have a @value or children {hasValue() or (children().count() > id.count())}
ext-1:Must have either extensions or value[x], not both {extension.exists() != value.exists()}","n/a"
"PrescribedProductModel.constitution.ingredient.strengthInfo.strength.referenceStrength.modifierExtension","PrescribedProductModel.constitution.ingredient.strengthInfo.strength.referenceStrength.modifierExtension","","extensions
user contentmodifiers","",0,*,"","Y","Y","Extension {[]} {[]}
","Extensions that cannot be ignored even if unrecognized","May be used to represent additional information that is not part of the basic definition of the element and that modifies the understanding of the element in which it is contained and/or the understanding of the containing element's descendants. Usually modifier elements provide negation or qualification. To make the use of extensions safe and manageable, there is a strict set of governance applied to the definition and use of extensions. Though any implementer can define an extension, there is a set of requirements that SHALL be met as part of the definition of the extension. Applications processing a resource are required to check for modifier extensions.

Modifier extensions SHALL NOT change the meaning of any elements on Resource or DomainResource (including cannot change the meaning of modifierExtension itself).","There can be no stigma associated with the use of extensions by any application, project, or standard - regardless of the institution or jurisdiction that uses or defines the extensions.  The use of extensions is what allows the FHIR specification to retain a core level of simplicity for everyone.","Modifier extensions allow for extensions that *cannot* be safely ignored to be clearly distinguished from the vast majority of extensions which can be safely ignored.  This promotes interoperability by eliminating the need for implementers to prohibit the presence of extensions. For further information, see the [definition of modifier extensions](http://hl7.org/fhir/R4/extensibility.html#modifierExtension).","","","","","","","",,,,,"",,,,"BackboneElement.modifierExtension",0,*,"","ele-1:All FHIR elements must have a @value or children {hasValue() or (children().count() > id.count())}
ext-1:Must have either extensions or value[x], not both {extension.exists() != value.exists()}","N/A"
"PrescribedProductModel.constitution.ingredient.strengthInfo.strength.referenceStrength.referenceSubstance","PrescribedProductModel.constitution.ingredient.strengthInfo.strength.referenceStrength.referenceSubstance","","","",1,1,"","","","Element {[CanonicalType[http://profiles.ihe.net/PHARM/ihe.pharm.mpd/StructureDefinition/CD]]} {[]}
","Substance for reference strength","Substance for reference strength","","","","","","","","","",,,,,"",,,,"PrescribedProductModel.constitution.ingredient.strengthInfo.strength.referenceStrength.referenceSubstance",1,1,"",""
"PrescribedProductModel.constitution.ingredient.strengthInfo.strength.referenceStrength.strength","PrescribedProductModel.constitution.ingredient.strengthInfo.strength.referenceStrength.strength","","","",1,1,"","","","Element {[CanonicalType[http://profiles.ihe.net/PHARM/ihe.pharm.mpd/StructureDefinition/RTO]]} {[]}
","Reference strength","Reference strength","","","","","","","","","",,,,,"",,,,"PrescribedProductModel.constitution.ingredient.strengthInfo.strength.referenceStrength.strength",1,1,"",""
"PrescribedProductModel.contents","PrescribedProductModel.contents","","","",1,*,"","","","BackboneElement {[CanonicalType[http://profiles.ihe.net/PHARM/ihe.pharm.mpd/StructureDefinition/Class]]} {[]}
","What's in it - straight to ingredients or listing manuf items","What's in it - straight to ingredients or listing manuf items","","","","","","","","","",,,,,"",,,,"PrescribedProductModel.contents",1,*,"","ele-1:All FHIR elements must have a @value or children {hasValue() or (children().count() > id.count())}
"
"PrescribedProductModel.contents.id","PrescribedProductModel.contents.id","","","",0,1,"","","","string {[]} {[]}
","Unique id for inter-element referencing","Unique id for the element within a resource (for internal references). This may be any string value that does not contain spaces.","","","","","","","","","",,,,,"",,,,"Element.id",0,1,"","","n/a"
"PrescribedProductModel.contents.extension","PrescribedProductModel.contents.extension","","extensions
user content","",0,*,"","","","Extension {[]} {[]}
","Additional content defined by implementations","May be used to represent additional information that is not part of the basic definition of the element. To make the use of extensions safe and manageable, there is a strict set of governance  applied to the definition and use of extensions. Though any implementer can define an extension, there is a set of requirements that SHALL be met as part of the definition of the extension.","There can be no stigma associated with the use of extensions by any application, project, or standard - regardless of the institution or jurisdiction that uses or defines the extensions.  The use of extensions is what allows the FHIR specification to retain a core level of simplicity for everyone.","","","","","","","","",,,,,"","value:url}
","Extensions are always sliced by (at least) url",,"open","Element.extension",0,*,"","ele-1:All FHIR elements must have a @value or children {hasValue() or (children().count() > id.count())}
ext-1:Must have either extensions or value[x], not both {extension.exists() != value.exists()}","n/a"
"PrescribedProductModel.contents.modifierExtension","PrescribedProductModel.contents.modifierExtension","","extensions
user contentmodifiers","",0,*,"","Y","Y","Extension {[]} {[]}
","Extensions that cannot be ignored even if unrecognized","May be used to represent additional information that is not part of the basic definition of the element and that modifies the understanding of the element in which it is contained and/or the understanding of the containing element's descendants. Usually modifier elements provide negation or qualification. To make the use of extensions safe and manageable, there is a strict set of governance applied to the definition and use of extensions. Though any implementer can define an extension, there is a set of requirements that SHALL be met as part of the definition of the extension. Applications processing a resource are required to check for modifier extensions.

Modifier extensions SHALL NOT change the meaning of any elements on Resource or DomainResource (including cannot change the meaning of modifierExtension itself).","There can be no stigma associated with the use of extensions by any application, project, or standard - regardless of the institution or jurisdiction that uses or defines the extensions.  The use of extensions is what allows the FHIR specification to retain a core level of simplicity for everyone.","Modifier extensions allow for extensions that *cannot* be safely ignored to be clearly distinguished from the vast majority of extensions which can be safely ignored.  This promotes interoperability by eliminating the need for implementers to prohibit the presence of extensions. For further information, see the [definition of modifier extensions](http://hl7.org/fhir/R4/extensibility.html#modifierExtension).","","","","","","","",,,,,"",,,,"BackboneElement.modifierExtension",0,*,"","ele-1:All FHIR elements must have a @value or children {hasValue() or (children().count() > id.count())}
ext-1:Must have either extensions or value[x], not both {extension.exists() != value.exists()}","N/A"
"PrescribedProductModel.contents.packageItemQuantity","PrescribedProductModel.contents.packageItemQuantity","","","",1,1,"","","","Element {[CanonicalType[http://profiles.ihe.net/PHARM/ihe.pharm.mpd/StructureDefinition/QT]]} {[]}
","Quantity of this item in the parent product","Number of such manufactured items in this product (5 vials)","","","","","","","","","",,,,,"",,,,"PrescribedProductModel.contents.packageItemQuantity",1,1,"",""
"PrescribedProductModel.contents.item","PrescribedProductModel.contents.item","","","",0,*,"","","","BackboneElement {[CanonicalType[http://profiles.ihe.net/PHARM/ihe.pharm.mpd/StructureDefinition/Class]]} {[]}
","","","","","","","","","","","",,,,,"",,,,"PrescribedProductModel.contents.item",0,*,"","ele-1:All FHIR elements must have a @value or children {hasValue() or (children().count() > id.count())}
"
"PrescribedProductModel.contents.item.id","PrescribedProductModel.contents.item.id","","","",0,1,"","","","string {[]} {[]}
","Unique id for inter-element referencing","Unique id for the element within a resource (for internal references). This may be any string value that does not contain spaces.","","","","","","","","","",,,,,"",,,,"Element.id",0,1,"","","n/a"
"PrescribedProductModel.contents.item.extension","PrescribedProductModel.contents.item.extension","","extensions
user content","",0,*,"","","","Extension {[]} {[]}
","Additional content defined by implementations","May be used to represent additional information that is not part of the basic definition of the element. To make the use of extensions safe and manageable, there is a strict set of governance  applied to the definition and use of extensions. Though any implementer can define an extension, there is a set of requirements that SHALL be met as part of the definition of the extension.","There can be no stigma associated with the use of extensions by any application, project, or standard - regardless of the institution or jurisdiction that uses or defines the extensions.  The use of extensions is what allows the FHIR specification to retain a core level of simplicity for everyone.","","","","","","","","",,,,,"","value:url}
","Extensions are always sliced by (at least) url",,"open","Element.extension",0,*,"","ele-1:All FHIR elements must have a @value or children {hasValue() or (children().count() > id.count())}
ext-1:Must have either extensions or value[x], not both {extension.exists() != value.exists()}","n/a"
"PrescribedProductModel.contents.item.modifierExtension","PrescribedProductModel.contents.item.modifierExtension","","extensions
user contentmodifiers","",0,*,"","Y","Y","Extension {[]} {[]}
","Extensions that cannot be ignored even if unrecognized","May be used to represent additional information that is not part of the basic definition of the element and that modifies the understanding of the element in which it is contained and/or the understanding of the containing element's descendants. Usually modifier elements provide negation or qualification. To make the use of extensions safe and manageable, there is a strict set of governance applied to the definition and use of extensions. Though any implementer can define an extension, there is a set of requirements that SHALL be met as part of the definition of the extension. Applications processing a resource are required to check for modifier extensions.

Modifier extensions SHALL NOT change the meaning of any elements on Resource or DomainResource (including cannot change the meaning of modifierExtension itself).","There can be no stigma associated with the use of extensions by any application, project, or standard - regardless of the institution or jurisdiction that uses or defines the extensions.  The use of extensions is what allows the FHIR specification to retain a core level of simplicity for everyone.","Modifier extensions allow for extensions that *cannot* be safely ignored to be clearly distinguished from the vast majority of extensions which can be safely ignored.  This promotes interoperability by eliminating the need for implementers to prohibit the presence of extensions. For further information, see the [definition of modifier extensions](http://hl7.org/fhir/R4/extensibility.html#modifierExtension).","","","","","","","",,,,,"",,,,"BackboneElement.modifierExtension",0,*,"","ele-1:All FHIR elements must have a @value or children {hasValue() or (children().count() > id.count())}
ext-1:Must have either extensions or value[x], not both {extension.exists() != value.exists()}","N/A"
"PrescribedProductModel.contents.item.manufacturedMedicinalProduct","PrescribedProductModel.contents.item.manufacturedMedicinalProduct","","","",0,*,"","","","BackboneElement {[CanonicalType[http://profiles.ihe.net/PHARM/ihe.pharm.mpd/StructureDefinition/Class]]} {[]}
","","","","","","","","","","","",,,,,"",,,,"PrescribedProductModel.contents.item.manufacturedMedicinalProduct",0,*,"","ele-1:All FHIR elements must have a @value or children {hasValue() or (children().count() > id.count())}
"
"PrescribedProductModel.contents.item.manufacturedMedicinalProduct.id","PrescribedProductModel.contents.item.manufacturedMedicinalProduct.id","","","",0,1,"","","","string {[]} {[]}
","Unique id for inter-element referencing","Unique id for the element within a resource (for internal references). This may be any string value that does not contain spaces.","","","","","","","","","",,,,,"",,,,"Element.id",0,1,"","","n/a"
"PrescribedProductModel.contents.item.manufacturedMedicinalProduct.extension","PrescribedProductModel.contents.item.manufacturedMedicinalProduct.extension","","extensions
user content","",0,*,"","","","Extension {[]} {[]}
","Additional content defined by implementations","May be used to represent additional information that is not part of the basic definition of the element. To make the use of extensions safe and manageable, there is a strict set of governance  applied to the definition and use of extensions. Though any implementer can define an extension, there is a set of requirements that SHALL be met as part of the definition of the extension.","There can be no stigma associated with the use of extensions by any application, project, or standard - regardless of the institution or jurisdiction that uses or defines the extensions.  The use of extensions is what allows the FHIR specification to retain a core level of simplicity for everyone.","","","","","","","","",,,,,"","value:url}
","Extensions are always sliced by (at least) url",,"open","Element.extension",0,*,"","ele-1:All FHIR elements must have a @value or children {hasValue() or (children().count() > id.count())}
ext-1:Must have either extensions or value[x], not both {extension.exists() != value.exists()}","n/a"
"PrescribedProductModel.contents.item.manufacturedMedicinalProduct.modifierExtension","PrescribedProductModel.contents.item.manufacturedMedicinalProduct.modifierExtension","","extensions
user contentmodifiers","",0,*,"","Y","Y","Extension {[]} {[]}
","Extensions that cannot be ignored even if unrecognized","May be used to represent additional information that is not part of the basic definition of the element and that modifies the understanding of the element in which it is contained and/or the understanding of the containing element's descendants. Usually modifier elements provide negation or qualification. To make the use of extensions safe and manageable, there is a strict set of governance applied to the definition and use of extensions. Though any implementer can define an extension, there is a set of requirements that SHALL be met as part of the definition of the extension. Applications processing a resource are required to check for modifier extensions.

Modifier extensions SHALL NOT change the meaning of any elements on Resource or DomainResource (including cannot change the meaning of modifierExtension itself).","There can be no stigma associated with the use of extensions by any application, project, or standard - regardless of the institution or jurisdiction that uses or defines the extensions.  The use of extensions is what allows the FHIR specification to retain a core level of simplicity for everyone.","Modifier extensions allow for extensions that *cannot* be safely ignored to be clearly distinguished from the vast majority of extensions which can be safely ignored.  This promotes interoperability by eliminating the need for implementers to prohibit the presence of extensions. For further information, see the [definition of modifier extensions](http://hl7.org/fhir/R4/extensibility.html#modifierExtension).","","","","","","","",,,,,"",,,,"BackboneElement.modifierExtension",0,*,"","ele-1:All FHIR elements must have a @value or children {hasValue() or (children().count() > id.count())}
ext-1:Must have either extensions or value[x], not both {extension.exists() != value.exists()}","N/A"
"PrescribedProductModel.contents.item.manufacturedMedicinalProduct.unitOfPresentation","PrescribedProductModel.contents.item.manufacturedMedicinalProduct.unitOfPresentation","","","",0,*,"","","","Element {[CanonicalType[http://profiles.ihe.net/PHARM/ihe.pharm.mpd/StructureDefinition/CD]]} {[]}
","Unit of presentation for the manufactured item","Unit of presentation for the manufactured item","","","","","","","","","",,,,,"",,,,"PrescribedProductModel.contents.item.manufacturedMedicinalProduct.unitOfPresentation",0,*,"",""
"PrescribedProductModel.contents.item.manufacturedMedicinalProduct.doseForm","PrescribedProductModel.contents.item.manufacturedMedicinalProduct.doseForm","","","",1,1,"","","","Element {[CanonicalType[http://profiles.ihe.net/PHARM/ihe.pharm.mpd/StructureDefinition/CD]]} {[]}
","Manufactured item dose form","Manufactured item dose form","","","","","","","","","",,,,,"",,,,"PrescribedProductModel.contents.item.manufacturedMedicinalProduct.doseForm",1,1,"",""
"PrescribedProductModel.contents.item.manufacturedMedicinalProduct.ingredient","PrescribedProductModel.contents.item.manufacturedMedicinalProduct.ingredient","","","",0,*,"","","","BackboneElement {[CanonicalType[http://profiles.ihe.net/PHARM/ihe.pharm.mpd/StructureDefinition/Class]]} {[]}
","See Ingredient above","See Ingredient above","","","","","","","","","",,,,,"",,,,"PrescribedProductModel.contents.item.manufacturedMedicinalProduct.ingredient",0,*,"",""
"PrescribedProductModel.contents.item.manufacturedMedicinalProduct.containedQuantity","PrescribedProductModel.contents.item.manufacturedMedicinalProduct.containedQuantity","","","",0,1,"","","","Element {[CanonicalType[http://profiles.ihe.net/PHARM/ihe.pharm.mpd/StructureDefinition/QT]]} {[]}
","Amount of product in a unitOfPresentation (e.g. 3ml/vial)","Amount of product in a unitOfPresentation (e.g. 3ml/vial)","","","","","","","","","",,,,,"",,,,"PrescribedProductModel.contents.item.manufacturedMedicinalProduct.containedQuantity",0,1,"",""
"PrescribedProductModel.contents.item.device","PrescribedProductModel.contents.item.device","","","",0,*,"","","","BackboneElement {[CanonicalType[http://profiles.ihe.net/PHARM/ihe.pharm.mpd/StructureDefinition/Class]]} {[]}
","Administrative device included in the product","Administrative device included in the product","","","","","","","","","",,,,,"",,,,"PrescribedProductModel.contents.item.device",0,*,"","ele-1:All FHIR elements must have a @value or children {hasValue() or (children().count() > id.count())}
"
"PrescribedProductModel.contents.item.device.id","PrescribedProductModel.contents.item.device.id","","","",0,1,"","","","string {[]} {[]}
","Unique id for inter-element referencing","Unique id for the element within a resource (for internal references). This may be any string value that does not contain spaces.","","","","","","","","","",,,,,"",,,,"Element.id",0,1,"","","n/a"
"PrescribedProductModel.contents.item.device.extension","PrescribedProductModel.contents.item.device.extension","","extensions
user content","",0,*,"","","","Extension {[]} {[]}
","Additional content defined by implementations","May be used to represent additional information that is not part of the basic definition of the element. To make the use of extensions safe and manageable, there is a strict set of governance  applied to the definition and use of extensions. Though any implementer can define an extension, there is a set of requirements that SHALL be met as part of the definition of the extension.","There can be no stigma associated with the use of extensions by any application, project, or standard - regardless of the institution or jurisdiction that uses or defines the extensions.  The use of extensions is what allows the FHIR specification to retain a core level of simplicity for everyone.","","","","","","","","",,,,,"","value:url}
","Extensions are always sliced by (at least) url",,"open","Element.extension",0,*,"","ele-1:All FHIR elements must have a @value or children {hasValue() or (children().count() > id.count())}
ext-1:Must have either extensions or value[x], not both {extension.exists() != value.exists()}","n/a"
"PrescribedProductModel.contents.item.device.modifierExtension","PrescribedProductModel.contents.item.device.modifierExtension","","extensions
user contentmodifiers","",0,*,"","Y","Y","Extension {[]} {[]}
","Extensions that cannot be ignored even if unrecognized","May be used to represent additional information that is not part of the basic definition of the element and that modifies the understanding of the element in which it is contained and/or the understanding of the containing element's descendants. Usually modifier elements provide negation or qualification. To make the use of extensions safe and manageable, there is a strict set of governance applied to the definition and use of extensions. Though any implementer can define an extension, there is a set of requirements that SHALL be met as part of the definition of the extension. Applications processing a resource are required to check for modifier extensions.

Modifier extensions SHALL NOT change the meaning of any elements on Resource or DomainResource (including cannot change the meaning of modifierExtension itself).","There can be no stigma associated with the use of extensions by any application, project, or standard - regardless of the institution or jurisdiction that uses or defines the extensions.  The use of extensions is what allows the FHIR specification to retain a core level of simplicity for everyone.","Modifier extensions allow for extensions that *cannot* be safely ignored to be clearly distinguished from the vast majority of extensions which can be safely ignored.  This promotes interoperability by eliminating the need for implementers to prohibit the presence of extensions. For further information, see the [definition of modifier extensions](http://hl7.org/fhir/R4/extensibility.html#modifierExtension).","","","","","","","",,,,,"",,,,"BackboneElement.modifierExtension",0,*,"","ele-1:All FHIR elements must have a @value or children {hasValue() or (children().count() > id.count())}
ext-1:Must have either extensions or value[x], not both {extension.exists() != value.exists()}","N/A"
"PrescribedProductModel.contents.item.device.device","PrescribedProductModel.contents.item.device.device","","","",1,1,"","","","Element {[CanonicalType[http://profiles.ihe.net/PHARM/ihe.pharm.mpd/StructureDefinition/CD]]} {[]}
","Device coded","Device coded","","","","","","","","","",,,,,"",,,,"PrescribedProductModel.contents.item.device.device",1,1,"",""
