{"resourceType":"ImplementationGuide","id":"ihe.mpd","text":{"status":"extensions","div":"<div xmlns=\"http://www.w3.org/1999/xhtml\"><h2>IHE_MPD</h2><p>The official URL for this implementation guide is: </p><pre>http://profiles.ihe.net/PHARM/ihe.pharm.mpd/ImplementationGuide/ihe.mpd</pre><div><p>ImplementationGuide for IHE Pharmacy Medication Prescription and Delivery</p>\n</div></div>"},"url":"http://profiles.ihe.net/PHARM/ihe.pharm.mpd/ImplementationGuide/ihe.mpd","version":"0.1.0","name":"IHE_MPD","title":"Medication Prescription and Delivery (MPD)","status":"active","date":"2021-10-12T13:17:39+00:00","publisher":"Integrating the Healthcare Enterprise (IHE)","contact":[{"name":"Integrating the Healthcare Enterprise (IHE)","telecom":[{"system":"url","value":"http://ihe.net"},{"system":"email","value":"secretary@ihe.net"}]},{"name":"Jose Costa Teixeira","telecom":[{"system":"email","value":"jose.a.teixeira@gmail.com","use":"work"}]}],"description":"ImplementationGuide for IHE Pharmacy Medication Prescription and Delivery","jurisdiction":[{"coding":[{"system":"http://unstats.un.org/unsd/methods/m49/m49.htm","code":"001"}]}],"copyright":"IHE http://www.ihe.net/Governance/#Intellectual_Property","packageId":"ihe.pharm.mpd","license":"CC-BY-SA-4.0","fhirVersion":["4.0.1"],"definition":{"extension":[{"extension":[{"url":"code","valueString":"copyrightyear"},{"url":"value","valueString":"2021+"}],"url":"http://hl7.org/fhir/tools/StructureDefinition/ig-parameter"},{"extension":[{"url":"code","valueString":"releaselabel"},{"url":"value","valueString":"ci-build"}],"url":"http://hl7.org/fhir/tools/StructureDefinition/ig-parameter"},{"extension":[{"url":"code","valueString":"apply-contact"},{"url":"value","valueString":"true"}],"url":"http://hl7.org/fhir/tools/StructureDefinition/ig-parameter"},{"extension":[{"url":"code","valueString":"apply-jurisdiction"},{"url":"value","valueString":"true"}],"url":"http://hl7.org/fhir/tools/StructureDefinition/ig-parameter"},{"extension":[{"url":"code","valueString":"apply-version"},{"url":"value","valueString":"true"}],"url":"http://hl7.org/fhir/tools/StructureDefinition/ig-parameter"},{"extension":[{"url":"code","valueString":"usage-stats-opt-out"},{"url":"value","valueString":"true"}],"url":"http://hl7.org/fhir/tools/StructureDefinition/ig-parameter"},{"extension":[{"url":"code","valueString":"autoload-resources"},{"url":"value","valueString":"true"}],"url":"http://hl7.org/fhir/tools/StructureDefinition/ig-parameter"},{"extension":[{"url":"code","valueString":"path-liquid"},{"url":"value","valueString":"template/liquid"}],"url":"http://hl7.org/fhir/tools/StructureDefinition/ig-parameter"},{"extension":[{"url":"code","valueString":"path-liquid"},{"url":"value","valueString":"input/liquid"}],"url":"http://hl7.org/fhir/tools/StructureDefinition/ig-parameter"},{"extension":[{"url":"code","valueString":"path-qa"},{"url":"value","valueString":"temp/qa"}],"url":"http://hl7.org/fhir/tools/StructureDefinition/ig-parameter"},{"extension":[{"url":"code","valueString":"path-temp"},{"url":"value","valueString":"temp/pages"}],"url":"http://hl7.org/fhir/tools/StructureDefinition/ig-parameter"},{"extension":[{"url":"code","valueString":"path-output"},{"url":"value","valueString":"output"}],"url":"http://hl7.org/fhir/tools/StructureDefinition/ig-parameter"},{"extension":[{"url":"code","valueString":"path-suppressed-warnings"},{"url":"value","valueString":"input/ignoreWarnings.txt"}],"url":"http://hl7.org/fhir/tools/StructureDefinition/ig-parameter"},{"extension":[{"url":"code","valueString":"path-history"},{"url":"value","valueString":"http://profiles.ihe.net/PHARM/ihe.pharm.mpd/history.html"}],"url":"http://hl7.org/fhir/tools/StructureDefinition/ig-parameter"},{"extension":[{"url":"code","valueString":"template-html"},{"url":"value","valueString":"template-page.html"}],"url":"http://hl7.org/fhir/tools/StructureDefinition/ig-parameter"},{"extension":[{"url":"code","valueString":"template-md"},{"url":"value","valueString":"template-page-md.html"}],"url":"http://hl7.org/fhir/tools/StructureDefinition/ig-parameter"},{"extension":[{"url":"code","valueString":"apply-context"},{"url":"value","valueString":"true"}],"url":"http://hl7.org/fhir/tools/StructureDefinition/ig-parameter"},{"extension":[{"url":"code","valueString":"apply-copyright"},{"url":"value","valueString":"true"}],"url":"http://hl7.org/fhir/tools/StructureDefinition/ig-parameter"},{"extension":[{"url":"code","valueString":"apply-license"},{"url":"value","valueString":"true"}],"url":"http://hl7.org/fhir/tools/StructureDefinition/ig-parameter"},{"extension":[{"url":"code","valueString":"apply-publisher"},{"url":"value","valueString":"true"}],"url":"http://hl7.org/fhir/tools/StructureDefinition/ig-parameter"},{"extension":[{"url":"code","valueString":"active-tables"},{"url":"value","valueString":"true"}],"url":"http://hl7.org/fhir/tools/StructureDefinition/ig-parameter"}],"grouping":[{"id":"-str-logicalmodel","name":"Structures: Logical Models","description":"These define data models that represent the domain covered by this implementation guide in more business-friendly terms than the underlying FHIR resources."}],"resource":[{"extension":[{"url":"http://hl7.org/fhir/StructureDefinition/implementationguide-page","valueUri":"StructureDefinition-MedicationAdministrationHMW.html"}],"reference":{"reference":"StructureDefinition/MedicationAdministrationHMW"},"name":"[HMW] Logical Model for administration","description":"[HMW] Logical Model for administration","exampleBoolean":false,"groupingId":"-str-logicalmodel"},{"extension":[{"url":"http://hl7.org/fhir/StructureDefinition/implementationguide-page","valueUri":"StructureDefinition-MedicationDispenseHMW.html"}],"reference":{"reference":"StructureDefinition/MedicationDispenseHMW"},"name":"[HMW] Logical Model for dispense","description":"[HMW] Logical Model for dispense","exampleBoolean":false,"groupingId":"-str-logicalmodel"},{"extension":[{"url":"http://hl7.org/fhir/StructureDefinition/implementationguide-page","valueUri":"StructureDefinition-MedicationDispenseIHEPWP.html"}],"reference":{"reference":"StructureDefinition/MedicationDispenseIHEPWP"},"name":"[IHE PHARM White Paper] Logical Model for medication dispense","description":"A medication dispense relates to zero or one prescription item of one prescription. There are cases when a medication is dispensed before the prescription is created. Medications dispensed outside the context of any prescription are considered as self-prescribed by the professional who dispenses. Thus they are still attached to a pseudo-prescription. A medication dispense is issued by one pharmacy staff. It is related to zero (community use case) or one (hospital use case) encounter of care.","exampleBoolean":false,"groupingId":"-str-logicalmodel"},{"extension":[{"url":"http://hl7.org/fhir/StructureDefinition/implementationguide-page","valueUri":"StructureDefinition-MedicationOrderHMW.html"}],"reference":{"reference":"StructureDefinition/MedicationOrderHMW"},"name":"[HMW] Logical Model for medication order","description":"[HMW] Logical Model for medication order","exampleBoolean":false,"groupingId":"-str-logicalmodel"},{"extension":[{"url":"http://hl7.org/fhir/StructureDefinition/implementationguide-page","valueUri":"StructureDefinition-MedicationOrderIHEPWP.html"}],"reference":{"reference":"StructureDefinition/MedicationOrderIHEPWP"},"name":"[IHE PHARM White Paper] Logical Model for order","description":"A prescription is issued by one ordering healthcare professional for one patient, in the context of zero or one encounter (between the patient and the ordering physician and/or the healthcare institution).","exampleBoolean":false,"groupingId":"-str-logicalmodel"},{"extension":[{"url":"http://hl7.org/fhir/StructureDefinition/implementationguide-page","valueUri":"StructureDefinition-PharmaceuticalAdviceHMW.html"}],"reference":{"reference":"StructureDefinition/PharmaceuticalAdviceHMW"},"name":"[HMW] Logical Model for Pharmaceutical Advice","description":"[HMW] Logical Model for Pharmaceutical Advice","exampleBoolean":false,"groupingId":"-str-logicalmodel"},{"extension":[{"url":"http://hl7.org/fhir/StructureDefinition/implementationguide-page","valueUri":"StructureDefinition-PharmaceuticalAdviceIHEPWP.html"}],"reference":{"reference":"StructureDefinition/PharmaceuticalAdviceIHEPWP"},"name":"[IHE PHARM White Paper] Logical Model for pharmaceutical advice","description":"Pharmaceutical advice relates to one or more prescription items of one prescription. It is issued by one pharmacist. It may be associated with one or more observations.","exampleBoolean":false,"groupingId":"-str-logicalmodel"}],"page":{"nameUrl":"toc.html","title":"Table of Contents","generation":"html","page":[{"nameUrl":"index.html","title":"MPD Home","generation":"html"},{"nameUrl":"intro.html","title":"Introduction to Volume 1","generation":"markdown"},{"nameUrl":"interoperabilitymodel.html","title":"Interoperability Model","generation":"markdown"},{"nameUrl":"usecases.html","title":"Use Cases","generation":"markdown"},{"nameUrl":"overview.html","title":"Overview","generation":"markdown"},{"nameUrl":"actors_and_transactions.html","title":"Actors and Transactions","generation":"markdown"},{"nameUrl":"actor_options.html","title":"Actor Options","generation":"markdown"},{"nameUrl":"security_considerations.html","title":"Security Considerations","generation":"markdown"},{"nameUrl":"cross_profile_considerations.html","title":"Cross Profile Considerations","generation":"markdown"},{"nameUrl":"intro_2.html","title":"Introduction to Volume 2","generation":"markdown"},{"nameUrl":"error_codes.html","title":"Error Codes","generation":"markdown"},{"nameUrl":"fhir_maps.html","title":"FHIR Maps","generation":"markdown"},{"nameUrl":"testplan.html","title":"Test Plan","generation":"markdown"},{"nameUrl":"artifacts.html","title":"Artifacts Summary","generation":"html","page":[{"nameUrl":"StructureDefinition-MedicationAdministrationHMW.html","title":"[HMW] Logical Model for administration","generation":"generated"},{"nameUrl":"StructureDefinition-MedicationDispenseHMW.html","title":"[HMW] Logical Model for dispense","generation":"generated"},{"nameUrl":"StructureDefinition-MedicationDispenseIHEPWP.html","title":"[IHE PHARM White Paper] Logical Model for medication dispense","generation":"generated"},{"nameUrl":"StructureDefinition-MedicationOrderHMW.html","title":"[HMW] Logical Model for medication order","generation":"generated"},{"nameUrl":"StructureDefinition-MedicationOrderIHEPWP.html","title":"[IHE PHARM White Paper] Logical Model for order","generation":"generated"},{"nameUrl":"StructureDefinition-PharmaceuticalAdviceHMW.html","title":"[HMW] Logical Model for Pharmaceutical Advice","generation":"generated"},{"nameUrl":"StructureDefinition-PharmaceuticalAdviceIHEPWP.html","title":"[IHE PHARM White Paper] Logical Model for pharmaceutical advice","generation":"generated"}]}]},"parameter":[{"code":"path-resource","value":"input/resources"},{"code":"path-resource","value":"fsh-generated/resources"},{"code":"path-resource","value":"input/examples"},{"code":"path-pages","value":"input/pagecontent"},{"code":"path-pages","value":"fsh-generated/includes"},{"code":"path-resource","value":"input/capabilities"},{"code":"path-resource","value":"input/extensions"},{"code":"path-resource","value":"input/models"},{"code":"path-resource","value":"input/operations"},{"code":"path-resource","value":"input/profiles"},{"code":"path-resource","value":"input/vocabulary"},{"code":"path-resource","value":"input/testing"},{"code":"path-resource","value":"input/history"},{"code":"path-pages","value":"template/config"},{"code":"path-pages","value":"input/images"},{"code":"path-tx-cache","value":"input-cache/txcache"}]}}