{
  "resourceType" : "StructureDefinition",
  "id" : "MedicationAdministrationHMW",
  "text" : {
    "status" : "extensions",
    "div" : "<div xmlns=\"http://www.w3.org/1999/xhtml\"><table border=\"0\" cellpadding=\"0\" cellspacing=\"0\" style=\"border: 0px #F0F0F0 solid; font-size: 11px; font-family: verdana; vertical-align: top;\"><tr style=\"border: 1px #F0F0F0 solid; font-size: 11px; font-family: verdana; vertical-align: top\"><th style=\"vertical-align: top; text-align : left; background-color: white; border: 0px #F0F0F0 solid; padding:0px 4px 0px 4px\" class=\"hierarchy\"><a href=\"https://build.fhir.org/ig/FHIR/ig-guidance/readingIgs.html#table-views\" title=\"The logical name of the element\">Name</a></th><th style=\"vertical-align: top; text-align : left; background-color: white; border: 0px #F0F0F0 solid; padding:0px 4px 0px 4px\" class=\"hierarchy\"><a href=\"https://build.fhir.org/ig/FHIR/ig-guidance/readingIgs.html#table-views\" title=\"Information about the use of the element\">Flags</a></th><th style=\"vertical-align: top; text-align : left; background-color: white; border: 0px #F0F0F0 solid; padding:0px 4px 0px 4px\" class=\"hierarchy\"><a href=\"https://build.fhir.org/ig/FHIR/ig-guidance/readingIgs.html#table-views\" title=\"Minimum and Maximum # of times the the element can appear in the instance\">Card.</a></th><th style=\"width: 100px\" class=\"hierarchy\"><a href=\"https://build.fhir.org/ig/FHIR/ig-guidance/readingIgs.html#table-views\" title=\"Reference to the type of the element\">Type</a></th><th style=\"vertical-align: top; text-align : left; background-color: white; border: 0px #F0F0F0 solid; padding:0px 4px 0px 4px\" class=\"hierarchy\"><a href=\"https://build.fhir.org/ig/FHIR/ig-guidance/readingIgs.html#table-views\" title=\"Additional information about the element\">Description &amp; Constraints</a><span style=\"float: right\"><a href=\"https://build.fhir.org/ig/FHIR/ig-guidance/readingIgs.html#table-views\" title=\"Legend for this format\"><img src=\"http://hl7.org/fhir/R4/help16.png\" alt=\"doco\" style=\"background-color: inherit\"/></a></span></th></tr><tr style=\"border: 0px #F0F0F0 solid; padding:0px; vertical-align: top; background-color: white\"><td style=\"vertical-align: top; text-align : left; background-color: white; border: 0px #F0F0F0 solid; padding:0px 4px 0px 4px; white-space: nowrap; background-image: url(tbl_bck1.png)\" class=\"hierarchy\"><img src=\"tbl_spacer.png\" alt=\".\" style=\"background-color: inherit\" class=\"hierarchy\"/><img src=\"icon_element.gif\" alt=\".\" style=\"background-color: white; background-color: inherit\" title=\"Element\" class=\"hierarchy\"/> <a href=\"StructureDefinition-MedicationAdministrationHMW-definitions.html#MedicationAdministrationHMW\" title=\"[HMW] Logical Model for administration\">MedicationAdministrationHMW</a><a name=\"MedicationAdministrationHMW\"> </a></td><td style=\"vertical-align: top; text-align : left; background-color: white; border: 0px #F0F0F0 solid; padding:0px 4px 0px 4px\" class=\"hierarchy\"/><td style=\"vertical-align: top; text-align : left; background-color: white; border: 0px #F0F0F0 solid; padding:0px 4px 0px 4px\" class=\"hierarchy\"><span style=\"opacity: 0.5\">0</span><span style=\"opacity: 0.5\">..</span><span style=\"opacity: 0.5\">*</span></td><td style=\"vertical-align: top; text-align : left; background-color: white; border: 0px #F0F0F0 solid; padding:0px 4px 0px 4px\" class=\"hierarchy\"><a href=\"http://build.fhir.org/types.html#Base\">Base</a></td><td style=\"vertical-align: top; text-align : left; background-color: white; border: 0px #F0F0F0 solid; padding:0px 4px 0px 4px\" class=\"hierarchy\">[HMW] Logical Model for administration</td></tr>\r\n<tr style=\"border: 0px #F0F0F0 solid; padding:0px; vertical-align: top; background-color: #F7F7F7\"><td style=\"vertical-align: top; text-align : left; background-color: #F7F7F7; border: 0px #F0F0F0 solid; padding:0px 4px 0px 4px; white-space: nowrap; background-image: url(tbl_bck10.png)\" class=\"hierarchy\"><img src=\"tbl_spacer.png\" alt=\".\" style=\"background-color: inherit\" class=\"hierarchy\"/><img src=\"tbl_vjoin.png\" alt=\".\" style=\"background-color: inherit\" class=\"hierarchy\"/><img src=\"icon_datatype.gif\" alt=\".\" style=\"background-color: #F7F7F7; background-color: inherit\" title=\"Data Type\" class=\"hierarchy\"/> <a href=\"StructureDefinition-MedicationAdministrationHMW-definitions.html#MedicationAdministrationHMW.identifier\" title=\"The business identifier(s) for the medication Administration\">identifier</a><a name=\"MedicationAdministrationHMW.identifier\"> </a></td><td style=\"vertical-align: top; text-align : left; background-color: #F7F7F7; border: 0px #F0F0F0 solid; padding:0px 4px 0px 4px\" class=\"hierarchy\"/><td style=\"vertical-align: top; text-align : left; background-color: #F7F7F7; border: 0px #F0F0F0 solid; padding:0px 4px 0px 4px\" class=\"hierarchy\">0..*</td><td style=\"vertical-align: top; text-align : left; background-color: #F7F7F7; border: 0px #F0F0F0 solid; padding:0px 4px 0px 4px\" class=\"hierarchy\"><a href=\"http://hl7.org/fhir/R4/datatypes.html#Identifier\">Identifier</a></td><td style=\"vertical-align: top; text-align : left; background-color: #F7F7F7; border: 0px #F0F0F0 solid; padding:0px 4px 0px 4px\" class=\"hierarchy\">The business identifier(s) for the medication Administration<br/></td></tr>\r\n<tr style=\"border: 0px #F0F0F0 solid; padding:0px; vertical-align: top; background-color: white\"><td style=\"vertical-align: top; text-align : left; background-color: white; border: 0px #F0F0F0 solid; padding:0px 4px 0px 4px; white-space: nowrap; background-image: url(tbl_bck10.png)\" class=\"hierarchy\"><img src=\"tbl_spacer.png\" alt=\".\" style=\"background-color: inherit\" class=\"hierarchy\"/><img src=\"tbl_vjoin.png\" alt=\".\" style=\"background-color: inherit\" class=\"hierarchy\"/><img src=\"icon_primitive.png\" alt=\".\" style=\"background-color: white; background-color: inherit\" title=\"Primitive Data Type\" class=\"hierarchy\"/> <a href=\"StructureDefinition-MedicationAdministrationHMW-definitions.html#MedicationAdministrationHMW.status\" title=\"Status of the medication administration\">status</a><a name=\"MedicationAdministrationHMW.status\"> </a></td><td style=\"vertical-align: top; text-align : left; background-color: white; border: 0px #F0F0F0 solid; padding:0px 4px 0px 4px\" class=\"hierarchy\"/><td style=\"vertical-align: top; text-align : left; background-color: white; border: 0px #F0F0F0 solid; padding:0px 4px 0px 4px\" class=\"hierarchy\">1..1</td><td style=\"vertical-align: top; text-align : left; background-color: white; border: 0px #F0F0F0 solid; padding:0px 4px 0px 4px\" class=\"hierarchy\"><a href=\"http://hl7.org/fhir/R4/datatypes.html#code\">code</a></td><td style=\"vertical-align: top; text-align : left; background-color: white; border: 0px #F0F0F0 solid; padding:0px 4px 0px 4px\" class=\"hierarchy\">Status of the medication administration</td></tr>\r\n<tr style=\"border: 0px #F0F0F0 solid; padding:0px; vertical-align: top; background-color: #F7F7F7\"><td style=\"vertical-align: top; text-align : left; background-color: #F7F7F7; border: 0px #F0F0F0 solid; padding:0px 4px 0px 4px; white-space: nowrap; background-image: url(tbl_bck10.png)\" class=\"hierarchy\"><img src=\"tbl_spacer.png\" alt=\".\" style=\"background-color: inherit\" class=\"hierarchy\"/><img src=\"tbl_vjoin.png\" alt=\".\" style=\"background-color: inherit\" class=\"hierarchy\"/><img src=\"icon_datatype.gif\" alt=\".\" style=\"background-color: #F7F7F7; background-color: inherit\" title=\"Data Type\" class=\"hierarchy\"/> <a href=\"StructureDefinition-MedicationAdministrationHMW-definitions.html#MedicationAdministrationHMW.statusReason\" title=\"Reason supporting the status of the medication administration\">statusReason</a><a name=\"MedicationAdministrationHMW.statusReason\"> </a></td><td style=\"vertical-align: top; text-align : left; background-color: #F7F7F7; border: 0px #F0F0F0 solid; padding:0px 4px 0px 4px\" class=\"hierarchy\"/><td style=\"vertical-align: top; text-align : left; background-color: #F7F7F7; border: 0px #F0F0F0 solid; padding:0px 4px 0px 4px\" class=\"hierarchy\">0..*</td><td style=\"vertical-align: top; text-align : left; background-color: #F7F7F7; border: 0px #F0F0F0 solid; padding:0px 4px 0px 4px\" class=\"hierarchy\"><a href=\"http://hl7.org/fhir/R4/datatypes.html#CodeableConcept\">CodeableConcept</a></td><td style=\"vertical-align: top; text-align : left; background-color: #F7F7F7; border: 0px #F0F0F0 solid; padding:0px 4px 0px 4px\" class=\"hierarchy\">Reason supporting the status of the medication administration<br/></td></tr>\r\n<tr style=\"border: 0px #F0F0F0 solid; padding:0px; vertical-align: top; background-color: white\"><td style=\"vertical-align: top; text-align : left; background-color: white; border: 0px #F0F0F0 solid; padding:0px 4px 0px 4px; white-space: nowrap; background-image: url(tbl_bck11.png)\" class=\"hierarchy\"><img src=\"tbl_spacer.png\" alt=\".\" style=\"background-color: inherit\" class=\"hierarchy\"/><img src=\"tbl_vjoin.png\" alt=\".\" style=\"background-color: inherit\" class=\"hierarchy\"/><img src=\"icon_choice.gif\" alt=\".\" style=\"background-color: white; background-color: inherit\" title=\"Choice of Types\" class=\"hierarchy\"/> <a href=\"StructureDefinition-MedicationAdministrationHMW-definitions.html#MedicationAdministrationHMW.product[x]\" title=\"What was administered\">product[x]</a><a name=\"MedicationAdministrationHMW.product_x_\"> </a></td><td style=\"vertical-align: top; text-align : left; background-color: white; border: 0px #F0F0F0 solid; padding:0px 4px 0px 4px\" class=\"hierarchy\"/><td style=\"vertical-align: top; text-align : left; background-color: white; border: 0px #F0F0F0 solid; padding:0px 4px 0px 4px\" class=\"hierarchy\">1..1</td><td style=\"vertical-align: top; text-align : left; background-color: white; border: 0px #F0F0F0 solid; padding:0px 4px 0px 4px\" class=\"hierarchy\"/><td style=\"vertical-align: top; text-align : left; background-color: white; border: 0px #F0F0F0 solid; padding:0px 4px 0px 4px\" class=\"hierarchy\">What was administered</td></tr>\r\n<tr style=\"border: 0px #F0F0F0 solid; padding:0px; vertical-align: top; background-color: #F7F7F7\"><td style=\"vertical-align: top; text-align : left; background-color: #F7F7F7; border: 0px #F0F0F0 solid; padding:0px 4px 0px 4px; white-space: nowrap; background-image: url(tbl_bck110.png)\" class=\"hierarchy\"><img src=\"tbl_spacer.png\" alt=\".\" style=\"background-color: inherit\" class=\"hierarchy\"/><img src=\"tbl_vline.png\" alt=\".\" style=\"background-color: inherit\" class=\"hierarchy\"/><img src=\"tbl_vjoin.png\" alt=\".\" style=\"background-color: inherit\" class=\"hierarchy\"/><img src=\"icon_datatype.gif\" alt=\".\" style=\"background-color: #F7F7F7; background-color: inherit\" title=\"Data Type\" class=\"hierarchy\"/> <span title=\"Base StructureDefinition for CodeableConcept Type: A concept that may be defined by a formal reference to a terminology or ontology or may be provided by text.\">productCodeableConcept</span></td><td style=\"vertical-align: top; text-align : left; background-color: #F7F7F7; border: 0px #F0F0F0 solid; padding:0px 4px 0px 4px\" class=\"hierarchy\"/><td style=\"vertical-align: top; text-align : left; background-color: #F7F7F7; border: 0px #F0F0F0 solid; padding:0px 4px 0px 4px\" class=\"hierarchy\"></td><td style=\"vertical-align: top; text-align : left; background-color: #F7F7F7; border: 0px #F0F0F0 solid; padding:0px 4px 0px 4px\" class=\"hierarchy\"><a href=\"http://hl7.org/fhir/R4/datatypes.html#CodeableConcept\">CodeableConcept</a></td><td style=\"vertical-align: top; text-align : left; background-color: #F7F7F7; border: 0px #F0F0F0 solid; padding:0px 4px 0px 4px\" class=\"hierarchy\"/></tr>\r\n<tr style=\"border: 0px #F0F0F0 solid; padding:0px; vertical-align: top; background-color: white\"><td style=\"vertical-align: top; text-align : left; background-color: white; border: 0px #F0F0F0 solid; padding:0px 4px 0px 4px; white-space: nowrap; background-image: url(tbl_bck100.png)\" class=\"hierarchy\"><img src=\"tbl_spacer.png\" alt=\".\" style=\"background-color: inherit\" class=\"hierarchy\"/><img src=\"tbl_vline.png\" alt=\".\" style=\"background-color: inherit\" class=\"hierarchy\"/><img src=\"tbl_vjoin_end.png\" alt=\".\" style=\"background-color: inherit\" class=\"hierarchy\"/><img src=\"icon_reference.png\" alt=\".\" style=\"background-color: white; background-color: inherit\" title=\"Reference to another Resource\" class=\"hierarchy\"/> productReference</td><td style=\"vertical-align: top; text-align : left; background-color: white; border: 0px #F0F0F0 solid; padding:0px 4px 0px 4px\" class=\"hierarchy\"/><td style=\"vertical-align: top; text-align : left; background-color: white; border: 0px #F0F0F0 solid; padding:0px 4px 0px 4px\" class=\"hierarchy\"></td><td style=\"vertical-align: top; text-align : left; background-color: white; border: 0px #F0F0F0 solid; padding:0px 4px 0px 4px\" class=\"hierarchy\"><a href=\"http://hl7.org/fhir/R4/references.html#Reference\">Reference</a>(<a href=\"http://hl7.org/fhir/R4/medication.html\">Medication</a>)</td><td style=\"vertical-align: top; text-align : left; background-color: white; border: 0px #F0F0F0 solid; padding:0px 4px 0px 4px\" class=\"hierarchy\"/></tr>\r\n<tr style=\"border: 0px #F0F0F0 solid; padding:0px; vertical-align: top; background-color: #F7F7F7\"><td style=\"vertical-align: top; text-align : left; background-color: #F7F7F7; border: 0px #F0F0F0 solid; padding:0px 4px 0px 4px; white-space: nowrap; background-image: url(tbl_bck10.png)\" class=\"hierarchy\"><img src=\"tbl_spacer.png\" alt=\".\" style=\"background-color: inherit\" class=\"hierarchy\"/><img src=\"tbl_vjoin.png\" alt=\".\" style=\"background-color: inherit\" class=\"hierarchy\"/><img src=\"icon_reference.png\" alt=\".\" style=\"background-color: #F7F7F7; background-color: inherit\" title=\"Reference to another Resource\" class=\"hierarchy\"/> <a href=\"StructureDefinition-MedicationAdministrationHMW-definitions.html#MedicationAdministrationHMW.subject\" title=\"Who received medication\">subject</a><a name=\"MedicationAdministrationHMW.subject\"> </a></td><td style=\"vertical-align: top; text-align : left; background-color: #F7F7F7; border: 0px #F0F0F0 solid; padding:0px 4px 0px 4px\" class=\"hierarchy\"/><td style=\"vertical-align: top; text-align : left; background-color: #F7F7F7; border: 0px #F0F0F0 solid; padding:0px 4px 0px 4px\" class=\"hierarchy\">1..1</td><td style=\"vertical-align: top; text-align : left; background-color: #F7F7F7; border: 0px #F0F0F0 solid; padding:0px 4px 0px 4px\" class=\"hierarchy\"><a href=\"http://hl7.org/fhir/R4/references.html\">Reference</a>(<a href=\"http://hl7.org/fhir/R4/patient.html\">Patient</a>)</td><td style=\"vertical-align: top; text-align : left; background-color: #F7F7F7; border: 0px #F0F0F0 solid; padding:0px 4px 0px 4px\" class=\"hierarchy\">Who received medication</td></tr>\r\n<tr style=\"border: 0px #F0F0F0 solid; padding:0px; vertical-align: top; background-color: white\"><td style=\"vertical-align: top; text-align : left; background-color: white; border: 0px #F0F0F0 solid; padding:0px 4px 0px 4px; white-space: nowrap; background-image: url(tbl_bck10.png)\" class=\"hierarchy\"><img src=\"tbl_spacer.png\" alt=\".\" style=\"background-color: inherit\" class=\"hierarchy\"/><img src=\"tbl_vjoin.png\" alt=\".\" style=\"background-color: inherit\" class=\"hierarchy\"/><img src=\"icon_reference.png\" alt=\".\" style=\"background-color: white; background-color: inherit\" title=\"Reference to another Resource\" class=\"hierarchy\"/> <a href=\"StructureDefinition-MedicationAdministrationHMW-definitions.html#MedicationAdministrationHMW.encounter\" title=\"Encounter administered as part of\">encounter</a><a name=\"MedicationAdministrationHMW.encounter\"> </a></td><td style=\"vertical-align: top; text-align : left; background-color: white; border: 0px #F0F0F0 solid; padding:0px 4px 0px 4px\" class=\"hierarchy\"/><td style=\"vertical-align: top; text-align : left; background-color: white; border: 0px #F0F0F0 solid; padding:0px 4px 0px 4px\" class=\"hierarchy\">0..1</td><td style=\"vertical-align: top; text-align : left; background-color: white; border: 0px #F0F0F0 solid; padding:0px 4px 0px 4px\" class=\"hierarchy\"><a href=\"http://hl7.org/fhir/R4/references.html\">Reference</a>(<a href=\"http://hl7.org/fhir/R4/encounter.html\">Encounter</a>)</td><td style=\"vertical-align: top; text-align : left; background-color: white; border: 0px #F0F0F0 solid; padding:0px 4px 0px 4px\" class=\"hierarchy\">Encounter administered as part of</td></tr>\r\n<tr style=\"border: 0px #F0F0F0 solid; padding:0px; vertical-align: top; background-color: #F7F7F7\"><td style=\"vertical-align: top; text-align : left; background-color: #F7F7F7; border: 0px #F0F0F0 solid; padding:0px 4px 0px 4px; white-space: nowrap; background-image: url(tbl_bck11.png)\" class=\"hierarchy\"><img src=\"tbl_spacer.png\" alt=\".\" style=\"background-color: inherit\" class=\"hierarchy\"/><img src=\"tbl_vjoin.png\" alt=\".\" style=\"background-color: inherit\" class=\"hierarchy\"/><img src=\"icon_choice.gif\" alt=\".\" style=\"background-color: #F7F7F7; background-color: inherit\" title=\"Choice of Types\" class=\"hierarchy\"/> <a href=\"StructureDefinition-MedicationAdministrationHMW-definitions.html#MedicationAdministrationHMW.occurence[x]\" title=\"Start and end time of administration\">occurence[x]</a><a name=\"MedicationAdministrationHMW.occurence_x_\"> </a></td><td style=\"vertical-align: top; text-align : left; background-color: #F7F7F7; border: 0px #F0F0F0 solid; padding:0px 4px 0px 4px\" class=\"hierarchy\"/><td style=\"vertical-align: top; text-align : left; background-color: #F7F7F7; border: 0px #F0F0F0 solid; padding:0px 4px 0px 4px\" class=\"hierarchy\">1..1</td><td style=\"vertical-align: top; text-align : left; background-color: #F7F7F7; border: 0px #F0F0F0 solid; padding:0px 4px 0px 4px\" class=\"hierarchy\"/><td style=\"vertical-align: top; text-align : left; background-color: #F7F7F7; border: 0px #F0F0F0 solid; padding:0px 4px 0px 4px\" class=\"hierarchy\">Start and end time of administration</td></tr>\r\n<tr style=\"border: 0px #F0F0F0 solid; padding:0px; vertical-align: top; background-color: white\"><td style=\"vertical-align: top; text-align : left; background-color: white; border: 0px #F0F0F0 solid; padding:0px 4px 0px 4px; white-space: nowrap; background-image: url(tbl_bck110.png)\" class=\"hierarchy\"><img src=\"tbl_spacer.png\" alt=\".\" style=\"background-color: inherit\" class=\"hierarchy\"/><img src=\"tbl_vline.png\" alt=\".\" style=\"background-color: inherit\" class=\"hierarchy\"/><img src=\"tbl_vjoin.png\" alt=\".\" style=\"background-color: inherit\" class=\"hierarchy\"/><img src=\"icon_primitive.png\" alt=\".\" style=\"background-color: white; background-color: inherit\" title=\"Primitive Data Type\" class=\"hierarchy\"/> <span title=\"Base StructureDefinition for dateTime Type: A date, date-time or partial date (e.g. just year or year + month).  If hours and minutes are specified, a time zone SHALL be populated. The format is a union of the schema types gYear, gYearMonth, date and dateTime. Seconds must be provided due to schema type constraints but may be zero-filled and may be ignored.                 Dates SHALL be valid dates.\">occurenceDateTime</span></td><td style=\"vertical-align: top; text-align : left; background-color: white; border: 0px #F0F0F0 solid; padding:0px 4px 0px 4px\" class=\"hierarchy\"/><td style=\"vertical-align: top; text-align : left; background-color: white; border: 0px #F0F0F0 solid; padding:0px 4px 0px 4px\" class=\"hierarchy\"></td><td style=\"vertical-align: top; text-align : left; background-color: white; border: 0px #F0F0F0 solid; padding:0px 4px 0px 4px\" class=\"hierarchy\"><a href=\"http://hl7.org/fhir/R4/datatypes.html#dateTime\">dateTime</a></td><td style=\"vertical-align: top; text-align : left; background-color: white; border: 0px #F0F0F0 solid; padding:0px 4px 0px 4px\" class=\"hierarchy\"/></tr>\r\n<tr style=\"border: 0px #F0F0F0 solid; padding:0px; vertical-align: top; background-color: #F7F7F7\"><td style=\"vertical-align: top; text-align : left; background-color: #F7F7F7; border: 0px #F0F0F0 solid; padding:0px 4px 0px 4px; white-space: nowrap; background-image: url(tbl_bck100.png)\" class=\"hierarchy\"><img src=\"tbl_spacer.png\" alt=\".\" style=\"background-color: inherit\" class=\"hierarchy\"/><img src=\"tbl_vline.png\" alt=\".\" style=\"background-color: inherit\" class=\"hierarchy\"/><img src=\"tbl_vjoin_end.png\" alt=\".\" style=\"background-color: inherit\" class=\"hierarchy\"/><img src=\"icon_datatype.gif\" alt=\".\" style=\"background-color: #F7F7F7; background-color: inherit\" title=\"Data Type\" class=\"hierarchy\"/> <span title=\"Base StructureDefinition for Period Type: A time period defined by a start and end date and optionally time.\">occurencePeriod</span></td><td style=\"vertical-align: top; text-align : left; background-color: #F7F7F7; border: 0px #F0F0F0 solid; padding:0px 4px 0px 4px\" class=\"hierarchy\"/><td style=\"vertical-align: top; text-align : left; background-color: #F7F7F7; border: 0px #F0F0F0 solid; padding:0px 4px 0px 4px\" class=\"hierarchy\"></td><td style=\"vertical-align: top; text-align : left; background-color: #F7F7F7; border: 0px #F0F0F0 solid; padding:0px 4px 0px 4px\" class=\"hierarchy\"><a href=\"http://hl7.org/fhir/R4/datatypes.html#Period\">Period</a></td><td style=\"vertical-align: top; text-align : left; background-color: #F7F7F7; border: 0px #F0F0F0 solid; padding:0px 4px 0px 4px\" class=\"hierarchy\"/></tr>\r\n<tr style=\"border: 0px #F0F0F0 solid; padding:0px; vertical-align: top; background-color: white\"><td style=\"vertical-align: top; text-align : left; background-color: white; border: 0px #F0F0F0 solid; padding:0px 4px 0px 4px; white-space: nowrap; background-image: url(tbl_bck10.png)\" class=\"hierarchy\"><img src=\"tbl_spacer.png\" alt=\".\" style=\"background-color: inherit\" class=\"hierarchy\"/><img src=\"tbl_vjoin.png\" alt=\".\" style=\"background-color: inherit\" class=\"hierarchy\"/><img src=\"icon_primitive.png\" alt=\".\" style=\"background-color: white; background-color: inherit\" title=\"Primitive Data Type\" class=\"hierarchy\"/> <a href=\"StructureDefinition-MedicationAdministrationHMW-definitions.html#MedicationAdministrationHMW.recorded\" title=\"When the Medication administration was first captured in the subject's record\">recorded</a><a name=\"MedicationAdministrationHMW.recorded\"> </a></td><td style=\"vertical-align: top; text-align : left; background-color: white; border: 0px #F0F0F0 solid; padding:0px 4px 0px 4px\" class=\"hierarchy\"/><td style=\"vertical-align: top; text-align : left; background-color: white; border: 0px #F0F0F0 solid; padding:0px 4px 0px 4px\" class=\"hierarchy\">0..1</td><td style=\"vertical-align: top; text-align : left; background-color: white; border: 0px #F0F0F0 solid; padding:0px 4px 0px 4px\" class=\"hierarchy\"><a href=\"http://hl7.org/fhir/R4/datatypes.html#dateTime\">dateTime</a></td><td style=\"vertical-align: top; text-align : left; background-color: white; border: 0px #F0F0F0 solid; padding:0px 4px 0px 4px\" class=\"hierarchy\">When the Medication administration was first captured in the subject's record</td></tr>\r\n<tr style=\"border: 0px #F0F0F0 solid; padding:0px; vertical-align: top; background-color: #F7F7F7\"><td style=\"vertical-align: top; text-align : left; background-color: #F7F7F7; border: 0px #F0F0F0 solid; padding:0px 4px 0px 4px; white-space: nowrap; background-image: url(tbl_bck10.png)\" class=\"hierarchy\"><img src=\"tbl_spacer.png\" alt=\".\" style=\"background-color: inherit\" class=\"hierarchy\"/><img src=\"tbl_vjoin.png\" alt=\".\" style=\"background-color: inherit\" class=\"hierarchy\"/><img src=\"icon_datatype.gif\" alt=\".\" style=\"background-color: #F7F7F7; background-color: inherit\" title=\"Data Type\" class=\"hierarchy\"/> <a href=\"StructureDefinition-MedicationAdministrationHMW-definitions.html#MedicationAdministrationHMW.performer\" title=\"Who performed the medication administration and what they did\">performer</a><a name=\"MedicationAdministrationHMW.performer\"> </a></td><td style=\"vertical-align: top; text-align : left; background-color: #F7F7F7; border: 0px #F0F0F0 solid; padding:0px 4px 0px 4px\" class=\"hierarchy\"/><td style=\"vertical-align: top; text-align : left; background-color: #F7F7F7; border: 0px #F0F0F0 solid; padding:0px 4px 0px 4px\" class=\"hierarchy\">0..*</td><td style=\"vertical-align: top; text-align : left; background-color: #F7F7F7; border: 0px #F0F0F0 solid; padding:0px 4px 0px 4px\" class=\"hierarchy\"><a href=\"http://hl7.org/fhir/R4/datatypes.html#BackboneElement\">BackboneElement</a></td><td style=\"vertical-align: top; text-align : left; background-color: #F7F7F7; border: 0px #F0F0F0 solid; padding:0px 4px 0px 4px\" class=\"hierarchy\">Who performed the medication administration and what they did<br/></td></tr>\r\n<tr style=\"border: 0px #F0F0F0 solid; padding:0px; vertical-align: top; background-color: white\"><td style=\"vertical-align: top; text-align : left; background-color: white; border: 0px #F0F0F0 solid; padding:0px 4px 0px 4px; white-space: nowrap; background-image: url(tbl_bck11.png)\" class=\"hierarchy\"><img src=\"tbl_spacer.png\" alt=\".\" style=\"background-color: inherit\" class=\"hierarchy\"/><img src=\"tbl_vjoin.png\" alt=\".\" style=\"background-color: inherit\" class=\"hierarchy\"/><img src=\"icon_choice.gif\" alt=\".\" style=\"background-color: white; background-color: inherit\" title=\"Choice of Types\" class=\"hierarchy\"/> <a href=\"StructureDefinition-MedicationAdministrationHMW-definitions.html#MedicationAdministrationHMW.reason[x]\" title=\"Information that supports why the medication was administered\">reason[x]</a><a name=\"MedicationAdministrationHMW.reason_x_\"> </a></td><td style=\"vertical-align: top; text-align : left; background-color: white; border: 0px #F0F0F0 solid; padding:0px 4px 0px 4px\" class=\"hierarchy\"/><td style=\"vertical-align: top; text-align : left; background-color: white; border: 0px #F0F0F0 solid; padding:0px 4px 0px 4px\" class=\"hierarchy\">0..*</td><td style=\"vertical-align: top; text-align : left; background-color: white; border: 0px #F0F0F0 solid; padding:0px 4px 0px 4px\" class=\"hierarchy\"/><td style=\"vertical-align: top; text-align : left; background-color: white; border: 0px #F0F0F0 solid; padding:0px 4px 0px 4px\" class=\"hierarchy\">Information that supports why the medication was administered<br/></td></tr>\r\n<tr style=\"border: 0px #F0F0F0 solid; padding:0px; vertical-align: top; background-color: #F7F7F7\"><td style=\"vertical-align: top; text-align : left; background-color: #F7F7F7; border: 0px #F0F0F0 solid; padding:0px 4px 0px 4px; white-space: nowrap; background-image: url(tbl_bck110.png)\" class=\"hierarchy\"><img src=\"tbl_spacer.png\" alt=\".\" style=\"background-color: inherit\" class=\"hierarchy\"/><img src=\"tbl_vline.png\" alt=\".\" style=\"background-color: inherit\" class=\"hierarchy\"/><img src=\"tbl_vjoin.png\" alt=\".\" style=\"background-color: inherit\" class=\"hierarchy\"/><img src=\"icon_datatype.gif\" alt=\".\" style=\"background-color: #F7F7F7; background-color: inherit\" title=\"Data Type\" class=\"hierarchy\"/> <span title=\"Base StructureDefinition for CodeableConcept Type: A concept that may be defined by a formal reference to a terminology or ontology or may be provided by text.\">reasonCodeableConcept</span></td><td style=\"vertical-align: top; text-align : left; background-color: #F7F7F7; border: 0px #F0F0F0 solid; padding:0px 4px 0px 4px\" class=\"hierarchy\"/><td style=\"vertical-align: top; text-align : left; background-color: #F7F7F7; border: 0px #F0F0F0 solid; padding:0px 4px 0px 4px\" class=\"hierarchy\"></td><td style=\"vertical-align: top; text-align : left; background-color: #F7F7F7; border: 0px #F0F0F0 solid; padding:0px 4px 0px 4px\" class=\"hierarchy\"><a href=\"http://hl7.org/fhir/R4/datatypes.html#CodeableConcept\">CodeableConcept</a></td><td style=\"vertical-align: top; text-align : left; background-color: #F7F7F7; border: 0px #F0F0F0 solid; padding:0px 4px 0px 4px\" class=\"hierarchy\"/></tr>\r\n<tr style=\"border: 0px #F0F0F0 solid; padding:0px; vertical-align: top; background-color: white\"><td style=\"vertical-align: top; text-align : left; background-color: white; border: 0px #F0F0F0 solid; padding:0px 4px 0px 4px; white-space: nowrap; background-image: url(tbl_bck100.png)\" class=\"hierarchy\"><img src=\"tbl_spacer.png\" alt=\".\" style=\"background-color: inherit\" class=\"hierarchy\"/><img src=\"tbl_vline.png\" alt=\".\" style=\"background-color: inherit\" class=\"hierarchy\"/><img src=\"tbl_vjoin_end.png\" alt=\".\" style=\"background-color: inherit\" class=\"hierarchy\"/><img src=\"icon_reference.png\" alt=\".\" style=\"background-color: white; background-color: inherit\" title=\"Reference to another Resource\" class=\"hierarchy\"/> reasonReference</td><td style=\"vertical-align: top; text-align : left; background-color: white; border: 0px #F0F0F0 solid; padding:0px 4px 0px 4px\" class=\"hierarchy\"/><td style=\"vertical-align: top; text-align : left; background-color: white; border: 0px #F0F0F0 solid; padding:0px 4px 0px 4px\" class=\"hierarchy\"></td><td style=\"vertical-align: top; text-align : left; background-color: white; border: 0px #F0F0F0 solid; padding:0px 4px 0px 4px\" class=\"hierarchy\"><a href=\"http://hl7.org/fhir/R4/references.html#Reference\">Reference</a>(<a href=\"http://hl7.org/fhir/R4/condition.html\">Condition</a> | <a href=\"http://hl7.org/fhir/R4/observation.html\">Observation</a> | <a href=\"http://hl7.org/fhir/R4/diagnosticreport.html\">DiagnosticReport</a>)</td><td style=\"vertical-align: top; text-align : left; background-color: white; border: 0px #F0F0F0 solid; padding:0px 4px 0px 4px\" class=\"hierarchy\"/></tr>\r\n<tr style=\"border: 0px #F0F0F0 solid; padding:0px; vertical-align: top; background-color: #F7F7F7\"><td style=\"vertical-align: top; text-align : left; background-color: #F7F7F7; border: 0px #F0F0F0 solid; padding:0px 4px 0px 4px; white-space: nowrap; background-image: url(tbl_bck10.png)\" class=\"hierarchy\"><img src=\"tbl_spacer.png\" alt=\".\" style=\"background-color: inherit\" class=\"hierarchy\"/><img src=\"tbl_vjoin.png\" alt=\".\" style=\"background-color: inherit\" class=\"hierarchy\"/><img src=\"icon_reference.png\" alt=\".\" style=\"background-color: #F7F7F7; background-color: inherit\" title=\"Reference to another Resource\" class=\"hierarchy\"/> <a href=\"StructureDefinition-MedicationAdministrationHMW-definitions.html#MedicationAdministrationHMW.prescription\" title=\"Prescription for which the administration was performed against\">prescription</a><a name=\"MedicationAdministrationHMW.prescription\"> </a></td><td style=\"vertical-align: top; text-align : left; background-color: #F7F7F7; border: 0px #F0F0F0 solid; padding:0px 4px 0px 4px\" class=\"hierarchy\"/><td style=\"vertical-align: top; text-align : left; background-color: #F7F7F7; border: 0px #F0F0F0 solid; padding:0px 4px 0px 4px\" class=\"hierarchy\">0..1</td><td style=\"vertical-align: top; text-align : left; background-color: #F7F7F7; border: 0px #F0F0F0 solid; padding:0px 4px 0px 4px\" class=\"hierarchy\"><a href=\"http://hl7.org/fhir/R4/references.html\">Reference</a>(<a href=\"http://hl7.org/fhir/R4/medicationrequest.html\">MedicationRequest</a>)</td><td style=\"vertical-align: top; text-align : left; background-color: #F7F7F7; border: 0px #F0F0F0 solid; padding:0px 4px 0px 4px\" class=\"hierarchy\">Prescription for which the administration was performed against</td></tr>\r\n<tr style=\"border: 0px #F0F0F0 solid; padding:0px; vertical-align: top; background-color: white\"><td style=\"vertical-align: top; text-align : left; background-color: white; border: 0px #F0F0F0 solid; padding:0px 4px 0px 4px; white-space: nowrap; background-image: url(tbl_bck10.png)\" class=\"hierarchy\"><img src=\"tbl_spacer.png\" alt=\".\" style=\"background-color: inherit\" class=\"hierarchy\"/><img src=\"tbl_vjoin.png\" alt=\".\" style=\"background-color: inherit\" class=\"hierarchy\"/><img src=\"icon_reference.png\" alt=\".\" style=\"background-color: white; background-color: inherit\" title=\"Reference to another Resource\" class=\"hierarchy\"/> <a href=\"StructureDefinition-MedicationAdministrationHMW-definitions.html#MedicationAdministrationHMW.device\" title=\"Device used to administer\">device</a><a name=\"MedicationAdministrationHMW.device\"> </a></td><td style=\"vertical-align: top; text-align : left; background-color: white; border: 0px #F0F0F0 solid; padding:0px 4px 0px 4px\" class=\"hierarchy\"/><td style=\"vertical-align: top; text-align : left; background-color: white; border: 0px #F0F0F0 solid; padding:0px 4px 0px 4px\" class=\"hierarchy\">0..*</td><td style=\"vertical-align: top; text-align : left; background-color: white; border: 0px #F0F0F0 solid; padding:0px 4px 0px 4px\" class=\"hierarchy\"><a href=\"http://hl7.org/fhir/R4/references.html\">Reference</a>(<a href=\"http://hl7.org/fhir/R4/device.html\">Device</a>)</td><td style=\"vertical-align: top; text-align : left; background-color: white; border: 0px #F0F0F0 solid; padding:0px 4px 0px 4px\" class=\"hierarchy\">Device used to administer<br/></td></tr>\r\n<tr style=\"border: 0px #F0F0F0 solid; padding:0px; vertical-align: top; background-color: #F7F7F7\"><td style=\"vertical-align: top; text-align : left; background-color: #F7F7F7; border: 0px #F0F0F0 solid; padding:0px 4px 0px 4px; white-space: nowrap; background-image: url(tbl_bck10.png)\" class=\"hierarchy\"><img src=\"tbl_spacer.png\" alt=\".\" style=\"background-color: inherit\" class=\"hierarchy\"/><img src=\"tbl_vjoin.png\" alt=\".\" style=\"background-color: inherit\" class=\"hierarchy\"/><img src=\"icon_datatype.gif\" alt=\".\" style=\"background-color: #F7F7F7; background-color: inherit\" title=\"Data Type\" class=\"hierarchy\"/> <a href=\"StructureDefinition-MedicationAdministrationHMW-definitions.html#MedicationAdministrationHMW.note\" title=\"Further information about the administration\">note</a><a name=\"MedicationAdministrationHMW.note\"> </a></td><td style=\"vertical-align: top; text-align : left; background-color: #F7F7F7; border: 0px #F0F0F0 solid; padding:0px 4px 0px 4px\" class=\"hierarchy\"/><td style=\"vertical-align: top; text-align : left; background-color: #F7F7F7; border: 0px #F0F0F0 solid; padding:0px 4px 0px 4px\" class=\"hierarchy\">0..*</td><td style=\"vertical-align: top; text-align : left; background-color: #F7F7F7; border: 0px #F0F0F0 solid; padding:0px 4px 0px 4px\" class=\"hierarchy\"><a href=\"http://hl7.org/fhir/R4/datatypes.html#Annotation\">Annotation</a></td><td style=\"vertical-align: top; text-align : left; background-color: #F7F7F7; border: 0px #F0F0F0 solid; padding:0px 4px 0px 4px\" class=\"hierarchy\">Further information about the administration<br/></td></tr>\r\n<tr style=\"border: 0px #F0F0F0 solid; padding:0px; vertical-align: top; background-color: white\"><td style=\"vertical-align: top; text-align : left; background-color: white; border: 0px #F0F0F0 solid; padding:0px 4px 0px 4px; white-space: nowrap; background-image: url(tbl_bck10.png)\" class=\"hierarchy\"><img src=\"tbl_spacer.png\" alt=\".\" style=\"background-color: inherit\" class=\"hierarchy\"/><img src=\"tbl_vjoin.png\" alt=\".\" style=\"background-color: inherit\" class=\"hierarchy\"/><img src=\"icon_datatype.gif\" alt=\".\" style=\"background-color: white; background-color: inherit\" title=\"Data Type\" class=\"hierarchy\"/> <a href=\"StructureDefinition-MedicationAdministrationHMW-definitions.html#MedicationAdministrationHMW.dosage\" title=\"Details of how medication was administered\">dosage</a><a name=\"MedicationAdministrationHMW.dosage\"> </a></td><td style=\"vertical-align: top; text-align : left; background-color: white; border: 0px #F0F0F0 solid; padding:0px 4px 0px 4px\" class=\"hierarchy\"/><td style=\"vertical-align: top; text-align : left; background-color: white; border: 0px #F0F0F0 solid; padding:0px 4px 0px 4px\" class=\"hierarchy\">0..1</td><td style=\"vertical-align: top; text-align : left; background-color: white; border: 0px #F0F0F0 solid; padding:0px 4px 0px 4px\" class=\"hierarchy\"><a href=\"http://hl7.org/fhir/R4/datatypes.html#Dosage\">Dosage</a></td><td style=\"vertical-align: top; text-align : left; background-color: white; border: 0px #F0F0F0 solid; padding:0px 4px 0px 4px\" class=\"hierarchy\">Details of how medication was administered</td></tr>\r\n<tr style=\"border: 0px #F0F0F0 solid; padding:0px; vertical-align: top; background-color: #F7F7F7\"><td style=\"vertical-align: top; text-align : left; background-color: #F7F7F7; border: 0px #F0F0F0 solid; padding:0px 4px 0px 4px; white-space: nowrap; background-image: url(tbl_bck10.png)\" class=\"hierarchy\"><img src=\"tbl_spacer.png\" alt=\".\" style=\"background-color: inherit\" class=\"hierarchy\"/><img src=\"tbl_vjoin.png\" alt=\".\" style=\"background-color: inherit\" class=\"hierarchy\"/><img src=\"icon_primitive.png\" alt=\".\" style=\"background-color: #F7F7F7; background-color: inherit\" title=\"Primitive Data Type\" class=\"hierarchy\"/> <a href=\"StructureDefinition-MedicationAdministrationHMW-definitions.html#MedicationAdministrationHMW.location\" title=\"Where the administration was performed\">location</a><a name=\"MedicationAdministrationHMW.location\"> </a></td><td style=\"vertical-align: top; text-align : left; background-color: #F7F7F7; border: 0px #F0F0F0 solid; padding:0px 4px 0px 4px\" class=\"hierarchy\"/><td style=\"vertical-align: top; text-align : left; background-color: #F7F7F7; border: 0px #F0F0F0 solid; padding:0px 4px 0px 4px\" class=\"hierarchy\">0..1</td><td style=\"vertical-align: top; text-align : left; background-color: #F7F7F7; border: 0px #F0F0F0 solid; padding:0px 4px 0px 4px\" class=\"hierarchy\"><a href=\"http://hl7.org/fhir/R4/datatypes.html#string\">string</a></td><td style=\"vertical-align: top; text-align : left; background-color: #F7F7F7; border: 0px #F0F0F0 solid; padding:0px 4px 0px 4px\" class=\"hierarchy\">Where the administration was performed</td></tr>\r\n<tr style=\"border: 0px #F0F0F0 solid; padding:0px; vertical-align: top; background-color: white\"><td style=\"vertical-align: top; text-align : left; background-color: white; border: 0px #F0F0F0 solid; padding:0px 4px 0px 4px; white-space: nowrap; background-image: url(tbl_bck00.png)\" class=\"hierarchy\"><img src=\"tbl_spacer.png\" alt=\".\" style=\"background-color: inherit\" class=\"hierarchy\"/><img src=\"tbl_vjoin_end.png\" alt=\".\" style=\"background-color: inherit\" class=\"hierarchy\"/><img src=\"icon_primitive.png\" alt=\".\" style=\"background-color: white; background-color: inherit\" title=\"Primitive Data Type\" class=\"hierarchy\"/> <a href=\"StructureDefinition-MedicationAdministrationHMW-definitions.html#MedicationAdministrationHMW.reaction\">reaction</a><a name=\"MedicationAdministrationHMW.reaction\"> </a></td><td style=\"vertical-align: top; text-align : left; background-color: white; border: 0px #F0F0F0 solid; padding:0px 4px 0px 4px\" class=\"hierarchy\"/><td style=\"vertical-align: top; text-align : left; background-color: white; border: 0px #F0F0F0 solid; padding:0px 4px 0px 4px\" class=\"hierarchy\">0..1</td><td style=\"vertical-align: top; text-align : left; background-color: white; border: 0px #F0F0F0 solid; padding:0px 4px 0px 4px\" class=\"hierarchy\"><a href=\"http://hl7.org/fhir/R4/datatypes.html#string\">string</a></td><td style=\"vertical-align: top; text-align : left; background-color: white; border: 0px #F0F0F0 solid; padding:0px 4px 0px 4px\" class=\"hierarchy\"/></tr>\r\n<tr><td colspan=\"5\" class=\"hierarchy\"><br/><a href=\"https://build.fhir.org/ig/FHIR/ig-guidance/readingIgs.html#table-views\" title=\"Legend for this format\"><img src=\"http://hl7.org/fhir/R4/help16.png\" alt=\"doco\" style=\"background-color: inherit\"/> Documentation for this format</a></td></tr></table></div>"
  },
  "url" : "http://profiles.ihe.net/PHARM/ihe.pharm.mpd/StructureDefinition/MedicationAdministrationHMW",
  "version" : "0.1.0",
  "name" : "MedicationAdministrationHMW",
  "title" : "[HMW] Logical Model for administration",
  "status" : "active",
  "date" : "2023-02-04T16:51:07+00:00",
  "publisher" : "Integrating the Healthcare Enterprise (IHE)",
  "contact" : [{
    "name" : "Integrating the Healthcare Enterprise (IHE)",
    "telecom" : [{
      "system" : "url",
      "value" : "http://ihe.net"
    },
    {
      "system" : "email",
      "value" : "secretary@ihe.net"
    }]
  },
  {
    "name" : "Jose Costa Teixeira",
    "telecom" : [{
      "system" : "email",
      "value" : "jose.a.teixeira@gmail.com",
      "use" : "work"
    }]
  }],
  "description" : "[HMW] Logical Model for administration",
  "jurisdiction" : [{
    "coding" : [{
      "system" : "http://unstats.un.org/unsd/methods/m49/m49.htm",
      "code" : "001"
    }]
  }],
  "copyright" : "IHE http://www.ihe.net/Governance/#Intellectual_Property",
  "fhirVersion" : "4.0.1",
  "mapping" : [{
    "identity" : "rim",
    "uri" : "http://hl7.org/v3",
    "name" : "RIM Mapping"
  }],
  "kind" : "logical",
  "abstract" : false,
  "type" : "http://profiles.ihe.net/PHARM/ihe.pharm.mpd/StructureDefinition/MedicationAdministrationHMW",
  "baseDefinition" : "http://hl7.org/fhir/StructureDefinition/Base",
  "derivation" : "specialization",
  "snapshot" : {
    "element" : [{
      "id" : "MedicationAdministrationHMW",
      "path" : "MedicationAdministrationHMW",
      "short" : "[HMW] Logical Model for administration",
      "definition" : "[HMW] Logical Model for administration",
      "min" : 0,
      "max" : "*",
      "base" : {
        "path" : "Base",
        "min" : 0,
        "max" : "*"
      },
      "isModifier" : false
    },
    {
      "id" : "MedicationAdministrationHMW.identifier",
      "path" : "MedicationAdministrationHMW.identifier",
      "short" : "The business identifier(s) for the medication Administration",
      "definition" : "The business identifier(s) for the medication Administration",
      "min" : 0,
      "max" : "*",
      "base" : {
        "path" : "MedicationAdministrationHMW.identifier",
        "min" : 0,
        "max" : "*"
      },
      "type" : [{
        "code" : "Identifier"
      }]
    },
    {
      "id" : "MedicationAdministrationHMW.status",
      "path" : "MedicationAdministrationHMW.status",
      "short" : "Status of the medication administration",
      "definition" : "Status of the medication administration",
      "min" : 1,
      "max" : "1",
      "base" : {
        "path" : "MedicationAdministrationHMW.status",
        "min" : 1,
        "max" : "1"
      },
      "type" : [{
        "code" : "code"
      }]
    },
    {
      "id" : "MedicationAdministrationHMW.statusReason",
      "path" : "MedicationAdministrationHMW.statusReason",
      "short" : "Reason supporting the status of the medication administration",
      "definition" : "Reason supporting the status of the medication administration",
      "min" : 0,
      "max" : "*",
      "base" : {
        "path" : "MedicationAdministrationHMW.statusReason",
        "min" : 0,
        "max" : "*"
      },
      "type" : [{
        "code" : "CodeableConcept"
      }]
    },
    {
      "id" : "MedicationAdministrationHMW.product[x]",
      "path" : "MedicationAdministrationHMW.product[x]",
      "short" : "What was administered",
      "definition" : "What was administered",
      "min" : 1,
      "max" : "1",
      "base" : {
        "path" : "MedicationAdministrationHMW.product[x]",
        "min" : 1,
        "max" : "1"
      },
      "type" : [{
        "code" : "CodeableConcept"
      },
      {
        "code" : "Reference",
        "targetProfile" : ["http://hl7.org/fhir/StructureDefinition/Medication"]
      }]
    },
    {
      "id" : "MedicationAdministrationHMW.subject",
      "path" : "MedicationAdministrationHMW.subject",
      "short" : "Who received medication",
      "definition" : "Who received medication",
      "min" : 1,
      "max" : "1",
      "base" : {
        "path" : "MedicationAdministrationHMW.subject",
        "min" : 1,
        "max" : "1"
      },
      "type" : [{
        "code" : "Reference",
        "targetProfile" : ["http://hl7.org/fhir/StructureDefinition/Patient"]
      }]
    },
    {
      "id" : "MedicationAdministrationHMW.encounter",
      "path" : "MedicationAdministrationHMW.encounter",
      "short" : "Encounter administered as part of",
      "definition" : "Encounter administered as part of",
      "min" : 0,
      "max" : "1",
      "base" : {
        "path" : "MedicationAdministrationHMW.encounter",
        "min" : 0,
        "max" : "1"
      },
      "type" : [{
        "code" : "Reference",
        "targetProfile" : ["http://hl7.org/fhir/StructureDefinition/Encounter"]
      }]
    },
    {
      "id" : "MedicationAdministrationHMW.occurence[x]",
      "path" : "MedicationAdministrationHMW.occurence[x]",
      "short" : "Start and end time of administration",
      "definition" : "Start and end time of administration",
      "min" : 1,
      "max" : "1",
      "base" : {
        "path" : "MedicationAdministrationHMW.occurence[x]",
        "min" : 1,
        "max" : "1"
      },
      "type" : [{
        "code" : "dateTime"
      },
      {
        "code" : "Period"
      }]
    },
    {
      "id" : "MedicationAdministrationHMW.recorded",
      "path" : "MedicationAdministrationHMW.recorded",
      "short" : "When the Medication administration was first captured in the subject's record",
      "definition" : "When the Medication administration was first captured in the subject's record",
      "min" : 0,
      "max" : "1",
      "base" : {
        "path" : "MedicationAdministrationHMW.recorded",
        "min" : 0,
        "max" : "1"
      },
      "type" : [{
        "code" : "dateTime"
      }]
    },
    {
      "id" : "MedicationAdministrationHMW.performer",
      "path" : "MedicationAdministrationHMW.performer",
      "short" : "Who performed the medication administration and what they did",
      "definition" : "Who performed the medication administration and what they did",
      "min" : 0,
      "max" : "*",
      "base" : {
        "path" : "MedicationAdministrationHMW.performer",
        "min" : 0,
        "max" : "*"
      },
      "type" : [{
        "code" : "BackboneElement"
      }]
    },
    {
      "id" : "MedicationAdministrationHMW.reason[x]",
      "path" : "MedicationAdministrationHMW.reason[x]",
      "short" : "Information that supports why the medication was administered",
      "definition" : "Information that supports why the medication was administered",
      "min" : 0,
      "max" : "*",
      "base" : {
        "path" : "MedicationAdministrationHMW.reason[x]",
        "min" : 0,
        "max" : "*"
      },
      "type" : [{
        "code" : "CodeableConcept"
      },
      {
        "code" : "Reference",
        "targetProfile" : ["http://hl7.org/fhir/StructureDefinition/Condition",
        "http://hl7.org/fhir/StructureDefinition/Observation",
        "http://hl7.org/fhir/StructureDefinition/DiagnosticReport"]
      }]
    },
    {
      "id" : "MedicationAdministrationHMW.prescription",
      "path" : "MedicationAdministrationHMW.prescription",
      "short" : "Prescription for which the administration was performed against",
      "definition" : "Prescription for which the administration was performed against",
      "min" : 0,
      "max" : "1",
      "base" : {
        "path" : "MedicationAdministrationHMW.prescription",
        "min" : 0,
        "max" : "1"
      },
      "type" : [{
        "code" : "Reference",
        "targetProfile" : ["http://hl7.org/fhir/StructureDefinition/MedicationRequest"]
      }]
    },
    {
      "id" : "MedicationAdministrationHMW.device",
      "path" : "MedicationAdministrationHMW.device",
      "short" : "Device used to administer",
      "definition" : "Device used to administer",
      "min" : 0,
      "max" : "*",
      "base" : {
        "path" : "MedicationAdministrationHMW.device",
        "min" : 0,
        "max" : "*"
      },
      "type" : [{
        "code" : "Reference",
        "targetProfile" : ["http://hl7.org/fhir/StructureDefinition/Device"]
      }]
    },
    {
      "id" : "MedicationAdministrationHMW.note",
      "path" : "MedicationAdministrationHMW.note",
      "short" : "Further information about the administration",
      "definition" : "Further information about the administration",
      "min" : 0,
      "max" : "*",
      "base" : {
        "path" : "MedicationAdministrationHMW.note",
        "min" : 0,
        "max" : "*"
      },
      "type" : [{
        "code" : "Annotation"
      }]
    },
    {
      "id" : "MedicationAdministrationHMW.dosage",
      "path" : "MedicationAdministrationHMW.dosage",
      "short" : "Details of how medication was administered",
      "definition" : "Details of how medication was administered",
      "min" : 0,
      "max" : "1",
      "base" : {
        "path" : "MedicationAdministrationHMW.dosage",
        "min" : 0,
        "max" : "1"
      },
      "type" : [{
        "code" : "Dosage"
      }]
    },
    {
      "id" : "MedicationAdministrationHMW.location",
      "path" : "MedicationAdministrationHMW.location",
      "short" : "Where the administration was performed",
      "definition" : "Where the administration was performed",
      "min" : 0,
      "max" : "1",
      "base" : {
        "path" : "MedicationAdministrationHMW.location",
        "min" : 0,
        "max" : "1"
      },
      "type" : [{
        "code" : "string"
      }]
    },
    {
      "id" : "MedicationAdministrationHMW.reaction",
      "path" : "MedicationAdministrationHMW.reaction",
      "min" : 0,
      "max" : "1",
      "base" : {
        "path" : "MedicationAdministrationHMW.reaction",
        "min" : 0,
        "max" : "1"
      },
      "type" : [{
        "code" : "string"
      }]
    }]
  },
  "differential" : {
    "element" : [{
      "id" : "MedicationAdministrationHMW",
      "path" : "MedicationAdministrationHMW",
      "short" : "[HMW] Logical Model for administration",
      "definition" : "[HMW] Logical Model for administration"
    },
    {
      "id" : "MedicationAdministrationHMW.identifier",
      "path" : "MedicationAdministrationHMW.identifier",
      "short" : "The business identifier(s) for the medication Administration",
      "definition" : "The business identifier(s) for the medication Administration",
      "min" : 0,
      "max" : "*",
      "type" : [{
        "code" : "Identifier"
      }]
    },
    {
      "id" : "MedicationAdministrationHMW.status",
      "path" : "MedicationAdministrationHMW.status",
      "short" : "Status of the medication administration",
      "definition" : "Status of the medication administration",
      "min" : 1,
      "max" : "1",
      "type" : [{
        "code" : "code"
      }]
    },
    {
      "id" : "MedicationAdministrationHMW.statusReason",
      "path" : "MedicationAdministrationHMW.statusReason",
      "short" : "Reason supporting the status of the medication administration",
      "definition" : "Reason supporting the status of the medication administration",
      "min" : 0,
      "max" : "*",
      "type" : [{
        "code" : "CodeableConcept"
      }]
    },
    {
      "id" : "MedicationAdministrationHMW.product[x]",
      "path" : "MedicationAdministrationHMW.product[x]",
      "short" : "What was administered",
      "definition" : "What was administered",
      "min" : 1,
      "max" : "1",
      "type" : [{
        "code" : "CodeableConcept"
      },
      {
        "code" : "Reference",
        "targetProfile" : ["http://hl7.org/fhir/StructureDefinition/Medication"]
      }]
    },
    {
      "id" : "MedicationAdministrationHMW.subject",
      "path" : "MedicationAdministrationHMW.subject",
      "short" : "Who received medication",
      "definition" : "Who received medication",
      "min" : 1,
      "max" : "1",
      "type" : [{
        "code" : "Reference",
        "targetProfile" : ["http://hl7.org/fhir/StructureDefinition/Patient"]
      }]
    },
    {
      "id" : "MedicationAdministrationHMW.encounter",
      "path" : "MedicationAdministrationHMW.encounter",
      "short" : "Encounter administered as part of",
      "definition" : "Encounter administered as part of",
      "min" : 0,
      "max" : "1",
      "type" : [{
        "code" : "Reference",
        "targetProfile" : ["http://hl7.org/fhir/StructureDefinition/Encounter"]
      }]
    },
    {
      "id" : "MedicationAdministrationHMW.occurence[x]",
      "path" : "MedicationAdministrationHMW.occurence[x]",
      "short" : "Start and end time of administration",
      "definition" : "Start and end time of administration",
      "min" : 1,
      "max" : "1",
      "type" : [{
        "code" : "dateTime"
      },
      {
        "code" : "Period"
      }]
    },
    {
      "id" : "MedicationAdministrationHMW.recorded",
      "path" : "MedicationAdministrationHMW.recorded",
      "short" : "When the Medication administration was first captured in the subject's record",
      "definition" : "When the Medication administration was first captured in the subject's record",
      "min" : 0,
      "max" : "1",
      "type" : [{
        "code" : "dateTime"
      }]
    },
    {
      "id" : "MedicationAdministrationHMW.performer",
      "path" : "MedicationAdministrationHMW.performer",
      "short" : "Who performed the medication administration and what they did",
      "definition" : "Who performed the medication administration and what they did",
      "min" : 0,
      "max" : "*",
      "type" : [{
        "code" : "BackboneElement"
      }]
    },
    {
      "id" : "MedicationAdministrationHMW.reason[x]",
      "path" : "MedicationAdministrationHMW.reason[x]",
      "short" : "Information that supports why the medication was administered",
      "definition" : "Information that supports why the medication was administered",
      "min" : 0,
      "max" : "*",
      "type" : [{
        "code" : "CodeableConcept"
      },
      {
        "code" : "Reference",
        "targetProfile" : ["http://hl7.org/fhir/StructureDefinition/Condition",
        "http://hl7.org/fhir/StructureDefinition/Observation",
        "http://hl7.org/fhir/StructureDefinition/DiagnosticReport"]
      }]
    },
    {
      "id" : "MedicationAdministrationHMW.prescription",
      "path" : "MedicationAdministrationHMW.prescription",
      "short" : "Prescription for which the administration was performed against",
      "definition" : "Prescription for which the administration was performed against",
      "min" : 0,
      "max" : "1",
      "type" : [{
        "code" : "Reference",
        "targetProfile" : ["http://hl7.org/fhir/StructureDefinition/MedicationRequest"]
      }]
    },
    {
      "id" : "MedicationAdministrationHMW.device",
      "path" : "MedicationAdministrationHMW.device",
      "short" : "Device used to administer",
      "definition" : "Device used to administer",
      "min" : 0,
      "max" : "*",
      "type" : [{
        "code" : "Reference",
        "targetProfile" : ["http://hl7.org/fhir/StructureDefinition/Device"]
      }]
    },
    {
      "id" : "MedicationAdministrationHMW.note",
      "path" : "MedicationAdministrationHMW.note",
      "short" : "Further information about the administration",
      "definition" : "Further information about the administration",
      "min" : 0,
      "max" : "*",
      "type" : [{
        "code" : "Annotation"
      }]
    },
    {
      "id" : "MedicationAdministrationHMW.dosage",
      "path" : "MedicationAdministrationHMW.dosage",
      "short" : "Details of how medication was administered",
      "definition" : "Details of how medication was administered",
      "min" : 0,
      "max" : "1",
      "type" : [{
        "code" : "Dosage"
      }]
    },
    {
      "id" : "MedicationAdministrationHMW.location",
      "path" : "MedicationAdministrationHMW.location",
      "short" : "Where the administration was performed",
      "definition" : "Where the administration was performed",
      "min" : 0,
      "max" : "1",
      "type" : [{
        "code" : "string"
      }]
    },
    {
      "id" : "MedicationAdministrationHMW.reaction",
      "path" : "MedicationAdministrationHMW.reaction",
      "min" : 0,
      "max" : "1",
      "type" : [{
        "code" : "string"
      }]
    }]
  }
}